25-07-04 09:05:45.010 [background-preinit] [32mINFO [0;39m o.h.validator.internal.util.Version  [ |  | ] - HV000001: Hibernate Validator 8.0.1.Final
25-07-04 09:05:45.103 [main] [32mINFO [0;39m c.s.m.discodeit.DiscodeitApplication [ |  | ] - Starting DiscodeitApplication using Java 17.0.14 with PID 73593 (/Users/jasonheo/2-sprint-mission/build/classes/java/main started by jasonheo in /Users/jasonheo/2-sprint-mission)
25-07-04 09:05:45.104 [main] [32mDEBUG[0;39m c.s.m.discodeit.DiscodeitApplication [ |  | ] - Running with Spring Boot v3.4.0, Spring v6.2.0
25-07-04 09:05:45.104 [main] [32mINFO [0;39m c.s.m.discodeit.DiscodeitApplication [ |  | ] - The following 1 profile is active: "dev"
25-07-04 09:05:46.670 [main] [32mINFO [0;39m o.s.d.r.c.RepositoryConfigurationDelegate [ |  | ] - Bootstrapping Spring Data JPA repositories in DEFAULT mode.
25-07-04 09:05:46.749 [main] [32mINFO [0;39m o.s.d.r.c.RepositoryConfigurationDelegate [ |  | ] - Finished Spring Data repository scanning in 69 ms. Found 5 JPA repository interfaces.
25-07-04 09:05:47.573 [main] [32mINFO [0;39m o.s.b.w.e.tomcat.TomcatWebServer     [ |  | ] - Tomcat initialized with port 8080 (http)
25-07-04 09:05:47.581 [main] [32mINFO [0;39m o.a.coyote.http11.Http11NioProtocol  [ |  | ] - Initializing ProtocolHandler ["http-nio-8080"]
25-07-04 09:05:47.583 [main] [32mINFO [0;39m o.a.catalina.core.StandardService    [ |  | ] - Starting service [Tomcat]
25-07-04 09:05:47.583 [main] [32mINFO [0;39m o.a.catalina.core.StandardEngine     [ |  | ] - Starting Servlet engine: [Apache Tomcat/10.1.33]
25-07-04 09:05:47.634 [main] [32mINFO [0;39m o.a.c.c.C.[Tomcat].[localhost].[/]   [ |  | ] - Initializing Spring embedded WebApplicationContext
25-07-04 09:05:47.635 [main] [32mINFO [0;39m o.s.b.w.s.c.ServletWebServerApplicationContext [ |  | ] - Root WebApplicationContext: initialization completed in 2509 ms
25-07-04 09:05:47.886 [main] [32mINFO [0;39m com.zaxxer.hikari.HikariDataSource   [ |  | ] - HikariPool-1 - Starting...
25-07-04 09:05:47.948 [main] [32mINFO [0;39m com.zaxxer.hikari.pool.HikariPool    [ |  | ] - HikariPool-1 - Added connection org.postgresql.jdbc.PgConnection@5034681f
25-07-04 09:05:47.949 [main] [32mINFO [0;39m com.zaxxer.hikari.HikariDataSource   [ |  | ] - HikariPool-1 - Start completed.
25-07-04 09:05:48.008 [main] [32mINFO [0;39m o.h.jpa.internal.util.LogHelper      [ |  | ] - HHH000204: Processing PersistenceUnitInfo [name: default]
25-07-04 09:05:48.045 [main] [32mINFO [0;39m org.hibernate.Version                [ |  | ] - HHH000412: Hibernate ORM core version 6.6.2.Final
25-07-04 09:05:48.066 [main] [32mINFO [0;39m o.h.c.i.RegionFactoryInitiator       [ |  | ] - HHH000026: Second-level cache disabled
25-07-04 09:05:48.265 [main] [32mINFO [0;39m o.s.o.j.p.SpringPersistenceUnitInfo  [ |  | ] - No LoadTimeWeaver setup: ignoring JPA class transformer
25-07-04 09:05:48.343 [main] [32mINFO [0;39m o.hibernate.orm.connections.pooling  [ |  | ] - HHH10001005: Database info:
	Database JDBC URL [Connecting through datasource 'HikariDataSource (HikariPool-1)']
	Database driver: undefined/unknown
	Database version: 14.18
	Autocommit mode: undefined/unknown
	Isolation level: undefined/unknown
	Minimum pool size: undefined/unknown
	Maximum pool size: undefined/unknown
25-07-04 09:05:49.027 [main] [32mINFO [0;39m o.h.e.t.j.p.i.JtaPlatformInitiator   [ |  | ] - HHH000489: No JTA platform available (set 'hibernate.transaction.jta.platform' to enable JTA platform integration)
25-07-04 09:05:49.076 [main] [31mERROR[0;39m o.s.o.j.LocalContainerEntityManagerFactoryBean [ |  | ] - Failed to initialize JPA EntityManagerFactory: [PersistenceUnit: default] Unable to build Hibernate SessionFactory; nested exception is org.hibernate.tool.schema.spi.SchemaManagementException: Schema-validation: missing column [role] in table [users]
25-07-04 09:05:49.076 [main] [33mWARN [0;39m o.s.b.w.s.c.AnnotationConfigServletWebServerApplicationContext [ |  | ] - Exception encountered during context initialization - cancelling refresh attempt: org.springframework.beans.factory.BeanCreationException: Error creating bean with name 'entityManagerFactory' defined in class path resource [org/springframework/boot/autoconfigure/orm/jpa/HibernateJpaConfiguration.class]: [PersistenceUnit: default] Unable to build Hibernate SessionFactory; nested exception is org.hibernate.tool.schema.spi.SchemaManagementException: Schema-validation: missing column [role] in table [users]
25-07-04 09:05:49.076 [main] [32mINFO [0;39m com.zaxxer.hikari.HikariDataSource   [ |  | ] - HikariPool-1 - Shutdown initiated...
25-07-04 09:05:49.078 [main] [32mINFO [0;39m com.zaxxer.hikari.HikariDataSource   [ |  | ] - HikariPool-1 - Shutdown completed.
25-07-04 09:05:49.079 [main] [32mINFO [0;39m o.a.catalina.core.StandardService    [ |  | ] - Stopping service [Tomcat]
25-07-04 09:05:49.094 [main] [32mINFO [0;39m o.s.b.a.l.ConditionEvaluationReportLogger [ |  | ] - 

Error starting ApplicationContext. To display the condition evaluation report re-run your application with 'debug' enabled.
25-07-04 09:05:49.103 [main] [31mERROR[0;39m o.s.boot.SpringApplication           [ |  | ] - Application run failed
org.springframework.beans.factory.BeanCreationException: Error creating bean with name 'entityManagerFactory' defined in class path resource [org/springframework/boot/autoconfigure/orm/jpa/HibernateJpaConfiguration.class]: [PersistenceUnit: default] Unable to build Hibernate SessionFactory; nested exception is org.hibernate.tool.schema.spi.SchemaManagementException: Schema-validation: missing column [role] in table [users]
	at org.springframework.beans.factory.support.AbstractAutowireCapableBeanFactory.initializeBean(AbstractAutowireCapableBeanFactory.java:1802)
	at org.springframework.beans.factory.support.AbstractAutowireCapableBeanFactory.doCreateBean(AbstractAutowireCapableBeanFactory.java:601)
	at org.springframework.beans.factory.support.AbstractAutowireCapableBeanFactory.createBean(AbstractAutowireCapableBeanFactory.java:523)
	at org.springframework.beans.factory.support.AbstractBeanFactory.lambda$doGetBean$0(AbstractBeanFactory.java:336)
	at org.springframework.beans.factory.support.DefaultSingletonBeanRegistry.getSingleton(DefaultSingletonBeanRegistry.java:288)
	at org.springframework.beans.factory.support.AbstractBeanFactory.doGetBean(AbstractBeanFactory.java:334)
	at org.springframework.beans.factory.support.AbstractBeanFactory.getBean(AbstractBeanFactory.java:204)
	at org.springframework.context.support.AbstractApplicationContext.finishBeanFactoryInitialization(AbstractApplicationContext.java:970)
	at org.springframework.context.support.AbstractApplicationContext.refresh(AbstractApplicationContext.java:627)
	at org.springframework.boot.web.servlet.context.ServletWebServerApplicationContext.refresh(ServletWebServerApplicationContext.java:146)
	at org.springframework.boot.SpringApplication.refresh(SpringApplication.java:752)
	at org.springframework.boot.SpringApplication.refreshContext(SpringApplication.java:439)
	at org.springframework.boot.SpringApplication.run(SpringApplication.java:318)
	at org.springframework.boot.SpringApplication.run(SpringApplication.java:1361)
	at org.springframework.boot.SpringApplication.run(SpringApplication.java:1350)
	at com.sprint.mission.discodeit.DiscodeitApplication.main(DiscodeitApplication.java:10)
Caused by: jakarta.persistence.PersistenceException: [PersistenceUnit: default] Unable to build Hibernate SessionFactory; nested exception is org.hibernate.tool.schema.spi.SchemaManagementException: Schema-validation: missing column [role] in table [users]
	at org.springframework.orm.jpa.AbstractEntityManagerFactoryBean.buildNativeEntityManagerFactory(AbstractEntityManagerFactoryBean.java:431)
	at org.springframework.orm.jpa.AbstractEntityManagerFactoryBean.afterPropertiesSet(AbstractEntityManagerFactoryBean.java:400)
	at org.springframework.orm.jpa.LocalContainerEntityManagerFactoryBean.afterPropertiesSet(LocalContainerEntityManagerFactoryBean.java:366)
	at org.springframework.beans.factory.support.AbstractAutowireCapableBeanFactory.invokeInitMethods(AbstractAutowireCapableBeanFactory.java:1849)
	at org.springframework.beans.factory.support.AbstractAutowireCapableBeanFactory.initializeBean(AbstractAutowireCapableBeanFactory.java:1798)
	... 15 common frames omitted
Caused by: org.hibernate.tool.schema.spi.SchemaManagementException: Schema-validation: missing column [role] in table [users]
	at org.hibernate.tool.schema.internal.AbstractSchemaValidator.validateTable(AbstractSchemaValidator.java:149)
	at org.hibernate.tool.schema.internal.GroupedSchemaValidatorImpl.validateTables(GroupedSchemaValidatorImpl.java:46)
	at org.hibernate.tool.schema.internal.AbstractSchemaValidator.performValidation(AbstractSchemaValidator.java:99)
	at org.hibernate.tool.schema.internal.AbstractSchemaValidator.doValidation(AbstractSchemaValidator.java:77)
	at org.hibernate.tool.schema.spi.SchemaManagementToolCoordinator.performDatabaseAction(SchemaManagementToolCoordinator.java:289)
	at org.hibernate.tool.schema.spi.SchemaManagementToolCoordinator.lambda$process$5(SchemaManagementToolCoordinator.java:144)
	at java.base/java.util.HashMap.forEach(HashMap.java:1421)
	at org.hibernate.tool.schema.spi.SchemaManagementToolCoordinator.process(SchemaManagementToolCoordinator.java:141)
	at org.hibernate.boot.internal.SessionFactoryObserverForSchemaExport.sessionFactoryCreated(SessionFactoryObserverForSchemaExport.java:37)
	at org.hibernate.internal.SessionFactoryObserverChain.sessionFactoryCreated(SessionFactoryObserverChain.java:35)
	at org.hibernate.internal.SessionFactoryImpl.<init>(SessionFactoryImpl.java:324)
	at org.hibernate.boot.internal.SessionFactoryBuilderImpl.build(SessionFactoryBuilderImpl.java:463)
	at org.hibernate.jpa.boot.internal.EntityManagerFactoryBuilderImpl.build(EntityManagerFactoryBuilderImpl.java:1506)
	at org.springframework.orm.jpa.vendor.SpringHibernateJpaPersistenceProvider.createContainerEntityManagerFactory(SpringHibernateJpaPersistenceProvider.java:66)
	at org.springframework.orm.jpa.LocalContainerEntityManagerFactoryBean.createNativeEntityManagerFactory(LocalContainerEntityManagerFactoryBean.java:390)
	at org.springframework.orm.jpa.AbstractEntityManagerFactoryBean.buildNativeEntityManagerFactory(AbstractEntityManagerFactoryBean.java:419)
	... 19 common frames omitted
25-07-04 09:13:09.708 [background-preinit] [32mINFO [0;39m o.h.validator.internal.util.Version  [ |  | ] - HV000001: Hibernate Validator 8.0.1.Final
25-07-04 09:13:09.750 [main] [32mINFO [0;39m c.s.m.discodeit.DiscodeitApplication [ |  | ] - Starting DiscodeitApplication using Java 17.0.14 with PID 74368 (/Users/jasonheo/2-sprint-mission/build/classes/java/main started by jasonheo in /Users/jasonheo/2-sprint-mission)
25-07-04 09:13:09.750 [main] [32mDEBUG[0;39m c.s.m.discodeit.DiscodeitApplication [ |  | ] - Running with Spring Boot v3.4.0, Spring v6.2.0
25-07-04 09:13:09.751 [main] [32mINFO [0;39m c.s.m.discodeit.DiscodeitApplication [ |  | ] - The following 1 profile is active: "dev"
25-07-04 09:13:10.427 [main] [32mINFO [0;39m o.s.d.r.c.RepositoryConfigurationDelegate [ |  | ] - Bootstrapping Spring Data JPA repositories in DEFAULT mode.
25-07-04 09:13:10.469 [main] [32mINFO [0;39m o.s.d.r.c.RepositoryConfigurationDelegate [ |  | ] - Finished Spring Data repository scanning in 36 ms. Found 5 JPA repository interfaces.
25-07-04 09:13:10.891 [main] [32mINFO [0;39m o.s.b.w.e.tomcat.TomcatWebServer     [ |  | ] - Tomcat initialized with port 8080 (http)
25-07-04 09:13:10.896 [main] [32mINFO [0;39m o.a.coyote.http11.Http11NioProtocol  [ |  | ] - Initializing ProtocolHandler ["http-nio-8080"]
25-07-04 09:13:10.897 [main] [32mINFO [0;39m o.a.catalina.core.StandardService    [ |  | ] - Starting service [Tomcat]
25-07-04 09:13:10.897 [main] [32mINFO [0;39m o.a.catalina.core.StandardEngine     [ |  | ] - Starting Servlet engine: [Apache Tomcat/10.1.33]
25-07-04 09:13:10.929 [main] [32mINFO [0;39m o.a.c.c.C.[Tomcat].[localhost].[/]   [ |  | ] - Initializing Spring embedded WebApplicationContext
25-07-04 09:13:10.929 [main] [32mINFO [0;39m o.s.b.w.s.c.ServletWebServerApplicationContext [ |  | ] - Root WebApplicationContext: initialization completed in 1145 ms
25-07-04 09:13:11.078 [main] [32mINFO [0;39m com.zaxxer.hikari.HikariDataSource   [ |  | ] - HikariPool-1 - Starting...
25-07-04 09:13:11.135 [main] [32mINFO [0;39m com.zaxxer.hikari.pool.HikariPool    [ |  | ] - HikariPool-1 - Added connection org.postgresql.jdbc.PgConnection@2b400bd0
25-07-04 09:13:11.136 [main] [32mINFO [0;39m com.zaxxer.hikari.HikariDataSource   [ |  | ] - HikariPool-1 - Start completed.
25-07-04 09:13:11.195 [main] [32mINFO [0;39m o.h.jpa.internal.util.LogHelper      [ |  | ] - HHH000204: Processing PersistenceUnitInfo [name: default]
25-07-04 09:13:11.227 [main] [32mINFO [0;39m org.hibernate.Version                [ |  | ] - HHH000412: Hibernate ORM core version 6.6.2.Final
25-07-04 09:13:11.247 [main] [32mINFO [0;39m o.h.c.i.RegionFactoryInitiator       [ |  | ] - HHH000026: Second-level cache disabled
25-07-04 09:13:11.400 [main] [32mINFO [0;39m o.s.o.j.p.SpringPersistenceUnitInfo  [ |  | ] - No LoadTimeWeaver setup: ignoring JPA class transformer
25-07-04 09:13:11.464 [main] [32mINFO [0;39m o.hibernate.orm.connections.pooling  [ |  | ] - HHH10001005: Database info:
	Database JDBC URL [Connecting through datasource 'HikariDataSource (HikariPool-1)']
	Database driver: undefined/unknown
	Database version: 14.18
	Autocommit mode: undefined/unknown
	Isolation level: undefined/unknown
	Minimum pool size: undefined/unknown
	Maximum pool size: undefined/unknown
25-07-04 09:13:12.018 [main] [32mINFO [0;39m o.h.e.t.j.p.i.JtaPlatformInitiator   [ |  | ] - HHH000489: No JTA platform available (set 'hibernate.transaction.jta.platform' to enable JTA platform integration)
25-07-04 09:13:12.054 [main] [32mDEBUG[0;39m org.hibernate.SQL                    [ |  | ] - 
    alter table if exists channels 
       alter column type set data type varchar(255)
25-07-04 09:13:12.066 [main] [32mDEBUG[0;39m org.hibernate.SQL                    [ |  | ] - 
    alter table if exists users 
       add column role varchar(255) not null check (role in ('ADMIN','CHANNEL_MANAGER','USER'))
25-07-04 09:13:12.080 [main] [33mWARN [0;39m o.h.t.s.i.ExceptionHandlerLoggedImpl [ |  | ] - GenerationTarget encountered exception accepting command : Error executing DDL "
    alter table if exists users 
       add column role varchar(255) not null check (role in ('ADMIN','CHANNEL_MANAGER','USER'))" via JDBC [ERROR: column "role" of relation "users" contains null values]
org.hibernate.tool.schema.spi.CommandAcceptanceException: Error executing DDL "
    alter table if exists users 
       add column role varchar(255) not null check (role in ('ADMIN','CHANNEL_MANAGER','USER'))" via JDBC [ERROR: column "role" of relation "users" contains null values]
	at org.hibernate.tool.schema.internal.exec.GenerationTargetToDatabase.accept(GenerationTargetToDatabase.java:94)
	at org.hibernate.tool.schema.internal.AbstractSchemaMigrator.applySqlString(AbstractSchemaMigrator.java:576)
	at org.hibernate.tool.schema.internal.AbstractSchemaMigrator.applySqlStrings(AbstractSchemaMigrator.java:516)
	at org.hibernate.tool.schema.internal.AbstractSchemaMigrator.migrateTable(AbstractSchemaMigrator.java:334)
	at org.hibernate.tool.schema.internal.GroupedSchemaMigratorImpl.performTablesMigration(GroupedSchemaMigratorImpl.java:84)
	at org.hibernate.tool.schema.internal.AbstractSchemaMigrator.performMigration(AbstractSchemaMigrator.java:233)
	at org.hibernate.tool.schema.internal.AbstractSchemaMigrator.doMigration(AbstractSchemaMigrator.java:112)
	at org.hibernate.tool.schema.spi.SchemaManagementToolCoordinator.performDatabaseAction(SchemaManagementToolCoordinator.java:280)
	at org.hibernate.tool.schema.spi.SchemaManagementToolCoordinator.lambda$process$5(SchemaManagementToolCoordinator.java:144)
	at java.base/java.util.HashMap.forEach(HashMap.java:1421)
	at org.hibernate.tool.schema.spi.SchemaManagementToolCoordinator.process(SchemaManagementToolCoordinator.java:141)
	at org.hibernate.boot.internal.SessionFactoryObserverForSchemaExport.sessionFactoryCreated(SessionFactoryObserverForSchemaExport.java:37)
	at org.hibernate.internal.SessionFactoryObserverChain.sessionFactoryCreated(SessionFactoryObserverChain.java:35)
	at org.hibernate.internal.SessionFactoryImpl.<init>(SessionFactoryImpl.java:324)
	at org.hibernate.boot.internal.SessionFactoryBuilderImpl.build(SessionFactoryBuilderImpl.java:463)
	at org.hibernate.jpa.boot.internal.EntityManagerFactoryBuilderImpl.build(EntityManagerFactoryBuilderImpl.java:1506)
	at org.springframework.orm.jpa.vendor.SpringHibernateJpaPersistenceProvider.createContainerEntityManagerFactory(SpringHibernateJpaPersistenceProvider.java:66)
	at org.springframework.orm.jpa.LocalContainerEntityManagerFactoryBean.createNativeEntityManagerFactory(LocalContainerEntityManagerFactoryBean.java:390)
	at org.springframework.orm.jpa.AbstractEntityManagerFactoryBean.buildNativeEntityManagerFactory(AbstractEntityManagerFactoryBean.java:419)
	at org.springframework.orm.jpa.AbstractEntityManagerFactoryBean.afterPropertiesSet(AbstractEntityManagerFactoryBean.java:400)
	at org.springframework.orm.jpa.LocalContainerEntityManagerFactoryBean.afterPropertiesSet(LocalContainerEntityManagerFactoryBean.java:366)
	at org.springframework.beans.factory.support.AbstractAutowireCapableBeanFactory.invokeInitMethods(AbstractAutowireCapableBeanFactory.java:1849)
	at org.springframework.beans.factory.support.AbstractAutowireCapableBeanFactory.initializeBean(AbstractAutowireCapableBeanFactory.java:1798)
	at org.springframework.beans.factory.support.AbstractAutowireCapableBeanFactory.doCreateBean(AbstractAutowireCapableBeanFactory.java:601)
	at org.springframework.beans.factory.support.AbstractAutowireCapableBeanFactory.createBean(AbstractAutowireCapableBeanFactory.java:523)
	at org.springframework.beans.factory.support.AbstractBeanFactory.lambda$doGetBean$0(AbstractBeanFactory.java:336)
	at org.springframework.beans.factory.support.DefaultSingletonBeanRegistry.getSingleton(DefaultSingletonBeanRegistry.java:288)
	at org.springframework.beans.factory.support.AbstractBeanFactory.doGetBean(AbstractBeanFactory.java:334)
	at org.springframework.beans.factory.support.AbstractBeanFactory.getBean(AbstractBeanFactory.java:204)
	at org.springframework.context.support.AbstractApplicationContext.finishBeanFactoryInitialization(AbstractApplicationContext.java:970)
	at org.springframework.context.support.AbstractApplicationContext.refresh(AbstractApplicationContext.java:627)
	at org.springframework.boot.web.servlet.context.ServletWebServerApplicationContext.refresh(ServletWebServerApplicationContext.java:146)
	at org.springframework.boot.SpringApplication.refresh(SpringApplication.java:752)
	at org.springframework.boot.SpringApplication.refreshContext(SpringApplication.java:439)
	at org.springframework.boot.SpringApplication.run(SpringApplication.java:318)
	at org.springframework.boot.SpringApplication.run(SpringApplication.java:1361)
	at org.springframework.boot.SpringApplication.run(SpringApplication.java:1350)
	at com.sprint.mission.discodeit.DiscodeitApplication.main(DiscodeitApplication.java:10)
Caused by: org.postgresql.util.PSQLException: ERROR: column "role" of relation "users" contains null values
	at org.postgresql.core.v3.QueryExecutorImpl.receiveErrorResponse(QueryExecutorImpl.java:2733)
	at org.postgresql.core.v3.QueryExecutorImpl.processResults(QueryExecutorImpl.java:2420)
	at org.postgresql.core.v3.QueryExecutorImpl.execute(QueryExecutorImpl.java:372)
	at org.postgresql.jdbc.PgStatement.executeInternal(PgStatement.java:517)
	at org.postgresql.jdbc.PgStatement.execute(PgStatement.java:434)
	at org.postgresql.jdbc.PgStatement.executeWithFlags(PgStatement.java:356)
	at org.postgresql.jdbc.PgStatement.executeCachedSql(PgStatement.java:341)
	at org.postgresql.jdbc.PgStatement.executeWithFlags(PgStatement.java:317)
	at org.postgresql.jdbc.PgStatement.execute(PgStatement.java:312)
	at com.zaxxer.hikari.pool.ProxyStatement.execute(ProxyStatement.java:94)
	at com.zaxxer.hikari.pool.HikariProxyStatement.execute(HikariProxyStatement.java)
	at org.hibernate.tool.schema.internal.exec.GenerationTargetToDatabase.accept(GenerationTargetToDatabase.java:80)
	... 37 common frames omitted
25-07-04 09:13:12.093 [main] [32mDEBUG[0;39m org.hibernate.SQL                    [ |  | ] - 
    alter table if exists read_statuses 
       drop constraint if exists UKqttel343c4eq691kcxipoixr7
25-07-04 09:13:12.094 [main] [33mWARN [0;39m o.h.e.jdbc.spi.SqlExceptionHelper    [ |  | ] - SQL Warning Code: 0, SQLState: 00000
25-07-04 09:13:12.094 [main] [33mWARN [0;39m o.h.e.jdbc.spi.SqlExceptionHelper    [ |  | ] - constraint "ukqttel343c4eq691kcxipoixr7" of relation "read_statuses" does not exist, skipping
25-07-04 09:13:12.094 [main] [32mDEBUG[0;39m org.hibernate.SQL                    [ |  | ] - 
    alter table if exists read_statuses 
       add constraint UKqttel343c4eq691kcxipoixr7 unique (user_id, channel_id)
25-07-04 09:13:12.121 [main] [32mDEBUG[0;39m org.hibernate.SQL                    [ |  | ] - 
    alter table if exists message_attachments 
       add constraint FKj7twd218e2gqw9cmlhwvo1rth 
       foreign key (message_id) 
       references messages
25-07-04 09:13:12.157 [main] [32mINFO [0;39m o.s.o.j.LocalContainerEntityManagerFactoryBean [ |  | ] - Initialized JPA EntityManagerFactory for persistence unit 'default'
25-07-04 09:13:12.395 [main] [32mINFO [0;39m o.s.d.j.r.query.QueryEnhancerFactory [ |  | ] - Hibernate is in classpath; If applicable, HQL parser will be used.
25-07-04 09:13:12.578 [main] [33mWARN [0;39m o.s.b.w.s.c.AnnotationConfigServletWebServerApplicationContext [ |  | ] - Exception encountered during context initialization - cancelling refresh attempt: org.springframework.beans.factory.UnsatisfiedDependencyException: Error creating bean with name 'authController' defined in file [/Users/jasonheo/2-sprint-mission/build/classes/java/main/com/sprint/mission/discodeit/controller/AuthController.class]: Unsatisfied dependency expressed through constructor parameter 0: Error creating bean with name 'basicAuthService': Injection of autowired dependencies failed
25-07-04 09:13:12.579 [main] [32mINFO [0;39m o.s.o.j.LocalContainerEntityManagerFactoryBean [ |  | ] - Closing JPA EntityManagerFactory for persistence unit 'default'
25-07-04 09:13:12.580 [main] [32mINFO [0;39m com.zaxxer.hikari.HikariDataSource   [ |  | ] - HikariPool-1 - Shutdown initiated...
25-07-04 09:13:12.582 [main] [32mINFO [0;39m com.zaxxer.hikari.HikariDataSource   [ |  | ] - HikariPool-1 - Shutdown completed.
25-07-04 09:13:12.582 [main] [32mINFO [0;39m o.a.catalina.core.StandardService    [ |  | ] - Stopping service [Tomcat]
25-07-04 09:13:12.594 [main] [32mINFO [0;39m o.s.b.a.l.ConditionEvaluationReportLogger [ |  | ] - 

Error starting ApplicationContext. To display the condition evaluation report re-run your application with 'debug' enabled.
25-07-04 09:13:12.605 [main] [31mERROR[0;39m o.s.boot.SpringApplication           [ |  | ] - Application run failed
org.springframework.beans.factory.UnsatisfiedDependencyException: Error creating bean with name 'authController' defined in file [/Users/jasonheo/2-sprint-mission/build/classes/java/main/com/sprint/mission/discodeit/controller/AuthController.class]: Unsatisfied dependency expressed through constructor parameter 0: Error creating bean with name 'basicAuthService': Injection of autowired dependencies failed
	at org.springframework.beans.factory.support.ConstructorResolver.createArgumentArray(ConstructorResolver.java:804)
	at org.springframework.beans.factory.support.ConstructorResolver.autowireConstructor(ConstructorResolver.java:240)
	at org.springframework.beans.factory.support.AbstractAutowireCapableBeanFactory.autowireConstructor(AbstractAutowireCapableBeanFactory.java:1371)
	at org.springframework.beans.factory.support.AbstractAutowireCapableBeanFactory.createBeanInstance(AbstractAutowireCapableBeanFactory.java:1208)
	at org.springframework.beans.factory.support.AbstractAutowireCapableBeanFactory.doCreateBean(AbstractAutowireCapableBeanFactory.java:563)
	at org.springframework.beans.factory.support.AbstractAutowireCapableBeanFactory.createBean(AbstractAutowireCapableBeanFactory.java:523)
	at org.springframework.beans.factory.support.AbstractBeanFactory.lambda$doGetBean$0(AbstractBeanFactory.java:336)
	at org.springframework.beans.factory.support.DefaultSingletonBeanRegistry.getSingleton(DefaultSingletonBeanRegistry.java:288)
	at org.springframework.beans.factory.support.AbstractBeanFactory.doGetBean(AbstractBeanFactory.java:334)
	at org.springframework.beans.factory.support.AbstractBeanFactory.getBean(AbstractBeanFactory.java:199)
	at org.springframework.beans.factory.support.DefaultListableBeanFactory.instantiateSingleton(DefaultListableBeanFactory.java:1122)
	at org.springframework.beans.factory.support.DefaultListableBeanFactory.preInstantiateSingleton(DefaultListableBeanFactory.java:1093)
	at org.springframework.beans.factory.support.DefaultListableBeanFactory.preInstantiateSingletons(DefaultListableBeanFactory.java:1030)
	at org.springframework.context.support.AbstractApplicationContext.finishBeanFactoryInitialization(AbstractApplicationContext.java:987)
	at org.springframework.context.support.AbstractApplicationContext.refresh(AbstractApplicationContext.java:627)
	at org.springframework.boot.web.servlet.context.ServletWebServerApplicationContext.refresh(ServletWebServerApplicationContext.java:146)
	at org.springframework.boot.SpringApplication.refresh(SpringApplication.java:752)
	at org.springframework.boot.SpringApplication.refreshContext(SpringApplication.java:439)
	at org.springframework.boot.SpringApplication.run(SpringApplication.java:318)
	at org.springframework.boot.SpringApplication.run(SpringApplication.java:1361)
	at org.springframework.boot.SpringApplication.run(SpringApplication.java:1350)
	at com.sprint.mission.discodeit.DiscodeitApplication.main(DiscodeitApplication.java:10)
Caused by: org.springframework.beans.factory.BeanCreationException: Error creating bean with name 'basicAuthService': Injection of autowired dependencies failed
	at org.springframework.beans.factory.annotation.AutowiredAnnotationBeanPostProcessor.postProcessProperties(AutowiredAnnotationBeanPostProcessor.java:515)
	at org.springframework.beans.factory.support.AbstractAutowireCapableBeanFactory.populateBean(AbstractAutowireCapableBeanFactory.java:1435)
	at org.springframework.beans.factory.support.AbstractAutowireCapableBeanFactory.doCreateBean(AbstractAutowireCapableBeanFactory.java:600)
	at org.springframework.beans.factory.support.AbstractAutowireCapableBeanFactory.createBean(AbstractAutowireCapableBeanFactory.java:523)
	at org.springframework.beans.factory.support.AbstractBeanFactory.lambda$doGetBean$0(AbstractBeanFactory.java:336)
	at org.springframework.beans.factory.support.DefaultSingletonBeanRegistry.getSingleton(DefaultSingletonBeanRegistry.java:288)
	at org.springframework.beans.factory.support.AbstractBeanFactory.doGetBean(AbstractBeanFactory.java:334)
	at org.springframework.beans.factory.support.AbstractBeanFactory.getBean(AbstractBeanFactory.java:199)
	at org.springframework.beans.factory.config.DependencyDescriptor.resolveCandidate(DependencyDescriptor.java:254)
	at org.springframework.beans.factory.support.DefaultListableBeanFactory.doResolveDependency(DefaultListableBeanFactory.java:1626)
	at org.springframework.beans.factory.support.DefaultListableBeanFactory.resolveDependency(DefaultListableBeanFactory.java:1514)
	at org.springframework.beans.factory.support.ConstructorResolver.resolveAutowiredArgument(ConstructorResolver.java:913)
	at org.springframework.beans.factory.support.ConstructorResolver.createArgumentArray(ConstructorResolver.java:791)
	... 21 common frames omitted
Caused by: org.springframework.util.PlaceholderResolutionException: Could not resolve placeholder 'DISCODEIT_ADMIN_USERNAME' in value "${DISCODEIT_ADMIN_USERNAME}" <-- "${discodeit.admin.username}"
	at org.springframework.util.PlaceholderResolutionException.withValue(PlaceholderResolutionException.java:81)
	at org.springframework.util.PlaceholderParser$ParsedValue.resolve(PlaceholderParser.java:416)
	at org.springframework.util.PlaceholderParser.replacePlaceholders(PlaceholderParser.java:128)
	at org.springframework.util.PropertyPlaceholderHelper.parseStringValue(PropertyPlaceholderHelper.java:118)
	at org.springframework.util.PropertyPlaceholderHelper.replacePlaceholders(PropertyPlaceholderHelper.java:114)
	at org.springframework.core.env.AbstractPropertyResolver.doResolvePlaceholders(AbstractPropertyResolver.java:255)
	at org.springframework.core.env.AbstractPropertyResolver.resolveRequiredPlaceholders(AbstractPropertyResolver.java:226)
	at org.springframework.context.support.PropertySourcesPlaceholderConfigurer.lambda$processProperties$0(PropertySourcesPlaceholderConfigurer.java:201)
	at org.springframework.beans.factory.support.AbstractBeanFactory.resolveEmbeddedValue(AbstractBeanFactory.java:963)
	at org.springframework.beans.factory.support.DefaultListableBeanFactory.doResolveDependency(DefaultListableBeanFactory.java:1536)
	at org.springframework.beans.factory.support.DefaultListableBeanFactory.resolveDependency(DefaultListableBeanFactory.java:1514)
	at org.springframework.beans.factory.annotation.AutowiredAnnotationBeanPostProcessor$AutowiredFieldElement.resolveFieldValue(AutowiredAnnotationBeanPostProcessor.java:785)
	at org.springframework.beans.factory.annotation.AutowiredAnnotationBeanPostProcessor$AutowiredFieldElement.inject(AutowiredAnnotationBeanPostProcessor.java:768)
	at org.springframework.beans.factory.annotation.InjectionMetadata.inject(InjectionMetadata.java:146)
	at org.springframework.beans.factory.annotation.AutowiredAnnotationBeanPostProcessor.postProcessProperties(AutowiredAnnotationBeanPostProcessor.java:509)
	... 33 common frames omitted
25-07-04 09:21:51.139 [background-preinit] [32mINFO [0;39m o.h.validator.internal.util.Version  [ |  | ] - HV000001: Hibernate Validator 8.0.1.Final
25-07-04 09:21:51.172 [main] [32mINFO [0;39m c.s.m.discodeit.DiscodeitApplication [ |  | ] - Starting DiscodeitApplication using Java 17.0.14 with PID 75297 (/Users/jasonheo/2-sprint-mission/build/classes/java/main started by jasonheo in /Users/jasonheo/2-sprint-mission)
25-07-04 09:21:51.173 [main] [32mDEBUG[0;39m c.s.m.discodeit.DiscodeitApplication [ |  | ] - Running with Spring Boot v3.4.0, Spring v6.2.0
25-07-04 09:21:51.173 [main] [32mINFO [0;39m c.s.m.discodeit.DiscodeitApplication [ |  | ] - The following 1 profile is active: "dev"
25-07-04 09:21:51.987 [main] [32mINFO [0;39m o.s.d.r.c.RepositoryConfigurationDelegate [ |  | ] - Bootstrapping Spring Data JPA repositories in DEFAULT mode.
25-07-04 09:21:52.037 [main] [32mINFO [0;39m o.s.d.r.c.RepositoryConfigurationDelegate [ |  | ] - Finished Spring Data repository scanning in 39 ms. Found 5 JPA repository interfaces.
25-07-04 09:21:52.559 [main] [32mINFO [0;39m o.s.b.w.e.tomcat.TomcatWebServer     [ |  | ] - Tomcat initialized with port 8080 (http)
25-07-04 09:21:52.567 [main] [32mINFO [0;39m o.a.coyote.http11.Http11NioProtocol  [ |  | ] - Initializing ProtocolHandler ["http-nio-8080"]
25-07-04 09:21:52.568 [main] [32mINFO [0;39m o.a.catalina.core.StandardService    [ |  | ] - Starting service [Tomcat]
25-07-04 09:21:52.568 [main] [32mINFO [0;39m o.a.catalina.core.StandardEngine     [ |  | ] - Starting Servlet engine: [Apache Tomcat/10.1.33]
25-07-04 09:21:52.604 [main] [32mINFO [0;39m o.a.c.c.C.[Tomcat].[localhost].[/]   [ |  | ] - Initializing Spring embedded WebApplicationContext
25-07-04 09:21:52.604 [main] [32mINFO [0;39m o.s.b.w.s.c.ServletWebServerApplicationContext [ |  | ] - Root WebApplicationContext: initialization completed in 1407 ms
25-07-04 09:21:52.754 [main] [32mINFO [0;39m com.zaxxer.hikari.HikariDataSource   [ |  | ] - HikariPool-1 - Starting...
25-07-04 09:21:52.831 [main] [32mINFO [0;39m com.zaxxer.hikari.pool.HikariPool    [ |  | ] - HikariPool-1 - Added connection org.postgresql.jdbc.PgConnection@ad5cffa
25-07-04 09:21:52.832 [main] [32mINFO [0;39m com.zaxxer.hikari.HikariDataSource   [ |  | ] - HikariPool-1 - Start completed.
25-07-04 09:21:52.886 [main] [32mINFO [0;39m o.h.jpa.internal.util.LogHelper      [ |  | ] - HHH000204: Processing PersistenceUnitInfo [name: default]
25-07-04 09:21:52.918 [main] [32mINFO [0;39m org.hibernate.Version                [ |  | ] - HHH000412: Hibernate ORM core version 6.6.2.Final
25-07-04 09:21:52.937 [main] [32mINFO [0;39m o.h.c.i.RegionFactoryInitiator       [ |  | ] - HHH000026: Second-level cache disabled
25-07-04 09:21:53.107 [main] [32mINFO [0;39m o.s.o.j.p.SpringPersistenceUnitInfo  [ |  | ] - No LoadTimeWeaver setup: ignoring JPA class transformer
25-07-04 09:21:53.167 [main] [32mINFO [0;39m o.hibernate.orm.connections.pooling  [ |  | ] - HHH10001005: Database info:
	Database JDBC URL [Connecting through datasource 'HikariDataSource (HikariPool-1)']
	Database driver: undefined/unknown
	Database version: 14.18
	Autocommit mode: undefined/unknown
	Isolation level: undefined/unknown
	Minimum pool size: undefined/unknown
	Maximum pool size: undefined/unknown
25-07-04 09:21:53.747 [main] [32mINFO [0;39m o.h.e.t.j.p.i.JtaPlatformInitiator   [ |  | ] - HHH000489: No JTA platform available (set 'hibernate.transaction.jta.platform' to enable JTA platform integration)
25-07-04 09:21:53.783 [main] [32mDEBUG[0;39m org.hibernate.SQL                    [ |  | ] - 
    alter table if exists users 
       add column role varchar(255) not null check (role in ('ADMIN','CHANNEL_MANAGER','USER'))
25-07-04 09:21:53.793 [main] [33mWARN [0;39m o.h.t.s.i.ExceptionHandlerLoggedImpl [ |  | ] - GenerationTarget encountered exception accepting command : Error executing DDL "
    alter table if exists users 
       add column role varchar(255) not null check (role in ('ADMIN','CHANNEL_MANAGER','USER'))" via JDBC [ERROR: column "role" of relation "users" contains null values]
org.hibernate.tool.schema.spi.CommandAcceptanceException: Error executing DDL "
    alter table if exists users 
       add column role varchar(255) not null check (role in ('ADMIN','CHANNEL_MANAGER','USER'))" via JDBC [ERROR: column "role" of relation "users" contains null values]
	at org.hibernate.tool.schema.internal.exec.GenerationTargetToDatabase.accept(GenerationTargetToDatabase.java:94)
	at org.hibernate.tool.schema.internal.AbstractSchemaMigrator.applySqlString(AbstractSchemaMigrator.java:576)
	at org.hibernate.tool.schema.internal.AbstractSchemaMigrator.applySqlStrings(AbstractSchemaMigrator.java:516)
	at org.hibernate.tool.schema.internal.AbstractSchemaMigrator.migrateTable(AbstractSchemaMigrator.java:334)
	at org.hibernate.tool.schema.internal.GroupedSchemaMigratorImpl.performTablesMigration(GroupedSchemaMigratorImpl.java:84)
	at org.hibernate.tool.schema.internal.AbstractSchemaMigrator.performMigration(AbstractSchemaMigrator.java:233)
	at org.hibernate.tool.schema.internal.AbstractSchemaMigrator.doMigration(AbstractSchemaMigrator.java:112)
	at org.hibernate.tool.schema.spi.SchemaManagementToolCoordinator.performDatabaseAction(SchemaManagementToolCoordinator.java:280)
	at org.hibernate.tool.schema.spi.SchemaManagementToolCoordinator.lambda$process$5(SchemaManagementToolCoordinator.java:144)
	at java.base/java.util.HashMap.forEach(HashMap.java:1421)
	at org.hibernate.tool.schema.spi.SchemaManagementToolCoordinator.process(SchemaManagementToolCoordinator.java:141)
	at org.hibernate.boot.internal.SessionFactoryObserverForSchemaExport.sessionFactoryCreated(SessionFactoryObserverForSchemaExport.java:37)
	at org.hibernate.internal.SessionFactoryObserverChain.sessionFactoryCreated(SessionFactoryObserverChain.java:35)
	at org.hibernate.internal.SessionFactoryImpl.<init>(SessionFactoryImpl.java:324)
	at org.hibernate.boot.internal.SessionFactoryBuilderImpl.build(SessionFactoryBuilderImpl.java:463)
	at org.hibernate.jpa.boot.internal.EntityManagerFactoryBuilderImpl.build(EntityManagerFactoryBuilderImpl.java:1506)
	at org.springframework.orm.jpa.vendor.SpringHibernateJpaPersistenceProvider.createContainerEntityManagerFactory(SpringHibernateJpaPersistenceProvider.java:66)
	at org.springframework.orm.jpa.LocalContainerEntityManagerFactoryBean.createNativeEntityManagerFactory(LocalContainerEntityManagerFactoryBean.java:390)
	at org.springframework.orm.jpa.AbstractEntityManagerFactoryBean.buildNativeEntityManagerFactory(AbstractEntityManagerFactoryBean.java:419)
	at org.springframework.orm.jpa.AbstractEntityManagerFactoryBean.afterPropertiesSet(AbstractEntityManagerFactoryBean.java:400)
	at org.springframework.orm.jpa.LocalContainerEntityManagerFactoryBean.afterPropertiesSet(LocalContainerEntityManagerFactoryBean.java:366)
	at org.springframework.beans.factory.support.AbstractAutowireCapableBeanFactory.invokeInitMethods(AbstractAutowireCapableBeanFactory.java:1849)
	at org.springframework.beans.factory.support.AbstractAutowireCapableBeanFactory.initializeBean(AbstractAutowireCapableBeanFactory.java:1798)
	at org.springframework.beans.factory.support.AbstractAutowireCapableBeanFactory.doCreateBean(AbstractAutowireCapableBeanFactory.java:601)
	at org.springframework.beans.factory.support.AbstractAutowireCapableBeanFactory.createBean(AbstractAutowireCapableBeanFactory.java:523)
	at org.springframework.beans.factory.support.AbstractBeanFactory.lambda$doGetBean$0(AbstractBeanFactory.java:336)
	at org.springframework.beans.factory.support.DefaultSingletonBeanRegistry.getSingleton(DefaultSingletonBeanRegistry.java:288)
	at org.springframework.beans.factory.support.AbstractBeanFactory.doGetBean(AbstractBeanFactory.java:334)
	at org.springframework.beans.factory.support.AbstractBeanFactory.getBean(AbstractBeanFactory.java:204)
	at org.springframework.context.support.AbstractApplicationContext.finishBeanFactoryInitialization(AbstractApplicationContext.java:970)
	at org.springframework.context.support.AbstractApplicationContext.refresh(AbstractApplicationContext.java:627)
	at org.springframework.boot.web.servlet.context.ServletWebServerApplicationContext.refresh(ServletWebServerApplicationContext.java:146)
	at org.springframework.boot.SpringApplication.refresh(SpringApplication.java:752)
	at org.springframework.boot.SpringApplication.refreshContext(SpringApplication.java:439)
	at org.springframework.boot.SpringApplication.run(SpringApplication.java:318)
	at org.springframework.boot.SpringApplication.run(SpringApplication.java:1361)
	at org.springframework.boot.SpringApplication.run(SpringApplication.java:1350)
	at com.sprint.mission.discodeit.DiscodeitApplication.main(DiscodeitApplication.java:10)
Caused by: org.postgresql.util.PSQLException: ERROR: column "role" of relation "users" contains null values
	at org.postgresql.core.v3.QueryExecutorImpl.receiveErrorResponse(QueryExecutorImpl.java:2733)
	at org.postgresql.core.v3.QueryExecutorImpl.processResults(QueryExecutorImpl.java:2420)
	at org.postgresql.core.v3.QueryExecutorImpl.execute(QueryExecutorImpl.java:372)
	at org.postgresql.jdbc.PgStatement.executeInternal(PgStatement.java:517)
	at org.postgresql.jdbc.PgStatement.execute(PgStatement.java:434)
	at org.postgresql.jdbc.PgStatement.executeWithFlags(PgStatement.java:356)
	at org.postgresql.jdbc.PgStatement.executeCachedSql(PgStatement.java:341)
	at org.postgresql.jdbc.PgStatement.executeWithFlags(PgStatement.java:317)
	at org.postgresql.jdbc.PgStatement.execute(PgStatement.java:312)
	at com.zaxxer.hikari.pool.ProxyStatement.execute(ProxyStatement.java:94)
	at com.zaxxer.hikari.pool.HikariProxyStatement.execute(HikariProxyStatement.java)
	at org.hibernate.tool.schema.internal.exec.GenerationTargetToDatabase.accept(GenerationTargetToDatabase.java:80)
	... 37 common frames omitted
25-07-04 09:21:53.862 [main] [32mINFO [0;39m o.s.o.j.LocalContainerEntityManagerFactoryBean [ |  | ] - Initialized JPA EntityManagerFactory for persistence unit 'default'
25-07-04 09:21:54.120 [main] [32mINFO [0;39m o.s.d.j.r.query.QueryEnhancerFactory [ |  | ] - Hibernate is in classpath; If applicable, HQL parser will be used.
25-07-04 09:21:54.305 [main] [33mWARN [0;39m o.s.b.w.s.c.AnnotationConfigServletWebServerApplicationContext [ |  | ] - Exception encountered during context initialization - cancelling refresh attempt: org.springframework.beans.factory.UnsatisfiedDependencyException: Error creating bean with name 'authController' defined in file [/Users/jasonheo/2-sprint-mission/build/classes/java/main/com/sprint/mission/discodeit/controller/AuthController.class]: Unsatisfied dependency expressed through constructor parameter 0: Error creating bean with name 'basicAuthService': Injection of autowired dependencies failed
25-07-04 09:21:54.305 [main] [32mINFO [0;39m o.s.o.j.LocalContainerEntityManagerFactoryBean [ |  | ] - Closing JPA EntityManagerFactory for persistence unit 'default'
25-07-04 09:21:54.306 [main] [32mINFO [0;39m com.zaxxer.hikari.HikariDataSource   [ |  | ] - HikariPool-1 - Shutdown initiated...
25-07-04 09:21:54.308 [main] [32mINFO [0;39m com.zaxxer.hikari.HikariDataSource   [ |  | ] - HikariPool-1 - Shutdown completed.
25-07-04 09:21:54.309 [main] [32mINFO [0;39m o.a.catalina.core.StandardService    [ |  | ] - Stopping service [Tomcat]
25-07-04 09:21:54.321 [main] [32mINFO [0;39m o.s.b.a.l.ConditionEvaluationReportLogger [ |  | ] - 

Error starting ApplicationContext. To display the condition evaluation report re-run your application with 'debug' enabled.
25-07-04 09:21:54.334 [main] [31mERROR[0;39m o.s.boot.SpringApplication           [ |  | ] - Application run failed
org.springframework.beans.factory.UnsatisfiedDependencyException: Error creating bean with name 'authController' defined in file [/Users/jasonheo/2-sprint-mission/build/classes/java/main/com/sprint/mission/discodeit/controller/AuthController.class]: Unsatisfied dependency expressed through constructor parameter 0: Error creating bean with name 'basicAuthService': Injection of autowired dependencies failed
	at org.springframework.beans.factory.support.ConstructorResolver.createArgumentArray(ConstructorResolver.java:804)
	at org.springframework.beans.factory.support.ConstructorResolver.autowireConstructor(ConstructorResolver.java:240)
	at org.springframework.beans.factory.support.AbstractAutowireCapableBeanFactory.autowireConstructor(AbstractAutowireCapableBeanFactory.java:1371)
	at org.springframework.beans.factory.support.AbstractAutowireCapableBeanFactory.createBeanInstance(AbstractAutowireCapableBeanFactory.java:1208)
	at org.springframework.beans.factory.support.AbstractAutowireCapableBeanFactory.doCreateBean(AbstractAutowireCapableBeanFactory.java:563)
	at org.springframework.beans.factory.support.AbstractAutowireCapableBeanFactory.createBean(AbstractAutowireCapableBeanFactory.java:523)
	at org.springframework.beans.factory.support.AbstractBeanFactory.lambda$doGetBean$0(AbstractBeanFactory.java:336)
	at org.springframework.beans.factory.support.DefaultSingletonBeanRegistry.getSingleton(DefaultSingletonBeanRegistry.java:288)
	at org.springframework.beans.factory.support.AbstractBeanFactory.doGetBean(AbstractBeanFactory.java:334)
	at org.springframework.beans.factory.support.AbstractBeanFactory.getBean(AbstractBeanFactory.java:199)
	at org.springframework.beans.factory.support.DefaultListableBeanFactory.instantiateSingleton(DefaultListableBeanFactory.java:1122)
	at org.springframework.beans.factory.support.DefaultListableBeanFactory.preInstantiateSingleton(DefaultListableBeanFactory.java:1093)
	at org.springframework.beans.factory.support.DefaultListableBeanFactory.preInstantiateSingletons(DefaultListableBeanFactory.java:1030)
	at org.springframework.context.support.AbstractApplicationContext.finishBeanFactoryInitialization(AbstractApplicationContext.java:987)
	at org.springframework.context.support.AbstractApplicationContext.refresh(AbstractApplicationContext.java:627)
	at org.springframework.boot.web.servlet.context.ServletWebServerApplicationContext.refresh(ServletWebServerApplicationContext.java:146)
	at org.springframework.boot.SpringApplication.refresh(SpringApplication.java:752)
	at org.springframework.boot.SpringApplication.refreshContext(SpringApplication.java:439)
	at org.springframework.boot.SpringApplication.run(SpringApplication.java:318)
	at org.springframework.boot.SpringApplication.run(SpringApplication.java:1361)
	at org.springframework.boot.SpringApplication.run(SpringApplication.java:1350)
	at com.sprint.mission.discodeit.DiscodeitApplication.main(DiscodeitApplication.java:10)
Caused by: org.springframework.beans.factory.BeanCreationException: Error creating bean with name 'basicAuthService': Injection of autowired dependencies failed
	at org.springframework.beans.factory.annotation.AutowiredAnnotationBeanPostProcessor.postProcessProperties(AutowiredAnnotationBeanPostProcessor.java:515)
	at org.springframework.beans.factory.support.AbstractAutowireCapableBeanFactory.populateBean(AbstractAutowireCapableBeanFactory.java:1435)
	at org.springframework.beans.factory.support.AbstractAutowireCapableBeanFactory.doCreateBean(AbstractAutowireCapableBeanFactory.java:600)
	at org.springframework.beans.factory.support.AbstractAutowireCapableBeanFactory.createBean(AbstractAutowireCapableBeanFactory.java:523)
	at org.springframework.beans.factory.support.AbstractBeanFactory.lambda$doGetBean$0(AbstractBeanFactory.java:336)
	at org.springframework.beans.factory.support.DefaultSingletonBeanRegistry.getSingleton(DefaultSingletonBeanRegistry.java:288)
	at org.springframework.beans.factory.support.AbstractBeanFactory.doGetBean(AbstractBeanFactory.java:334)
	at org.springframework.beans.factory.support.AbstractBeanFactory.getBean(AbstractBeanFactory.java:199)
	at org.springframework.beans.factory.config.DependencyDescriptor.resolveCandidate(DependencyDescriptor.java:254)
	at org.springframework.beans.factory.support.DefaultListableBeanFactory.doResolveDependency(DefaultListableBeanFactory.java:1626)
	at org.springframework.beans.factory.support.DefaultListableBeanFactory.resolveDependency(DefaultListableBeanFactory.java:1514)
	at org.springframework.beans.factory.support.ConstructorResolver.resolveAutowiredArgument(ConstructorResolver.java:913)
	at org.springframework.beans.factory.support.ConstructorResolver.createArgumentArray(ConstructorResolver.java:791)
	... 21 common frames omitted
Caused by: org.springframework.util.PlaceholderResolutionException: Could not resolve placeholder 'DISCODEIT_ADMIN_EMAIL' in value "${DISCODEIT_ADMIN_EMAIL}" <-- "${discodeit.admin.email}"
	at org.springframework.util.PlaceholderResolutionException.withValue(PlaceholderResolutionException.java:81)
	at org.springframework.util.PlaceholderParser$ParsedValue.resolve(PlaceholderParser.java:416)
	at org.springframework.util.PlaceholderParser.replacePlaceholders(PlaceholderParser.java:128)
	at org.springframework.util.PropertyPlaceholderHelper.parseStringValue(PropertyPlaceholderHelper.java:118)
	at org.springframework.util.PropertyPlaceholderHelper.replacePlaceholders(PropertyPlaceholderHelper.java:114)
	at org.springframework.core.env.AbstractPropertyResolver.doResolvePlaceholders(AbstractPropertyResolver.java:255)
	at org.springframework.core.env.AbstractPropertyResolver.resolveRequiredPlaceholders(AbstractPropertyResolver.java:226)
	at org.springframework.context.support.PropertySourcesPlaceholderConfigurer.lambda$processProperties$0(PropertySourcesPlaceholderConfigurer.java:201)
	at org.springframework.beans.factory.support.AbstractBeanFactory.resolveEmbeddedValue(AbstractBeanFactory.java:963)
	at org.springframework.beans.factory.support.DefaultListableBeanFactory.doResolveDependency(DefaultListableBeanFactory.java:1536)
	at org.springframework.beans.factory.support.DefaultListableBeanFactory.resolveDependency(DefaultListableBeanFactory.java:1514)
	at org.springframework.beans.factory.annotation.AutowiredAnnotationBeanPostProcessor$AutowiredFieldElement.resolveFieldValue(AutowiredAnnotationBeanPostProcessor.java:785)
	at org.springframework.beans.factory.annotation.AutowiredAnnotationBeanPostProcessor$AutowiredFieldElement.inject(AutowiredAnnotationBeanPostProcessor.java:768)
	at org.springframework.beans.factory.annotation.InjectionMetadata.inject(InjectionMetadata.java:146)
	at org.springframework.beans.factory.annotation.AutowiredAnnotationBeanPostProcessor.postProcessProperties(AutowiredAnnotationBeanPostProcessor.java:509)
	... 33 common frames omitted
25-07-04 09:32:45.721 [background-preinit] [32mINFO [0;39m o.h.validator.internal.util.Version  [ |  | ] - HV000001: Hibernate Validator 8.0.1.Final
25-07-04 09:32:45.747 [main] [32mINFO [0;39m c.s.m.discodeit.DiscodeitApplication [ |  | ] - Starting DiscodeitApplication using Java 17.0.14 with PID 76403 (/Users/jasonheo/2-sprint-mission/build/classes/java/main started by jasonheo in /Users/jasonheo/2-sprint-mission)
25-07-04 09:32:45.748 [main] [32mDEBUG[0;39m c.s.m.discodeit.DiscodeitApplication [ |  | ] - Running with Spring Boot v3.4.0, Spring v6.2.0
25-07-04 09:32:45.748 [main] [32mINFO [0;39m c.s.m.discodeit.DiscodeitApplication [ |  | ] - The following 1 profile is active: "dev"
25-07-04 09:32:46.924 [main] [32mINFO [0;39m o.s.d.r.c.RepositoryConfigurationDelegate [ |  | ] - Bootstrapping Spring Data JPA repositories in DEFAULT mode.
25-07-04 09:32:46.973 [main] [32mINFO [0;39m o.s.d.r.c.RepositoryConfigurationDelegate [ |  | ] - Finished Spring Data repository scanning in 44 ms. Found 5 JPA repository interfaces.
25-07-04 09:32:47.529 [main] [32mINFO [0;39m o.s.b.w.e.tomcat.TomcatWebServer     [ |  | ] - Tomcat initialized with port 8080 (http)
25-07-04 09:32:47.540 [main] [32mINFO [0;39m o.a.coyote.http11.Http11NioProtocol  [ |  | ] - Initializing ProtocolHandler ["http-nio-8080"]
25-07-04 09:32:47.541 [main] [32mINFO [0;39m o.a.catalina.core.StandardService    [ |  | ] - Starting service [Tomcat]
25-07-04 09:32:47.541 [main] [32mINFO [0;39m o.a.catalina.core.StandardEngine     [ |  | ] - Starting Servlet engine: [Apache Tomcat/10.1.33]
25-07-04 09:32:47.578 [main] [32mINFO [0;39m o.a.c.c.C.[Tomcat].[localhost].[/]   [ |  | ] - Initializing Spring embedded WebApplicationContext
25-07-04 09:32:47.578 [main] [32mINFO [0;39m o.s.b.w.s.c.ServletWebServerApplicationContext [ |  | ] - Root WebApplicationContext: initialization completed in 1810 ms
25-07-04 09:32:47.749 [main] [32mINFO [0;39m com.zaxxer.hikari.HikariDataSource   [ |  | ] - HikariPool-1 - Starting...
25-07-04 09:32:47.832 [main] [32mINFO [0;39m com.zaxxer.hikari.pool.HikariPool    [ |  | ] - HikariPool-1 - Added connection org.postgresql.jdbc.PgConnection@1b8ee69d
25-07-04 09:32:47.833 [main] [32mINFO [0;39m com.zaxxer.hikari.HikariDataSource   [ |  | ] - HikariPool-1 - Start completed.
25-07-04 09:32:47.893 [main] [32mINFO [0;39m o.h.jpa.internal.util.LogHelper      [ |  | ] - HHH000204: Processing PersistenceUnitInfo [name: default]
25-07-04 09:32:47.931 [main] [32mINFO [0;39m org.hibernate.Version                [ |  | ] - HHH000412: Hibernate ORM core version 6.6.2.Final
25-07-04 09:32:47.949 [main] [32mINFO [0;39m o.h.c.i.RegionFactoryInitiator       [ |  | ] - HHH000026: Second-level cache disabled
25-07-04 09:32:48.141 [main] [32mINFO [0;39m o.s.o.j.p.SpringPersistenceUnitInfo  [ |  | ] - No LoadTimeWeaver setup: ignoring JPA class transformer
25-07-04 09:32:48.207 [main] [32mINFO [0;39m o.hibernate.orm.connections.pooling  [ |  | ] - HHH10001005: Database info:
	Database JDBC URL [Connecting through datasource 'HikariDataSource (HikariPool-1)']
	Database driver: undefined/unknown
	Database version: 14.18
	Autocommit mode: undefined/unknown
	Isolation level: undefined/unknown
	Minimum pool size: undefined/unknown
	Maximum pool size: undefined/unknown
25-07-04 09:32:48.827 [main] [32mINFO [0;39m o.h.e.t.j.p.i.JtaPlatformInitiator   [ |  | ] - HHH000489: No JTA platform available (set 'hibernate.transaction.jta.platform' to enable JTA platform integration)
25-07-04 09:32:48.874 [main] [32mDEBUG[0;39m org.hibernate.SQL                    [ |  | ] - 
    alter table if exists users 
       add column role varchar(255) not null check (role in ('ADMIN','CHANNEL_MANAGER','USER'))
25-07-04 09:32:48.938 [main] [32mINFO [0;39m o.s.o.j.LocalContainerEntityManagerFactoryBean [ |  | ] - Initialized JPA EntityManagerFactory for persistence unit 'default'
25-07-04 09:32:49.166 [main] [32mINFO [0;39m o.s.d.j.r.query.QueryEnhancerFactory [ |  | ] - Hibernate is in classpath; If applicable, HQL parser will be used.
25-07-04 09:32:49.365 [main] [32mDEBUG[0;39m o.s.s.a.h.RoleHierarchyImpl          [ |  | ] - buildRolesReachableInOneOrMoreStepsMap() - From role ROLE_ADMIN one can reach [ROLE_USER, ROLE_CHANNEL_MANAGER] in one or more steps.
25-07-04 09:32:49.365 [main] [32mDEBUG[0;39m o.s.s.a.h.RoleHierarchyImpl          [ |  | ] - buildRolesReachableInOneOrMoreStepsMap() - From role ROLE_CHANNEL_MANAGER one can reach [ROLE_USER] in one or more steps.
25-07-04 09:32:49.709 [main] [32mTRACE[0;39m o.s.s.c.a.a.c.AuthenticationConfiguration$EnableGlobalAuthenticationAutowiredConfigurer [ |  | ] - Eagerly initializing {securityConfig=com.sprint.mission.discodeit.config.SecurityConfig$$SpringCGLIB$$0@1695f7cb}
25-07-04 09:32:49.728 [main] [32mINFO [0;39m o.s.s.c.a.a.c.InitializeAuthenticationProviderBeanManagerConfigurer$InitializeAuthenticationProviderManagerConfigurer [ |  | ] - Global AuthenticationManager configured with AuthenticationProvider bean with name daoAuthenticationProvider
25-07-04 09:32:49.728 [main] [33mWARN [0;39m o.s.s.c.a.a.c.InitializeUserDetailsBeanManagerConfigurer$InitializeUserDetailsManagerConfigurer [ |  | ] - Global AuthenticationManager configured with an AuthenticationProvider bean. UserDetailsService beans will not be used by Spring Security for automatically configuring username/password login. Consider removing the AuthenticationProvider bean. Alternatively, consider using the UserDetailsService in a manually instantiated DaoAuthenticationProvider. If the current configuration is intentional, to turn off this warning, increase the logging level of 'org.springframework.security.config.annotation.authentication.configuration.InitializeUserDetailsBeanManagerConfigurer' to ERROR
25-07-04 09:32:49.783 [main] [32mINFO [0;39m o.s.b.a.w.s.WelcomePageHandlerMapping [ |  | ] - Adding welcome page: class path resource [static/index.html]
25-07-04 09:32:50.092 [main] [32mINFO [0;39m o.s.b.a.e.web.EndpointLinksResolver  [ |  | ] - Exposing 4 endpoints beneath base path '/actuator'
25-07-04 09:32:50.128 [main] [33mWARN [0;39m o.s.b.w.s.c.AnnotationConfigServletWebServerApplicationContext [ |  | ] - Exception encountered during context initialization - cancelling refresh attempt: org.springframework.beans.factory.UnsatisfiedDependencyException: Error creating bean with name 'org.springframework.security.config.annotation.web.configuration.WebSecurityConfiguration': Unsatisfied dependency expressed through method 'setFilterChains' parameter 0: Error creating bean with name 'filterChain' defined in class path resource [com/sprint/mission/discodeit/config/SecurityConfig.class]: Unsatisfied dependency expressed through method 'filterChain' parameter 4: Error creating bean with name 'rememberMeServices' defined in class path resource [com/sprint/mission/discodeit/config/SecurityConfig.class]: Unexpected exception during bean creation
25-07-04 09:32:50.129 [main] [32mINFO [0;39m o.s.o.j.LocalContainerEntityManagerFactoryBean [ |  | ] - Closing JPA EntityManagerFactory for persistence unit 'default'
25-07-04 09:32:50.130 [main] [32mINFO [0;39m com.zaxxer.hikari.HikariDataSource   [ |  | ] - HikariPool-1 - Shutdown initiated...
25-07-04 09:32:50.132 [main] [32mINFO [0;39m com.zaxxer.hikari.HikariDataSource   [ |  | ] - HikariPool-1 - Shutdown completed.
25-07-04 09:32:50.134 [main] [32mINFO [0;39m o.a.catalina.core.StandardService    [ |  | ] - Stopping service [Tomcat]
25-07-04 09:32:50.148 [main] [32mINFO [0;39m o.s.b.a.l.ConditionEvaluationReportLogger [ |  | ] - 

Error starting ApplicationContext. To display the condition evaluation report re-run your application with 'debug' enabled.
25-07-04 09:32:50.159 [main] [31mERROR[0;39m o.s.boot.SpringApplication           [ |  | ] - Application run failed
org.springframework.beans.factory.UnsatisfiedDependencyException: Error creating bean with name 'org.springframework.security.config.annotation.web.configuration.WebSecurityConfiguration': Unsatisfied dependency expressed through method 'setFilterChains' parameter 0: Error creating bean with name 'filterChain' defined in class path resource [com/sprint/mission/discodeit/config/SecurityConfig.class]: Unsatisfied dependency expressed through method 'filterChain' parameter 4: Error creating bean with name 'rememberMeServices' defined in class path resource [com/sprint/mission/discodeit/config/SecurityConfig.class]: Unexpected exception during bean creation
	at org.springframework.beans.factory.annotation.AutowiredAnnotationBeanPostProcessor$AutowiredMethodElement.resolveMethodArguments(AutowiredAnnotationBeanPostProcessor.java:896)
	at org.springframework.beans.factory.annotation.AutowiredAnnotationBeanPostProcessor$AutowiredMethodElement.inject(AutowiredAnnotationBeanPostProcessor.java:849)
	at org.springframework.beans.factory.annotation.InjectionMetadata.inject(InjectionMetadata.java:146)
	at org.springframework.beans.factory.annotation.AutowiredAnnotationBeanPostProcessor.postProcessProperties(AutowiredAnnotationBeanPostProcessor.java:509)
	at org.springframework.beans.factory.support.AbstractAutowireCapableBeanFactory.populateBean(AbstractAutowireCapableBeanFactory.java:1435)
	at org.springframework.beans.factory.support.AbstractAutowireCapableBeanFactory.doCreateBean(AbstractAutowireCapableBeanFactory.java:600)
	at org.springframework.beans.factory.support.AbstractAutowireCapableBeanFactory.createBean(AbstractAutowireCapableBeanFactory.java:523)
	at org.springframework.beans.factory.support.AbstractBeanFactory.lambda$doGetBean$0(AbstractBeanFactory.java:336)
	at org.springframework.beans.factory.support.DefaultSingletonBeanRegistry.getSingleton(DefaultSingletonBeanRegistry.java:288)
	at org.springframework.beans.factory.support.AbstractBeanFactory.doGetBean(AbstractBeanFactory.java:334)
	at org.springframework.beans.factory.support.AbstractBeanFactory.getBean(AbstractBeanFactory.java:199)
	at org.springframework.beans.factory.support.DefaultListableBeanFactory.instantiateSingleton(DefaultListableBeanFactory.java:1122)
	at org.springframework.beans.factory.support.DefaultListableBeanFactory.preInstantiateSingleton(DefaultListableBeanFactory.java:1093)
	at org.springframework.beans.factory.support.DefaultListableBeanFactory.preInstantiateSingletons(DefaultListableBeanFactory.java:1030)
	at org.springframework.context.support.AbstractApplicationContext.finishBeanFactoryInitialization(AbstractApplicationContext.java:987)
	at org.springframework.context.support.AbstractApplicationContext.refresh(AbstractApplicationContext.java:627)
	at org.springframework.boot.web.servlet.context.ServletWebServerApplicationContext.refresh(ServletWebServerApplicationContext.java:146)
	at org.springframework.boot.SpringApplication.refresh(SpringApplication.java:752)
	at org.springframework.boot.SpringApplication.refreshContext(SpringApplication.java:439)
	at org.springframework.boot.SpringApplication.run(SpringApplication.java:318)
	at org.springframework.boot.SpringApplication.run(SpringApplication.java:1361)
	at org.springframework.boot.SpringApplication.run(SpringApplication.java:1350)
	at com.sprint.mission.discodeit.DiscodeitApplication.main(DiscodeitApplication.java:10)
Caused by: org.springframework.beans.factory.UnsatisfiedDependencyException: Error creating bean with name 'filterChain' defined in class path resource [com/sprint/mission/discodeit/config/SecurityConfig.class]: Unsatisfied dependency expressed through method 'filterChain' parameter 4: Error creating bean with name 'rememberMeServices' defined in class path resource [com/sprint/mission/discodeit/config/SecurityConfig.class]: Unexpected exception during bean creation
	at org.springframework.beans.factory.support.ConstructorResolver.createArgumentArray(ConstructorResolver.java:804)
	at org.springframework.beans.factory.support.ConstructorResolver.instantiateUsingFactoryMethod(ConstructorResolver.java:546)
	at org.springframework.beans.factory.support.AbstractAutowireCapableBeanFactory.instantiateUsingFactoryMethod(AbstractAutowireCapableBeanFactory.java:1351)
	at org.springframework.beans.factory.support.AbstractAutowireCapableBeanFactory.createBeanInstance(AbstractAutowireCapableBeanFactory.java:1181)
	at org.springframework.beans.factory.support.AbstractAutowireCapableBeanFactory.doCreateBean(AbstractAutowireCapableBeanFactory.java:563)
	at org.springframework.beans.factory.support.AbstractAutowireCapableBeanFactory.createBean(AbstractAutowireCapableBeanFactory.java:523)
	at org.springframework.beans.factory.support.AbstractBeanFactory.lambda$doGetBean$0(AbstractBeanFactory.java:336)
	at org.springframework.beans.factory.support.DefaultSingletonBeanRegistry.getSingleton(DefaultSingletonBeanRegistry.java:288)
	at org.springframework.beans.factory.support.AbstractBeanFactory.doGetBean(AbstractBeanFactory.java:334)
	at org.springframework.beans.factory.support.AbstractBeanFactory.getBean(AbstractBeanFactory.java:199)
	at org.springframework.beans.factory.config.DependencyDescriptor.resolveCandidate(DependencyDescriptor.java:254)
	at org.springframework.beans.factory.support.DefaultListableBeanFactory.addCandidateEntry(DefaultListableBeanFactory.java:1878)
	at org.springframework.beans.factory.support.DefaultListableBeanFactory.findAutowireCandidates(DefaultListableBeanFactory.java:1842)
	at org.springframework.beans.factory.support.DefaultListableBeanFactory.resolveMultipleBeanCollection(DefaultListableBeanFactory.java:1732)
	at org.springframework.beans.factory.support.DefaultListableBeanFactory.resolveMultipleBeans(DefaultListableBeanFactory.java:1700)
	at org.springframework.beans.factory.support.DefaultListableBeanFactory.doResolveDependency(DefaultListableBeanFactory.java:1575)
	at org.springframework.beans.factory.support.DefaultListableBeanFactory.resolveDependency(DefaultListableBeanFactory.java:1514)
	at org.springframework.beans.factory.annotation.AutowiredAnnotationBeanPostProcessor$AutowiredMethodElement.resolveMethodArguments(AutowiredAnnotationBeanPostProcessor.java:888)
	... 22 common frames omitted
Caused by: org.springframework.beans.factory.BeanCreationException: Error creating bean with name 'rememberMeServices' defined in class path resource [com/sprint/mission/discodeit/config/SecurityConfig.class]: Unexpected exception during bean creation
	at org.springframework.beans.factory.support.AbstractAutowireCapableBeanFactory.createBean(AbstractAutowireCapableBeanFactory.java:536)
	at org.springframework.beans.factory.support.AbstractBeanFactory.lambda$doGetBean$0(AbstractBeanFactory.java:336)
	at org.springframework.beans.factory.support.DefaultSingletonBeanRegistry.getSingleton(DefaultSingletonBeanRegistry.java:288)
	at org.springframework.beans.factory.support.AbstractBeanFactory.doGetBean(AbstractBeanFactory.java:334)
	at org.springframework.beans.factory.support.AbstractBeanFactory.getBean(AbstractBeanFactory.java:199)
	at org.springframework.beans.factory.support.DefaultListableBeanFactory.doResolveDependency(DefaultListableBeanFactory.java:1568)
	at org.springframework.beans.factory.support.DefaultListableBeanFactory.resolveDependency(DefaultListableBeanFactory.java:1514)
	at org.springframework.beans.factory.support.ConstructorResolver.resolveAutowiredArgument(ConstructorResolver.java:913)
	at org.springframework.beans.factory.support.ConstructorResolver.createArgumentArray(ConstructorResolver.java:791)
	... 39 common frames omitted
Caused by: org.springframework.util.PlaceholderResolutionException: Could not resolve placeholder 'SECURITY_REMEMBER_ME_KEY' in value "${SECURITY_REMEMBER_ME_KEY}" <-- "${security.remember-me.key}"
	at org.springframework.util.PlaceholderResolutionException.withValue(PlaceholderResolutionException.java:81)
	at org.springframework.util.PlaceholderParser$ParsedValue.resolve(PlaceholderParser.java:416)
	at org.springframework.util.PlaceholderParser.replacePlaceholders(PlaceholderParser.java:128)
	at org.springframework.util.PropertyPlaceholderHelper.parseStringValue(PropertyPlaceholderHelper.java:118)
	at org.springframework.util.PropertyPlaceholderHelper.replacePlaceholders(PropertyPlaceholderHelper.java:114)
	at org.springframework.core.env.AbstractPropertyResolver.doResolvePlaceholders(AbstractPropertyResolver.java:255)
	at org.springframework.core.env.AbstractPropertyResolver.resolveRequiredPlaceholders(AbstractPropertyResolver.java:226)
	at org.springframework.context.support.PropertySourcesPlaceholderConfigurer.lambda$processProperties$0(PropertySourcesPlaceholderConfigurer.java:201)
	at org.springframework.beans.factory.support.AbstractBeanFactory.resolveEmbeddedValue(AbstractBeanFactory.java:963)
	at org.springframework.beans.factory.support.DefaultListableBeanFactory.doResolveDependency(DefaultListableBeanFactory.java:1536)
	at org.springframework.beans.factory.support.DefaultListableBeanFactory.resolveDependency(DefaultListableBeanFactory.java:1514)
	at org.springframework.beans.factory.support.ConstructorResolver.resolveAutowiredArgument(ConstructorResolver.java:913)
	at org.springframework.beans.factory.support.ConstructorResolver.createArgumentArray(ConstructorResolver.java:791)
	at org.springframework.beans.factory.support.ConstructorResolver.instantiateUsingFactoryMethod(ConstructorResolver.java:546)
	at org.springframework.beans.factory.support.AbstractAutowireCapableBeanFactory.instantiateUsingFactoryMethod(AbstractAutowireCapableBeanFactory.java:1351)
	at org.springframework.beans.factory.support.AbstractAutowireCapableBeanFactory.createBeanInstance(AbstractAutowireCapableBeanFactory.java:1181)
	at org.springframework.beans.factory.support.AbstractAutowireCapableBeanFactory.doCreateBean(AbstractAutowireCapableBeanFactory.java:563)
	at org.springframework.beans.factory.support.AbstractAutowireCapableBeanFactory.createBean(AbstractAutowireCapableBeanFactory.java:523)
	... 47 common frames omitted
25-07-04 09:34:44.049 [background-preinit] [32mINFO [0;39m o.h.validator.internal.util.Version  [ |  | ] - HV000001: Hibernate Validator 8.0.1.Final
25-07-04 09:34:44.118 [main] [32mINFO [0;39m c.s.m.discodeit.DiscodeitApplication [ |  | ] - Starting DiscodeitApplication using Java 17.0.14 with PID 76615 (/Users/jasonheo/2-sprint-mission/build/classes/java/main started by jasonheo in /Users/jasonheo/2-sprint-mission)
25-07-04 09:34:44.119 [main] [32mDEBUG[0;39m c.s.m.discodeit.DiscodeitApplication [ |  | ] - Running with Spring Boot v3.4.0, Spring v6.2.0
25-07-04 09:34:44.120 [main] [32mINFO [0;39m c.s.m.discodeit.DiscodeitApplication [ |  | ] - The following 1 profile is active: "dev"
25-07-04 09:34:46.024 [main] [32mINFO [0;39m o.s.d.r.c.RepositoryConfigurationDelegate [ |  | ] - Bootstrapping Spring Data JPA repositories in DEFAULT mode.
25-07-04 09:34:46.119 [main] [32mINFO [0;39m o.s.d.r.c.RepositoryConfigurationDelegate [ |  | ] - Finished Spring Data repository scanning in 81 ms. Found 5 JPA repository interfaces.
25-07-04 09:34:47.842 [main] [32mINFO [0;39m o.s.b.w.e.tomcat.TomcatWebServer     [ |  | ] - Tomcat initialized with port 8080 (http)
25-07-04 09:34:47.859 [main] [32mINFO [0;39m o.a.coyote.http11.Http11NioProtocol  [ |  | ] - Initializing ProtocolHandler ["http-nio-8080"]
25-07-04 09:34:47.861 [main] [32mINFO [0;39m o.a.catalina.core.StandardService    [ |  | ] - Starting service [Tomcat]
25-07-04 09:34:47.862 [main] [32mINFO [0;39m o.a.catalina.core.StandardEngine     [ |  | ] - Starting Servlet engine: [Apache Tomcat/10.1.33]
25-07-04 09:34:47.973 [main] [32mINFO [0;39m o.a.c.c.C.[Tomcat].[localhost].[/]   [ |  | ] - Initializing Spring embedded WebApplicationContext
25-07-04 09:34:47.973 [main] [32mINFO [0;39m o.s.b.w.s.c.ServletWebServerApplicationContext [ |  | ] - Root WebApplicationContext: initialization completed in 3799 ms
25-07-04 09:34:48.514 [main] [32mINFO [0;39m com.zaxxer.hikari.HikariDataSource   [ |  | ] - HikariPool-1 - Starting...
25-07-04 09:34:48.715 [main] [32mINFO [0;39m com.zaxxer.hikari.pool.HikariPool    [ |  | ] - HikariPool-1 - Added connection org.postgresql.jdbc.PgConnection@18ac4af6
25-07-04 09:34:48.717 [main] [32mINFO [0;39m com.zaxxer.hikari.HikariDataSource   [ |  | ] - HikariPool-1 - Start completed.
25-07-04 09:34:49.077 [main] [32mINFO [0;39m o.h.jpa.internal.util.LogHelper      [ |  | ] - HHH000204: Processing PersistenceUnitInfo [name: default]
25-07-04 09:34:49.168 [main] [32mINFO [0;39m org.hibernate.Version                [ |  | ] - HHH000412: Hibernate ORM core version 6.6.2.Final
25-07-04 09:34:49.222 [main] [32mINFO [0;39m o.h.c.i.RegionFactoryInitiator       [ |  | ] - HHH000026: Second-level cache disabled
25-07-04 09:34:49.702 [main] [32mINFO [0;39m o.s.o.j.p.SpringPersistenceUnitInfo  [ |  | ] - No LoadTimeWeaver setup: ignoring JPA class transformer
25-07-04 09:34:49.848 [main] [32mINFO [0;39m o.hibernate.orm.connections.pooling  [ |  | ] - HHH10001005: Database info:
	Database JDBC URL [Connecting through datasource 'HikariDataSource (HikariPool-1)']
	Database driver: undefined/unknown
	Database version: 14.18
	Autocommit mode: undefined/unknown
	Isolation level: undefined/unknown
	Minimum pool size: undefined/unknown
	Maximum pool size: undefined/unknown
25-07-04 09:34:51.483 [main] [32mINFO [0;39m o.h.e.t.j.p.i.JtaPlatformInitiator   [ |  | ] - HHH000489: No JTA platform available (set 'hibernate.transaction.jta.platform' to enable JTA platform integration)
25-07-04 09:34:51.671 [main] [32mINFO [0;39m o.s.o.j.LocalContainerEntityManagerFactoryBean [ |  | ] - Initialized JPA EntityManagerFactory for persistence unit 'default'
25-07-04 09:34:52.225 [main] [32mINFO [0;39m o.s.d.j.r.query.QueryEnhancerFactory [ |  | ] - Hibernate is in classpath; If applicable, HQL parser will be used.
25-07-04 09:34:52.791 [main] [32mDEBUG[0;39m o.s.s.a.h.RoleHierarchyImpl          [ |  | ] - buildRolesReachableInOneOrMoreStepsMap() - From role ROLE_ADMIN one can reach [ROLE_USER, ROLE_CHANNEL_MANAGER] in one or more steps.
25-07-04 09:34:52.791 [main] [32mDEBUG[0;39m o.s.s.a.h.RoleHierarchyImpl          [ |  | ] - buildRolesReachableInOneOrMoreStepsMap() - From role ROLE_CHANNEL_MANAGER one can reach [ROLE_USER] in one or more steps.
25-07-04 09:34:53.597 [main] [32mTRACE[0;39m o.s.s.c.a.a.c.AuthenticationConfiguration$EnableGlobalAuthenticationAutowiredConfigurer [ |  | ] - Eagerly initializing {securityConfig=com.sprint.mission.discodeit.config.SecurityConfig$$SpringCGLIB$$0@5982255e}
25-07-04 09:34:53.637 [main] [32mINFO [0;39m o.s.s.c.a.a.c.InitializeAuthenticationProviderBeanManagerConfigurer$InitializeAuthenticationProviderManagerConfigurer [ |  | ] - Global AuthenticationManager configured with AuthenticationProvider bean with name daoAuthenticationProvider
25-07-04 09:34:53.638 [main] [33mWARN [0;39m o.s.s.c.a.a.c.InitializeUserDetailsBeanManagerConfigurer$InitializeUserDetailsManagerConfigurer [ |  | ] - Global AuthenticationManager configured with an AuthenticationProvider bean. UserDetailsService beans will not be used by Spring Security for automatically configuring username/password login. Consider removing the AuthenticationProvider bean. Alternatively, consider using the UserDetailsService in a manually instantiated DaoAuthenticationProvider. If the current configuration is intentional, to turn off this warning, increase the logging level of 'org.springframework.security.config.annotation.authentication.configuration.InitializeUserDetailsBeanManagerConfigurer' to ERROR
25-07-04 09:34:53.751 [main] [32mINFO [0;39m o.s.b.a.w.s.WelcomePageHandlerMapping [ |  | ] - Adding welcome page: class path resource [static/index.html]
25-07-04 09:34:54.493 [main] [32mINFO [0;39m o.s.b.a.e.web.EndpointLinksResolver  [ |  | ] - Exposing 4 endpoints beneath base path '/actuator'
25-07-04 09:34:54.591 [main] [33mWARN [0;39m o.s.b.w.s.c.AnnotationConfigServletWebServerApplicationContext [ |  | ] - Exception encountered during context initialization - cancelling refresh attempt: org.springframework.beans.factory.UnsatisfiedDependencyException: Error creating bean with name 'org.springframework.security.config.annotation.web.configuration.WebSecurityConfiguration': Unsatisfied dependency expressed through method 'setFilterChains' parameter 0: Error creating bean with name 'filterChain' defined in class path resource [com/sprint/mission/discodeit/config/SecurityConfig.class]: Unsatisfied dependency expressed through method 'filterChain' parameter 4: Error creating bean with name 'rememberMeServices' defined in class path resource [com/sprint/mission/discodeit/config/SecurityConfig.class]: Unexpected exception during bean creation
25-07-04 09:34:54.594 [main] [32mINFO [0;39m o.s.o.j.LocalContainerEntityManagerFactoryBean [ |  | ] - Closing JPA EntityManagerFactory for persistence unit 'default'
25-07-04 09:34:54.598 [main] [32mINFO [0;39m com.zaxxer.hikari.HikariDataSource   [ |  | ] - HikariPool-1 - Shutdown initiated...
25-07-04 09:34:54.605 [main] [32mINFO [0;39m com.zaxxer.hikari.HikariDataSource   [ |  | ] - HikariPool-1 - Shutdown completed.
25-07-04 09:34:54.608 [main] [32mINFO [0;39m o.a.catalina.core.StandardService    [ |  | ] - Stopping service [Tomcat]
25-07-04 09:34:54.647 [main] [32mINFO [0;39m o.s.b.a.l.ConditionEvaluationReportLogger [ |  | ] - 

Error starting ApplicationContext. To display the condition evaluation report re-run your application with 'debug' enabled.
25-07-04 09:34:54.683 [main] [31mERROR[0;39m o.s.boot.SpringApplication           [ |  | ] - Application run failed
org.springframework.beans.factory.UnsatisfiedDependencyException: Error creating bean with name 'org.springframework.security.config.annotation.web.configuration.WebSecurityConfiguration': Unsatisfied dependency expressed through method 'setFilterChains' parameter 0: Error creating bean with name 'filterChain' defined in class path resource [com/sprint/mission/discodeit/config/SecurityConfig.class]: Unsatisfied dependency expressed through method 'filterChain' parameter 4: Error creating bean with name 'rememberMeServices' defined in class path resource [com/sprint/mission/discodeit/config/SecurityConfig.class]: Unexpected exception during bean creation
	at org.springframework.beans.factory.annotation.AutowiredAnnotationBeanPostProcessor$AutowiredMethodElement.resolveMethodArguments(AutowiredAnnotationBeanPostProcessor.java:896)
	at org.springframework.beans.factory.annotation.AutowiredAnnotationBeanPostProcessor$AutowiredMethodElement.inject(AutowiredAnnotationBeanPostProcessor.java:849)
	at org.springframework.beans.factory.annotation.InjectionMetadata.inject(InjectionMetadata.java:146)
	at org.springframework.beans.factory.annotation.AutowiredAnnotationBeanPostProcessor.postProcessProperties(AutowiredAnnotationBeanPostProcessor.java:509)
	at org.springframework.beans.factory.support.AbstractAutowireCapableBeanFactory.populateBean(AbstractAutowireCapableBeanFactory.java:1435)
	at org.springframework.beans.factory.support.AbstractAutowireCapableBeanFactory.doCreateBean(AbstractAutowireCapableBeanFactory.java:600)
	at org.springframework.beans.factory.support.AbstractAutowireCapableBeanFactory.createBean(AbstractAutowireCapableBeanFactory.java:523)
	at org.springframework.beans.factory.support.AbstractBeanFactory.lambda$doGetBean$0(AbstractBeanFactory.java:336)
	at org.springframework.beans.factory.support.DefaultSingletonBeanRegistry.getSingleton(DefaultSingletonBeanRegistry.java:288)
	at org.springframework.beans.factory.support.AbstractBeanFactory.doGetBean(AbstractBeanFactory.java:334)
	at org.springframework.beans.factory.support.AbstractBeanFactory.getBean(AbstractBeanFactory.java:199)
	at org.springframework.beans.factory.support.DefaultListableBeanFactory.instantiateSingleton(DefaultListableBeanFactory.java:1122)
	at org.springframework.beans.factory.support.DefaultListableBeanFactory.preInstantiateSingleton(DefaultListableBeanFactory.java:1093)
	at org.springframework.beans.factory.support.DefaultListableBeanFactory.preInstantiateSingletons(DefaultListableBeanFactory.java:1030)
	at org.springframework.context.support.AbstractApplicationContext.finishBeanFactoryInitialization(AbstractApplicationContext.java:987)
	at org.springframework.context.support.AbstractApplicationContext.refresh(AbstractApplicationContext.java:627)
	at org.springframework.boot.web.servlet.context.ServletWebServerApplicationContext.refresh(ServletWebServerApplicationContext.java:146)
	at org.springframework.boot.SpringApplication.refresh(SpringApplication.java:752)
	at org.springframework.boot.SpringApplication.refreshContext(SpringApplication.java:439)
	at org.springframework.boot.SpringApplication.run(SpringApplication.java:318)
	at org.springframework.boot.SpringApplication.run(SpringApplication.java:1361)
	at org.springframework.boot.SpringApplication.run(SpringApplication.java:1350)
	at com.sprint.mission.discodeit.DiscodeitApplication.main(DiscodeitApplication.java:10)
Caused by: org.springframework.beans.factory.UnsatisfiedDependencyException: Error creating bean with name 'filterChain' defined in class path resource [com/sprint/mission/discodeit/config/SecurityConfig.class]: Unsatisfied dependency expressed through method 'filterChain' parameter 4: Error creating bean with name 'rememberMeServices' defined in class path resource [com/sprint/mission/discodeit/config/SecurityConfig.class]: Unexpected exception during bean creation
	at org.springframework.beans.factory.support.ConstructorResolver.createArgumentArray(ConstructorResolver.java:804)
	at org.springframework.beans.factory.support.ConstructorResolver.instantiateUsingFactoryMethod(ConstructorResolver.java:546)
	at org.springframework.beans.factory.support.AbstractAutowireCapableBeanFactory.instantiateUsingFactoryMethod(AbstractAutowireCapableBeanFactory.java:1351)
	at org.springframework.beans.factory.support.AbstractAutowireCapableBeanFactory.createBeanInstance(AbstractAutowireCapableBeanFactory.java:1181)
	at org.springframework.beans.factory.support.AbstractAutowireCapableBeanFactory.doCreateBean(AbstractAutowireCapableBeanFactory.java:563)
	at org.springframework.beans.factory.support.AbstractAutowireCapableBeanFactory.createBean(AbstractAutowireCapableBeanFactory.java:523)
	at org.springframework.beans.factory.support.AbstractBeanFactory.lambda$doGetBean$0(AbstractBeanFactory.java:336)
	at org.springframework.beans.factory.support.DefaultSingletonBeanRegistry.getSingleton(DefaultSingletonBeanRegistry.java:288)
	at org.springframework.beans.factory.support.AbstractBeanFactory.doGetBean(AbstractBeanFactory.java:334)
	at org.springframework.beans.factory.support.AbstractBeanFactory.getBean(AbstractBeanFactory.java:199)
	at org.springframework.beans.factory.config.DependencyDescriptor.resolveCandidate(DependencyDescriptor.java:254)
	at org.springframework.beans.factory.support.DefaultListableBeanFactory.addCandidateEntry(DefaultListableBeanFactory.java:1878)
	at org.springframework.beans.factory.support.DefaultListableBeanFactory.findAutowireCandidates(DefaultListableBeanFactory.java:1842)
	at org.springframework.beans.factory.support.DefaultListableBeanFactory.resolveMultipleBeanCollection(DefaultListableBeanFactory.java:1732)
	at org.springframework.beans.factory.support.DefaultListableBeanFactory.resolveMultipleBeans(DefaultListableBeanFactory.java:1700)
	at org.springframework.beans.factory.support.DefaultListableBeanFactory.doResolveDependency(DefaultListableBeanFactory.java:1575)
	at org.springframework.beans.factory.support.DefaultListableBeanFactory.resolveDependency(DefaultListableBeanFactory.java:1514)
	at org.springframework.beans.factory.annotation.AutowiredAnnotationBeanPostProcessor$AutowiredMethodElement.resolveMethodArguments(AutowiredAnnotationBeanPostProcessor.java:888)
	... 22 common frames omitted
Caused by: org.springframework.beans.factory.BeanCreationException: Error creating bean with name 'rememberMeServices' defined in class path resource [com/sprint/mission/discodeit/config/SecurityConfig.class]: Unexpected exception during bean creation
	at org.springframework.beans.factory.support.AbstractAutowireCapableBeanFactory.createBean(AbstractAutowireCapableBeanFactory.java:536)
	at org.springframework.beans.factory.support.AbstractBeanFactory.lambda$doGetBean$0(AbstractBeanFactory.java:336)
	at org.springframework.beans.factory.support.DefaultSingletonBeanRegistry.getSingleton(DefaultSingletonBeanRegistry.java:288)
	at org.springframework.beans.factory.support.AbstractBeanFactory.doGetBean(AbstractBeanFactory.java:334)
	at org.springframework.beans.factory.support.AbstractBeanFactory.getBean(AbstractBeanFactory.java:199)
	at org.springframework.beans.factory.support.DefaultListableBeanFactory.doResolveDependency(DefaultListableBeanFactory.java:1568)
	at org.springframework.beans.factory.support.DefaultListableBeanFactory.resolveDependency(DefaultListableBeanFactory.java:1514)
	at org.springframework.beans.factory.support.ConstructorResolver.resolveAutowiredArgument(ConstructorResolver.java:913)
	at org.springframework.beans.factory.support.ConstructorResolver.createArgumentArray(ConstructorResolver.java:791)
	... 39 common frames omitted
Caused by: org.springframework.util.PlaceholderResolutionException: Could not resolve placeholder 'SECURITY_REMEMBER_ME_TOKEN_VALIDITY_SECONDS' in value "${SECURITY_REMEMBER_ME_TOKEN_VALIDITY_SECONDS}" <-- "${security.remember-me.token-validity-seconds}"
	at org.springframework.util.PlaceholderResolutionException.withValue(PlaceholderResolutionException.java:81)
	at org.springframework.util.PlaceholderParser$ParsedValue.resolve(PlaceholderParser.java:416)
	at org.springframework.util.PlaceholderParser.replacePlaceholders(PlaceholderParser.java:128)
	at org.springframework.util.PropertyPlaceholderHelper.parseStringValue(PropertyPlaceholderHelper.java:118)
	at org.springframework.util.PropertyPlaceholderHelper.replacePlaceholders(PropertyPlaceholderHelper.java:114)
	at org.springframework.core.env.AbstractPropertyResolver.doResolvePlaceholders(AbstractPropertyResolver.java:255)
	at org.springframework.core.env.AbstractPropertyResolver.resolveRequiredPlaceholders(AbstractPropertyResolver.java:226)
	at org.springframework.context.support.PropertySourcesPlaceholderConfigurer.lambda$processProperties$0(PropertySourcesPlaceholderConfigurer.java:201)
	at org.springframework.beans.factory.support.AbstractBeanFactory.resolveEmbeddedValue(AbstractBeanFactory.java:963)
	at org.springframework.beans.factory.support.DefaultListableBeanFactory.doResolveDependency(DefaultListableBeanFactory.java:1536)
	at org.springframework.beans.factory.support.DefaultListableBeanFactory.resolveDependency(DefaultListableBeanFactory.java:1514)
	at org.springframework.beans.factory.support.ConstructorResolver.resolveAutowiredArgument(ConstructorResolver.java:913)
	at org.springframework.beans.factory.support.ConstructorResolver.createArgumentArray(ConstructorResolver.java:791)
	at org.springframework.beans.factory.support.ConstructorResolver.instantiateUsingFactoryMethod(ConstructorResolver.java:546)
	at org.springframework.beans.factory.support.AbstractAutowireCapableBeanFactory.instantiateUsingFactoryMethod(AbstractAutowireCapableBeanFactory.java:1351)
	at org.springframework.beans.factory.support.AbstractAutowireCapableBeanFactory.createBeanInstance(AbstractAutowireCapableBeanFactory.java:1181)
	at org.springframework.beans.factory.support.AbstractAutowireCapableBeanFactory.doCreateBean(AbstractAutowireCapableBeanFactory.java:563)
	at org.springframework.beans.factory.support.AbstractAutowireCapableBeanFactory.createBean(AbstractAutowireCapableBeanFactory.java:523)
	... 47 common frames omitted
25-07-04 09:37:28.342 [background-preinit] [32mINFO [0;39m o.h.validator.internal.util.Version  [ |  | ] - HV000001: Hibernate Validator 8.0.1.Final
25-07-04 09:37:28.369 [main] [32mINFO [0;39m c.s.m.discodeit.DiscodeitApplication [ |  | ] - Starting DiscodeitApplication using Java 17.0.14 with PID 76899 (/Users/jasonheo/2-sprint-mission/build/classes/java/main started by jasonheo in /Users/jasonheo/2-sprint-mission)
25-07-04 09:37:28.370 [main] [32mDEBUG[0;39m c.s.m.discodeit.DiscodeitApplication [ |  | ] - Running with Spring Boot v3.4.0, Spring v6.2.0
25-07-04 09:37:28.370 [main] [32mINFO [0;39m c.s.m.discodeit.DiscodeitApplication [ |  | ] - The following 1 profile is active: "dev"
25-07-04 09:37:29.120 [main] [32mINFO [0;39m o.s.d.r.c.RepositoryConfigurationDelegate [ |  | ] - Bootstrapping Spring Data JPA repositories in DEFAULT mode.
25-07-04 09:37:29.160 [main] [32mINFO [0;39m o.s.d.r.c.RepositoryConfigurationDelegate [ |  | ] - Finished Spring Data repository scanning in 34 ms. Found 5 JPA repository interfaces.
25-07-04 09:37:29.627 [main] [32mINFO [0;39m o.s.b.w.e.tomcat.TomcatWebServer     [ |  | ] - Tomcat initialized with port 8080 (http)
25-07-04 09:37:29.634 [main] [32mINFO [0;39m o.a.coyote.http11.Http11NioProtocol  [ |  | ] - Initializing ProtocolHandler ["http-nio-8080"]
25-07-04 09:37:29.635 [main] [32mINFO [0;39m o.a.catalina.core.StandardService    [ |  | ] - Starting service [Tomcat]
25-07-04 09:37:29.635 [main] [32mINFO [0;39m o.a.catalina.core.StandardEngine     [ |  | ] - Starting Servlet engine: [Apache Tomcat/10.1.33]
25-07-04 09:37:29.668 [main] [32mINFO [0;39m o.a.c.c.C.[Tomcat].[localhost].[/]   [ |  | ] - Initializing Spring embedded WebApplicationContext
25-07-04 09:37:29.668 [main] [32mINFO [0;39m o.s.b.w.s.c.ServletWebServerApplicationContext [ |  | ] - Root WebApplicationContext: initialization completed in 1278 ms
25-07-04 09:37:29.832 [main] [32mINFO [0;39m com.zaxxer.hikari.HikariDataSource   [ |  | ] - HikariPool-1 - Starting...
25-07-04 09:37:29.904 [main] [32mINFO [0;39m com.zaxxer.hikari.pool.HikariPool    [ |  | ] - HikariPool-1 - Added connection org.postgresql.jdbc.PgConnection@2375a976
25-07-04 09:37:29.906 [main] [32mINFO [0;39m com.zaxxer.hikari.HikariDataSource   [ |  | ] - HikariPool-1 - Start completed.
25-07-04 09:37:29.964 [main] [32mINFO [0;39m o.h.jpa.internal.util.LogHelper      [ |  | ] - HHH000204: Processing PersistenceUnitInfo [name: default]
25-07-04 09:37:29.997 [main] [32mINFO [0;39m org.hibernate.Version                [ |  | ] - HHH000412: Hibernate ORM core version 6.6.2.Final
25-07-04 09:37:30.016 [main] [32mINFO [0;39m o.h.c.i.RegionFactoryInitiator       [ |  | ] - HHH000026: Second-level cache disabled
25-07-04 09:37:30.187 [main] [32mINFO [0;39m o.s.o.j.p.SpringPersistenceUnitInfo  [ |  | ] - No LoadTimeWeaver setup: ignoring JPA class transformer
25-07-04 09:37:30.243 [main] [32mINFO [0;39m o.hibernate.orm.connections.pooling  [ |  | ] - HHH10001005: Database info:
	Database JDBC URL [Connecting through datasource 'HikariDataSource (HikariPool-1)']
	Database driver: undefined/unknown
	Database version: 14.18
	Autocommit mode: undefined/unknown
	Isolation level: undefined/unknown
	Minimum pool size: undefined/unknown
	Maximum pool size: undefined/unknown
25-07-04 09:37:30.809 [main] [32mINFO [0;39m o.h.e.t.j.p.i.JtaPlatformInitiator   [ |  | ] - HHH000489: No JTA platform available (set 'hibernate.transaction.jta.platform' to enable JTA platform integration)
25-07-04 09:37:30.914 [main] [32mINFO [0;39m o.s.o.j.LocalContainerEntityManagerFactoryBean [ |  | ] - Initialized JPA EntityManagerFactory for persistence unit 'default'
25-07-04 09:37:31.118 [main] [32mINFO [0;39m o.s.d.j.r.query.QueryEnhancerFactory [ |  | ] - Hibernate is in classpath; If applicable, HQL parser will be used.
25-07-04 09:37:31.313 [main] [32mDEBUG[0;39m o.s.s.a.h.RoleHierarchyImpl          [ |  | ] - buildRolesReachableInOneOrMoreStepsMap() - From role ROLE_ADMIN one can reach [ROLE_USER, ROLE_CHANNEL_MANAGER] in one or more steps.
25-07-04 09:37:31.313 [main] [32mDEBUG[0;39m o.s.s.a.h.RoleHierarchyImpl          [ |  | ] - buildRolesReachableInOneOrMoreStepsMap() - From role ROLE_CHANNEL_MANAGER one can reach [ROLE_USER] in one or more steps.
25-07-04 09:37:31.623 [main] [32mTRACE[0;39m o.s.s.c.a.a.c.AuthenticationConfiguration$EnableGlobalAuthenticationAutowiredConfigurer [ |  | ] - Eagerly initializing {securityConfig=com.sprint.mission.discodeit.config.SecurityConfig$$SpringCGLIB$$0@2620264e}
25-07-04 09:37:31.640 [main] [32mINFO [0;39m o.s.s.c.a.a.c.InitializeAuthenticationProviderBeanManagerConfigurer$InitializeAuthenticationProviderManagerConfigurer [ |  | ] - Global AuthenticationManager configured with AuthenticationProvider bean with name daoAuthenticationProvider
25-07-04 09:37:31.640 [main] [33mWARN [0;39m o.s.s.c.a.a.c.InitializeUserDetailsBeanManagerConfigurer$InitializeUserDetailsManagerConfigurer [ |  | ] - Global AuthenticationManager configured with an AuthenticationProvider bean. UserDetailsService beans will not be used by Spring Security for automatically configuring username/password login. Consider removing the AuthenticationProvider bean. Alternatively, consider using the UserDetailsService in a manually instantiated DaoAuthenticationProvider. If the current configuration is intentional, to turn off this warning, increase the logging level of 'org.springframework.security.config.annotation.authentication.configuration.InitializeUserDetailsBeanManagerConfigurer' to ERROR
25-07-04 09:37:31.691 [main] [32mINFO [0;39m o.s.b.a.w.s.WelcomePageHandlerMapping [ |  | ] - Adding welcome page: class path resource [static/index.html]
25-07-04 09:37:32.011 [main] [32mINFO [0;39m o.s.b.a.e.web.EndpointLinksResolver  [ |  | ] - Exposing 4 endpoints beneath base path '/actuator'
25-07-04 09:37:32.115 [main] [32mDEBUG[0;39m o.s.s.web.DefaultSecurityFilterChain [ |  | ] - Will secure any request with filters: DisableEncodeUrlFilter, WebAsyncManagerIntegrationFilter, SecurityContextHolderFilter, HeaderWriterFilter, CsrfFilter, LogoutFilter, JsonUsernamePasswordAuthenticationFilter, ConcurrentSessionFilter, RequestCacheAwareFilter, SecurityContextHolderAwareRequestFilter, RememberMeAuthenticationFilter, AnonymousAuthenticationFilter, SessionManagementFilter, ExceptionTranslationFilter, AuthorizationFilter
25-07-04 09:37:32.133 [main] [32mDEBUG[0;39m c.s.m.d.config.SecurityConfig        [ |  | ] - Debug Filter Chain...
25-07-04 09:37:32.134 [main] [32mDEBUG[0;39m c.s.m.d.config.SecurityConfig        [ |  | ] - [1/15] org.springframework.security.web.session.DisableEncodeUrlFilter@5bf52832
25-07-04 09:37:32.134 [main] [32mDEBUG[0;39m c.s.m.d.config.SecurityConfig        [ |  | ] - [2/15] org.springframework.security.web.context.request.async.WebAsyncManagerIntegrationFilter@7df0a05b
25-07-04 09:37:32.134 [main] [32mDEBUG[0;39m c.s.m.d.config.SecurityConfig        [ |  | ] - [3/15] org.springframework.security.web.context.SecurityContextHolderFilter@4f6d3889
25-07-04 09:37:32.134 [main] [32mDEBUG[0;39m c.s.m.d.config.SecurityConfig        [ |  | ] - [4/15] org.springframework.security.web.header.HeaderWriterFilter@472cf6af
25-07-04 09:37:32.134 [main] [32mDEBUG[0;39m c.s.m.d.config.SecurityConfig        [ |  | ] - [5/15] org.springframework.security.web.csrf.CsrfFilter@41c77861
25-07-04 09:37:32.134 [main] [32mDEBUG[0;39m c.s.m.d.config.SecurityConfig        [ |  | ] - [6/15] org.springframework.security.web.authentication.logout.LogoutFilter@2fce55d6
25-07-04 09:37:32.134 [main] [32mDEBUG[0;39m c.s.m.d.config.SecurityConfig        [ |  | ] - [7/15] com.sprint.mission.discodeit.security.JsonUsernamePasswordAuthenticationFilter@332e4784
25-07-04 09:37:32.134 [main] [32mDEBUG[0;39m c.s.m.d.config.SecurityConfig        [ |  | ] - [8/15] org.springframework.security.web.session.ConcurrentSessionFilter@7d35707d
25-07-04 09:37:32.134 [main] [32mDEBUG[0;39m c.s.m.d.config.SecurityConfig        [ |  | ] - [9/15] org.springframework.security.web.savedrequest.RequestCacheAwareFilter@460fe6e3
25-07-04 09:37:32.134 [main] [32mDEBUG[0;39m c.s.m.d.config.SecurityConfig        [ |  | ] - [10/15] org.springframework.security.web.servletapi.SecurityContextHolderAwareRequestFilter@418422c3
25-07-04 09:37:32.134 [main] [32mDEBUG[0;39m c.s.m.d.config.SecurityConfig        [ |  | ] - [11/15] org.springframework.security.web.authentication.rememberme.RememberMeAuthenticationFilter@5e5af20c
25-07-04 09:37:32.134 [main] [32mDEBUG[0;39m c.s.m.d.config.SecurityConfig        [ |  | ] - [12/15] org.springframework.security.web.authentication.AnonymousAuthenticationFilter@485c31d7
25-07-04 09:37:32.134 [main] [32mDEBUG[0;39m c.s.m.d.config.SecurityConfig        [ |  | ] - [13/15] org.springframework.security.web.session.SessionManagementFilter@7eb3ba2
25-07-04 09:37:32.134 [main] [32mDEBUG[0;39m c.s.m.d.config.SecurityConfig        [ |  | ] - [14/15] org.springframework.security.web.access.ExceptionTranslationFilter@6c67a17d
25-07-04 09:37:32.134 [main] [32mDEBUG[0;39m c.s.m.d.config.SecurityConfig        [ |  | ] - [15/15] org.springframework.security.web.access.intercept.AuthorizationFilter@50798d39
25-07-04 09:37:32.570 [main] [32mINFO [0;39m o.a.coyote.http11.Http11NioProtocol  [ |  | ] - Starting ProtocolHandler ["http-nio-8080"]
25-07-04 09:37:32.584 [main] [32mINFO [0;39m o.s.b.w.e.tomcat.TomcatWebServer     [ |  | ] - Tomcat started on port 8080 (http) with context path '/'
25-07-04 09:37:32.596 [main] [32mINFO [0;39m c.s.m.discodeit.DiscodeitApplication [ |  | ] - Started DiscodeitApplication in 4.567 seconds (process running for 4.993)
25-07-04 09:37:32.635 [main] [32mDEBUG[0;39m org.hibernate.SQL                    [ |  | ] - 
    select
        u1_0.id 
    from
        users u1_0 
    where
        u1_0.email=? 
    fetch
        first ? rows only
25-07-04 09:37:32.636 [main] [32mTRACE[0;39m org.hibernate.orm.jdbc.bind          [ |  | ] - binding parameter (1:VARCHAR) <- [admin@discodeit.com]
25-07-04 09:37:32.636 [main] [32mTRACE[0;39m org.hibernate.orm.jdbc.bind          [ |  | ] - binding parameter (2:INTEGER) <- [1]
25-07-04 09:37:32.652 [main] [32mDEBUG[0;39m org.hibernate.SQL                    [ |  | ] - 
    select
        u1_0.id 
    from
        users u1_0 
    where
        u1_0.username=? 
    fetch
        first ? rows only
25-07-04 09:37:32.652 [main] [32mTRACE[0;39m org.hibernate.orm.jdbc.bind          [ |  | ] - binding parameter (1:VARCHAR) <- [admin]
25-07-04 09:37:32.652 [main] [32mTRACE[0;39m org.hibernate.orm.jdbc.bind          [ |  | ] - binding parameter (2:INTEGER) <- [1]
25-07-04 09:37:32.773 [main] [32mINFO [0;39m c.s.m.d.s.basic.BasicAuthService     [ |  | ] - 어드민이 초기화되었습니다. UserDto[id=25cfece6-6932-45b7-bb4d-f2b6829f80f7, username=admin, email=admin@discodeit.com, profile=null, online=null, role=ADMIN]
25-07-04 09:37:32.786 [main] [32mDEBUG[0;39m org.hibernate.SQL                    [ |  | ] - 
    insert 
    into
        users
        (created_at, email, password, profile_id, role, updated_at, username, id) 
    values
        (?, ?, ?, ?, ?, ?, ?, ?)
25-07-04 09:37:32.788 [main] [32mTRACE[0;39m org.hibernate.orm.jdbc.bind          [ |  | ] - binding parameter (1:TIMESTAMP_UTC) <- [2025-07-04T00:37:32.764819Z]
25-07-04 09:37:32.789 [main] [32mTRACE[0;39m org.hibernate.orm.jdbc.bind          [ |  | ] - binding parameter (2:VARCHAR) <- [admin@discodeit.com]
25-07-04 09:37:32.789 [main] [32mTRACE[0;39m org.hibernate.orm.jdbc.bind          [ |  | ] - binding parameter (3:VARCHAR) <- [$2a$10$NT5N8I3a2rraqefCn9b6neNL80rwt.L5z98DmtAZvhHUb7BMW1rlS]
25-07-04 09:37:32.789 [main] [32mTRACE[0;39m org.hibernate.orm.jdbc.bind          [ |  | ] - binding parameter (4:UUID) <- [null]
25-07-04 09:37:32.789 [main] [32mTRACE[0;39m org.hibernate.orm.jdbc.bind          [ |  | ] - binding parameter (5:VARCHAR) <- [ADMIN]
25-07-04 09:37:32.789 [main] [32mTRACE[0;39m org.hibernate.orm.jdbc.bind          [ |  | ] - binding parameter (6:TIMESTAMP_UTC) <- [2025-07-04T00:37:32.764819Z]
25-07-04 09:37:32.789 [main] [32mTRACE[0;39m org.hibernate.orm.jdbc.bind          [ |  | ] - binding parameter (7:VARCHAR) <- [admin]
25-07-04 09:37:32.789 [main] [32mTRACE[0;39m org.hibernate.orm.jdbc.bind          [ |  | ] - binding parameter (8:UUID) <- [25cfece6-6932-45b7-bb4d-f2b6829f80f7]
25-07-04 09:37:33.377 [RMI TCP Connection(2)-127.0.0.1] [32mINFO [0;39m o.a.c.c.C.[Tomcat].[localhost].[/]   [ |  | ] - Initializing Spring DispatcherServlet 'dispatcherServlet'
25-07-04 09:37:33.378 [RMI TCP Connection(2)-127.0.0.1] [32mINFO [0;39m o.s.web.servlet.DispatcherServlet    [ |  | ] - Initializing Servlet 'dispatcherServlet'
25-07-04 09:37:33.381 [RMI TCP Connection(2)-127.0.0.1] [32mINFO [0;39m o.s.web.servlet.DispatcherServlet    [ |  | ] - Completed initialization in 2 ms
25-07-04 09:43:19.557 [SpringApplicationShutdownHook] [32mINFO [0;39m o.s.b.w.e.tomcat.GracefulShutdown    [ |  | ] - Commencing graceful shutdown. Waiting for active requests to complete
25-07-04 09:43:19.575 [tomcat-shutdown] [32mINFO [0;39m o.s.b.w.e.tomcat.GracefulShutdown    [ |  | ] - Graceful shutdown complete
25-07-04 09:43:19.586 [SpringApplicationShutdownHook] [32mINFO [0;39m o.s.o.j.LocalContainerEntityManagerFactoryBean [ |  | ] - Closing JPA EntityManagerFactory for persistence unit 'default'
25-07-04 09:43:19.589 [SpringApplicationShutdownHook] [32mINFO [0;39m com.zaxxer.hikari.HikariDataSource   [ |  | ] - HikariPool-1 - Shutdown initiated...
25-07-04 09:43:19.592 [SpringApplicationShutdownHook] [32mINFO [0;39m com.zaxxer.hikari.HikariDataSource   [ |  | ] - HikariPool-1 - Shutdown completed.
25-07-04 10:43:13.424 [background-preinit] [32mINFO [0;39m o.h.validator.internal.util.Version  [ |  | ] - HV000001: Hibernate Validator 8.0.1.Final
25-07-04 10:43:13.469 [main] [32mINFO [0;39m c.s.m.discodeit.DiscodeitApplication [ |  | ] - Starting DiscodeitApplication using Java 17.0.14 with PID 83798 (/Users/jasonheo/2-sprint-mission/build/classes/java/main started by jasonheo in /Users/jasonheo/2-sprint-mission)
25-07-04 10:43:13.470 [main] [32mDEBUG[0;39m c.s.m.discodeit.DiscodeitApplication [ |  | ] - Running with Spring Boot v3.4.0, Spring v6.2.0
25-07-04 10:43:13.471 [main] [32mINFO [0;39m c.s.m.discodeit.DiscodeitApplication [ |  | ] - The following 1 profile is active: "dev"
25-07-04 10:43:14.787 [main] [32mINFO [0;39m o.s.d.r.c.RepositoryConfigurationDelegate [ |  | ] - Bootstrapping Spring Data JPA repositories in DEFAULT mode.
25-07-04 10:43:14.862 [main] [32mINFO [0;39m o.s.d.r.c.RepositoryConfigurationDelegate [ |  | ] - Finished Spring Data repository scanning in 66 ms. Found 6 JPA repository interfaces.
25-07-04 10:43:15.690 [main] [32mINFO [0;39m o.s.b.w.e.tomcat.TomcatWebServer     [ |  | ] - Tomcat initialized with port 8080 (http)
25-07-04 10:43:15.700 [main] [32mINFO [0;39m o.a.coyote.http11.Http11NioProtocol  [ |  | ] - Initializing ProtocolHandler ["http-nio-8080"]
25-07-04 10:43:15.702 [main] [32mINFO [0;39m o.a.catalina.core.StandardService    [ |  | ] - Starting service [Tomcat]
25-07-04 10:43:15.702 [main] [32mINFO [0;39m o.a.catalina.core.StandardEngine     [ |  | ] - Starting Servlet engine: [Apache Tomcat/10.1.33]
25-07-04 10:43:15.761 [main] [32mINFO [0;39m o.a.c.c.C.[Tomcat].[localhost].[/]   [ |  | ] - Initializing Spring embedded WebApplicationContext
25-07-04 10:43:15.761 [main] [32mINFO [0;39m o.s.b.w.s.c.ServletWebServerApplicationContext [ |  | ] - Root WebApplicationContext: initialization completed in 2253 ms
25-07-04 10:43:16.057 [main] [32mINFO [0;39m com.zaxxer.hikari.HikariDataSource   [ |  | ] - HikariPool-1 - Starting...
25-07-04 10:43:16.156 [main] [32mINFO [0;39m com.zaxxer.hikari.pool.HikariPool    [ |  | ] - HikariPool-1 - Added connection org.postgresql.jdbc.PgConnection@1c53bd49
25-07-04 10:43:16.157 [main] [32mINFO [0;39m com.zaxxer.hikari.HikariDataSource   [ |  | ] - HikariPool-1 - Start completed.
25-07-04 10:43:16.260 [main] [32mINFO [0;39m o.h.jpa.internal.util.LogHelper      [ |  | ] - HHH000204: Processing PersistenceUnitInfo [name: default]
25-07-04 10:43:16.329 [main] [32mINFO [0;39m org.hibernate.Version                [ |  | ] - HHH000412: Hibernate ORM core version 6.6.2.Final
25-07-04 10:43:16.365 [main] [32mINFO [0;39m o.h.c.i.RegionFactoryInitiator       [ |  | ] - HHH000026: Second-level cache disabled
25-07-04 10:43:16.749 [main] [32mINFO [0;39m o.s.o.j.p.SpringPersistenceUnitInfo  [ |  | ] - No LoadTimeWeaver setup: ignoring JPA class transformer
25-07-04 10:43:16.848 [main] [32mINFO [0;39m o.hibernate.orm.connections.pooling  [ |  | ] - HHH10001005: Database info:
	Database JDBC URL [Connecting through datasource 'HikariDataSource (HikariPool-1)']
	Database driver: undefined/unknown
	Database version: 14.18
	Autocommit mode: undefined/unknown
	Isolation level: undefined/unknown
	Minimum pool size: undefined/unknown
	Maximum pool size: undefined/unknown
25-07-04 10:43:18.278 [main] [32mINFO [0;39m o.h.e.t.j.p.i.JtaPlatformInitiator   [ |  | ] - HHH000489: No JTA platform available (set 'hibernate.transaction.jta.platform' to enable JTA platform integration)
25-07-04 10:43:18.327 [main] [31mERROR[0;39m o.s.o.j.LocalContainerEntityManagerFactoryBean [ |  | ] - Failed to initialize JPA EntityManagerFactory: [PersistenceUnit: default] Unable to build Hibernate SessionFactory; nested exception is org.hibernate.tool.schema.spi.SchemaManagementException: Schema-validation: missing table [jwt_sessions]
25-07-04 10:43:18.327 [main] [31mERROR[0;39m o.s.b.w.e.tomcat.TomcatStarter       [ |  | ] - Error starting Tomcat context. Exception: org.springframework.beans.factory.UnsatisfiedDependencyException. Message: Error creating bean with name 'jwtAuthenticationFilter' defined in file [/Users/jasonheo/2-sprint-mission/build/classes/java/main/com/sprint/mission/discodeit/security/jwt/JwtAuthenticationFilter.class]: Unsatisfied dependency expressed through constructor parameter 0: Error creating bean with name 'jwtService' defined in file [/Users/jasonheo/2-sprint-mission/build/classes/java/main/com/sprint/mission/discodeit/security/jwt/JwtService.class]: Unsatisfied dependency expressed through constructor parameter 0: Error creating bean with name 'userRepository' defined in com.sprint.mission.discodeit.repository.UserRepository defined in @EnableJpaRepositories declared on JpaRepositoriesRegistrar.EnableJpaRepositoriesConfiguration: Cannot resolve reference to bean 'jpaSharedEM_entityManagerFactory' while setting bean property 'entityManager'
25-07-04 10:43:18.349 [main] [32mINFO [0;39m o.a.catalina.core.StandardService    [ |  | ] - Stopping service [Tomcat]
25-07-04 10:43:18.350 [main] [33mWARN [0;39m o.a.c.loader.WebappClassLoaderBase   [ |  | ] - The web application [ROOT] appears to have started a thread named [HikariPool-1 housekeeper] but has failed to stop it. This is very likely to create a memory leak. Stack trace of thread:
 java.base@17.0.14/jdk.internal.misc.Unsafe.park(Native Method)
 java.base@17.0.14/java.util.concurrent.locks.LockSupport.parkNanos(LockSupport.java:252)
 java.base@17.0.14/java.util.concurrent.locks.AbstractQueuedSynchronizer$ConditionObject.awaitNanos(AbstractQueuedSynchronizer.java:1679)
 java.base@17.0.14/java.util.concurrent.ScheduledThreadPoolExecutor$DelayedWorkQueue.take(ScheduledThreadPoolExecutor.java:1182)
 java.base@17.0.14/java.util.concurrent.ScheduledThreadPoolExecutor$DelayedWorkQueue.take(ScheduledThreadPoolExecutor.java:899)
 java.base@17.0.14/java.util.concurrent.ThreadPoolExecutor.getTask(ThreadPoolExecutor.java:1062)
 java.base@17.0.14/java.util.concurrent.ThreadPoolExecutor.runWorker(ThreadPoolExecutor.java:1122)
 java.base@17.0.14/java.util.concurrent.ThreadPoolExecutor$Worker.run(ThreadPoolExecutor.java:635)
 java.base@17.0.14/java.lang.Thread.run(Thread.java:840)
25-07-04 10:43:18.350 [main] [33mWARN [0;39m o.a.c.loader.WebappClassLoaderBase   [ |  | ] - The web application [ROOT] appears to have started a thread named [HikariPool-1 connection adder] but has failed to stop it. This is very likely to create a memory leak. Stack trace of thread:
 java.base@17.0.14/jdk.internal.misc.Unsafe.park(Native Method)
 java.base@17.0.14/java.util.concurrent.locks.LockSupport.parkNanos(LockSupport.java:252)
 java.base@17.0.14/java.util.concurrent.locks.AbstractQueuedSynchronizer$ConditionObject.awaitNanos(AbstractQueuedSynchronizer.java:1679)
 java.base@17.0.14/java.util.concurrent.LinkedBlockingQueue.poll(LinkedBlockingQueue.java:460)
 java.base@17.0.14/java.util.concurrent.ThreadPoolExecutor.getTask(ThreadPoolExecutor.java:1061)
 java.base@17.0.14/java.util.concurrent.ThreadPoolExecutor.runWorker(ThreadPoolExecutor.java:1122)
 java.base@17.0.14/java.util.concurrent.ThreadPoolExecutor$Worker.run(ThreadPoolExecutor.java:635)
 java.base@17.0.14/java.lang.Thread.run(Thread.java:840)
25-07-04 10:43:18.352 [main] [33mWARN [0;39m o.s.b.w.s.c.AnnotationConfigServletWebServerApplicationContext [ |  | ] - Exception encountered during context initialization - cancelling refresh attempt: org.springframework.context.ApplicationContextException: Unable to start web server
25-07-04 10:43:18.353 [main] [32mINFO [0;39m com.zaxxer.hikari.HikariDataSource   [ |  | ] - HikariPool-1 - Shutdown initiated...
25-07-04 10:43:18.357 [main] [32mINFO [0;39m com.zaxxer.hikari.HikariDataSource   [ |  | ] - HikariPool-1 - Shutdown completed.
25-07-04 10:43:18.375 [main] [32mINFO [0;39m o.s.b.a.l.ConditionEvaluationReportLogger [ |  | ] - 

Error starting ApplicationContext. To display the condition evaluation report re-run your application with 'debug' enabled.
25-07-04 10:43:18.389 [main] [31mERROR[0;39m o.s.boot.SpringApplication           [ |  | ] - Application run failed
org.springframework.context.ApplicationContextException: Unable to start web server
	at org.springframework.boot.web.servlet.context.ServletWebServerApplicationContext.onRefresh(ServletWebServerApplicationContext.java:165)
	at org.springframework.context.support.AbstractApplicationContext.refresh(AbstractApplicationContext.java:621)
	at org.springframework.boot.web.servlet.context.ServletWebServerApplicationContext.refresh(ServletWebServerApplicationContext.java:146)
	at org.springframework.boot.SpringApplication.refresh(SpringApplication.java:752)
	at org.springframework.boot.SpringApplication.refreshContext(SpringApplication.java:439)
	at org.springframework.boot.SpringApplication.run(SpringApplication.java:318)
	at org.springframework.boot.SpringApplication.run(SpringApplication.java:1361)
	at org.springframework.boot.SpringApplication.run(SpringApplication.java:1350)
	at com.sprint.mission.discodeit.DiscodeitApplication.main(DiscodeitApplication.java:10)
Caused by: org.springframework.boot.web.server.WebServerException: Unable to start embedded Tomcat
	at org.springframework.boot.web.embedded.tomcat.TomcatWebServer.initialize(TomcatWebServer.java:147)
	at org.springframework.boot.web.embedded.tomcat.TomcatWebServer.<init>(TomcatWebServer.java:107)
	at org.springframework.boot.web.embedded.tomcat.TomcatServletWebServerFactory.getTomcatWebServer(TomcatServletWebServerFactory.java:516)
	at org.springframework.boot.web.embedded.tomcat.TomcatServletWebServerFactory.getWebServer(TomcatServletWebServerFactory.java:222)
	at org.springframework.boot.web.servlet.context.ServletWebServerApplicationContext.createWebServer(ServletWebServerApplicationContext.java:188)
	at org.springframework.boot.web.servlet.context.ServletWebServerApplicationContext.onRefresh(ServletWebServerApplicationContext.java:162)
	... 8 common frames omitted
Caused by: org.springframework.beans.factory.UnsatisfiedDependencyException: Error creating bean with name 'jwtAuthenticationFilter' defined in file [/Users/jasonheo/2-sprint-mission/build/classes/java/main/com/sprint/mission/discodeit/security/jwt/JwtAuthenticationFilter.class]: Unsatisfied dependency expressed through constructor parameter 0: Error creating bean with name 'jwtService' defined in file [/Users/jasonheo/2-sprint-mission/build/classes/java/main/com/sprint/mission/discodeit/security/jwt/JwtService.class]: Unsatisfied dependency expressed through constructor parameter 0: Error creating bean with name 'userRepository' defined in com.sprint.mission.discodeit.repository.UserRepository defined in @EnableJpaRepositories declared on JpaRepositoriesRegistrar.EnableJpaRepositoriesConfiguration: Cannot resolve reference to bean 'jpaSharedEM_entityManagerFactory' while setting bean property 'entityManager'
	at org.springframework.beans.factory.support.ConstructorResolver.createArgumentArray(ConstructorResolver.java:804)
	at org.springframework.beans.factory.support.ConstructorResolver.autowireConstructor(ConstructorResolver.java:240)
	at org.springframework.beans.factory.support.AbstractAutowireCapableBeanFactory.autowireConstructor(AbstractAutowireCapableBeanFactory.java:1371)
	at org.springframework.beans.factory.support.AbstractAutowireCapableBeanFactory.createBeanInstance(AbstractAutowireCapableBeanFactory.java:1208)
	at org.springframework.beans.factory.support.AbstractAutowireCapableBeanFactory.doCreateBean(AbstractAutowireCapableBeanFactory.java:563)
	at org.springframework.beans.factory.support.AbstractAutowireCapableBeanFactory.createBean(AbstractAutowireCapableBeanFactory.java:523)
	at org.springframework.beans.factory.support.AbstractBeanFactory.lambda$doGetBean$0(AbstractBeanFactory.java:336)
	at org.springframework.beans.factory.support.DefaultSingletonBeanRegistry.getSingleton(DefaultSingletonBeanRegistry.java:288)
	at org.springframework.beans.factory.support.AbstractBeanFactory.doGetBean(AbstractBeanFactory.java:334)
	at org.springframework.beans.factory.support.AbstractBeanFactory.getBean(AbstractBeanFactory.java:204)
	at org.springframework.boot.web.servlet.ServletContextInitializerBeans.getOrderedBeansOfType(ServletContextInitializerBeans.java:211)
	at org.springframework.boot.web.servlet.ServletContextInitializerBeans.addAsRegistrationBean(ServletContextInitializerBeans.java:174)
	at org.springframework.boot.web.servlet.ServletContextInitializerBeans.addAsRegistrationBean(ServletContextInitializerBeans.java:169)
	at org.springframework.boot.web.servlet.ServletContextInitializerBeans.addAdaptableBeans(ServletContextInitializerBeans.java:154)
	at org.springframework.boot.web.servlet.ServletContextInitializerBeans.<init>(ServletContextInitializerBeans.java:87)
	at org.springframework.boot.web.servlet.context.ServletWebServerApplicationContext.getServletContextInitializerBeans(ServletWebServerApplicationContext.java:266)
	at org.springframework.boot.web.servlet.context.ServletWebServerApplicationContext.selfInitialize(ServletWebServerApplicationContext.java:240)
	at org.springframework.boot.web.embedded.tomcat.TomcatStarter.onStartup(TomcatStarter.java:52)
	at org.apache.catalina.core.StandardContext.startInternal(StandardContext.java:4426)
	at org.apache.catalina.util.LifecycleBase.start(LifecycleBase.java:164)
	at org.apache.catalina.core.ContainerBase$StartChild.call(ContainerBase.java:1203)
	at org.apache.catalina.core.ContainerBase$StartChild.call(ContainerBase.java:1193)
	at java.base/java.util.concurrent.FutureTask.run(FutureTask.java:264)
	at org.apache.tomcat.util.threads.InlineExecutorService.execute(InlineExecutorService.java:75)
	at java.base/java.util.concurrent.AbstractExecutorService.submit(AbstractExecutorService.java:145)
	at org.apache.catalina.core.ContainerBase.startInternal(ContainerBase.java:749)
	at org.apache.catalina.core.StandardHost.startInternal(StandardHost.java:772)
	at org.apache.catalina.util.LifecycleBase.start(LifecycleBase.java:164)
	at org.apache.catalina.core.ContainerBase$StartChild.call(ContainerBase.java:1203)
	at org.apache.catalina.core.ContainerBase$StartChild.call(ContainerBase.java:1193)
	at java.base/java.util.concurrent.FutureTask.run(FutureTask.java:264)
	at org.apache.tomcat.util.threads.InlineExecutorService.execute(InlineExecutorService.java:75)
	at java.base/java.util.concurrent.AbstractExecutorService.submit(AbstractExecutorService.java:145)
	at org.apache.catalina.core.ContainerBase.startInternal(ContainerBase.java:749)
	at org.apache.catalina.core.StandardEngine.startInternal(StandardEngine.java:203)
	at org.apache.catalina.util.LifecycleBase.start(LifecycleBase.java:164)
	at org.apache.catalina.core.StandardService.startInternal(StandardService.java:415)
	at org.apache.catalina.util.LifecycleBase.start(LifecycleBase.java:164)
	at org.apache.catalina.core.StandardServer.startInternal(StandardServer.java:870)
	at org.apache.catalina.util.LifecycleBase.start(LifecycleBase.java:164)
	at org.apache.catalina.startup.Tomcat.start(Tomcat.java:437)
	at org.springframework.boot.web.embedded.tomcat.TomcatWebServer.initialize(TomcatWebServer.java:128)
	... 13 common frames omitted
Caused by: org.springframework.beans.factory.UnsatisfiedDependencyException: Error creating bean with name 'jwtService' defined in file [/Users/jasonheo/2-sprint-mission/build/classes/java/main/com/sprint/mission/discodeit/security/jwt/JwtService.class]: Unsatisfied dependency expressed through constructor parameter 0: Error creating bean with name 'userRepository' defined in com.sprint.mission.discodeit.repository.UserRepository defined in @EnableJpaRepositories declared on JpaRepositoriesRegistrar.EnableJpaRepositoriesConfiguration: Cannot resolve reference to bean 'jpaSharedEM_entityManagerFactory' while setting bean property 'entityManager'
	at org.springframework.beans.factory.support.ConstructorResolver.createArgumentArray(ConstructorResolver.java:804)
	at org.springframework.beans.factory.support.ConstructorResolver.autowireConstructor(ConstructorResolver.java:240)
	at org.springframework.beans.factory.support.AbstractAutowireCapableBeanFactory.autowireConstructor(AbstractAutowireCapableBeanFactory.java:1371)
	at org.springframework.beans.factory.support.AbstractAutowireCapableBeanFactory.createBeanInstance(AbstractAutowireCapableBeanFactory.java:1208)
	at org.springframework.beans.factory.support.AbstractAutowireCapableBeanFactory.doCreateBean(AbstractAutowireCapableBeanFactory.java:563)
	at org.springframework.beans.factory.support.AbstractAutowireCapableBeanFactory.createBean(AbstractAutowireCapableBeanFactory.java:523)
	at org.springframework.beans.factory.support.AbstractBeanFactory.lambda$doGetBean$0(AbstractBeanFactory.java:336)
	at org.springframework.beans.factory.support.DefaultSingletonBeanRegistry.getSingleton(DefaultSingletonBeanRegistry.java:288)
	at org.springframework.beans.factory.support.AbstractBeanFactory.doGetBean(AbstractBeanFactory.java:334)
	at org.springframework.beans.factory.support.AbstractBeanFactory.getBean(AbstractBeanFactory.java:199)
	at org.springframework.beans.factory.support.DefaultListableBeanFactory.doResolveDependency(DefaultListableBeanFactory.java:1568)
	at org.springframework.beans.factory.support.DefaultListableBeanFactory.resolveDependency(DefaultListableBeanFactory.java:1514)
	at org.springframework.beans.factory.support.ConstructorResolver.resolveAutowiredArgument(ConstructorResolver.java:913)
	at org.springframework.beans.factory.support.ConstructorResolver.createArgumentArray(ConstructorResolver.java:791)
	... 54 common frames omitted
Caused by: org.springframework.beans.factory.BeanCreationException: Error creating bean with name 'userRepository' defined in com.sprint.mission.discodeit.repository.UserRepository defined in @EnableJpaRepositories declared on JpaRepositoriesRegistrar.EnableJpaRepositoriesConfiguration: Cannot resolve reference to bean 'jpaSharedEM_entityManagerFactory' while setting bean property 'entityManager'
	at org.springframework.beans.factory.support.BeanDefinitionValueResolver.resolveReference(BeanDefinitionValueResolver.java:377)
	at org.springframework.beans.factory.support.BeanDefinitionValueResolver.resolveValueIfNecessary(BeanDefinitionValueResolver.java:135)
	at org.springframework.beans.factory.support.AbstractAutowireCapableBeanFactory.applyPropertyValues(AbstractAutowireCapableBeanFactory.java:1701)
	at org.springframework.beans.factory.support.AbstractAutowireCapableBeanFactory.populateBean(AbstractAutowireCapableBeanFactory.java:1450)
	at org.springframework.beans.factory.support.AbstractAutowireCapableBeanFactory.doCreateBean(AbstractAutowireCapableBeanFactory.java:600)
	at org.springframework.beans.factory.support.AbstractAutowireCapableBeanFactory.createBean(AbstractAutowireCapableBeanFactory.java:523)
	at org.springframework.beans.factory.support.AbstractBeanFactory.lambda$doGetBean$0(AbstractBeanFactory.java:336)
	at org.springframework.beans.factory.support.DefaultSingletonBeanRegistry.getSingleton(DefaultSingletonBeanRegistry.java:288)
	at org.springframework.beans.factory.support.AbstractBeanFactory.doGetBean(AbstractBeanFactory.java:334)
	at org.springframework.beans.factory.support.AbstractBeanFactory.getBean(AbstractBeanFactory.java:199)
	at org.springframework.beans.factory.support.DefaultListableBeanFactory.doResolveDependency(DefaultListableBeanFactory.java:1568)
	at org.springframework.beans.factory.support.DefaultListableBeanFactory.resolveDependency(DefaultListableBeanFactory.java:1514)
	at org.springframework.beans.factory.support.ConstructorResolver.resolveAutowiredArgument(ConstructorResolver.java:913)
	at org.springframework.beans.factory.support.ConstructorResolver.createArgumentArray(ConstructorResolver.java:791)
	... 67 common frames omitted
Caused by: org.springframework.beans.factory.BeanCreationException: Error creating bean with name 'jpaSharedEM_entityManagerFactory': Cannot resolve reference to bean 'entityManagerFactory' while setting constructor argument
	at org.springframework.beans.factory.support.BeanDefinitionValueResolver.resolveReference(BeanDefinitionValueResolver.java:377)
	at org.springframework.beans.factory.support.BeanDefinitionValueResolver.resolveValueIfNecessary(BeanDefinitionValueResolver.java:135)
	at org.springframework.beans.factory.support.ConstructorResolver.resolveConstructorArguments(ConstructorResolver.java:691)
	at org.springframework.beans.factory.support.ConstructorResolver.instantiateUsingFactoryMethod(ConstructorResolver.java:513)
	at org.springframework.beans.factory.support.AbstractAutowireCapableBeanFactory.instantiateUsingFactoryMethod(AbstractAutowireCapableBeanFactory.java:1351)
	at org.springframework.beans.factory.support.AbstractAutowireCapableBeanFactory.createBeanInstance(AbstractAutowireCapableBeanFactory.java:1181)
	at org.springframework.beans.factory.support.AbstractAutowireCapableBeanFactory.doCreateBean(AbstractAutowireCapableBeanFactory.java:563)
	at org.springframework.beans.factory.support.AbstractAutowireCapableBeanFactory.createBean(AbstractAutowireCapableBeanFactory.java:523)
	at org.springframework.beans.factory.support.AbstractBeanFactory.lambda$doGetBean$0(AbstractBeanFactory.java:336)
	at org.springframework.beans.factory.support.DefaultSingletonBeanRegistry.getSingleton(DefaultSingletonBeanRegistry.java:288)
	at org.springframework.beans.factory.support.AbstractBeanFactory.doGetBean(AbstractBeanFactory.java:334)
	at org.springframework.beans.factory.support.AbstractBeanFactory.getBean(AbstractBeanFactory.java:199)
	at org.springframework.beans.factory.support.BeanDefinitionValueResolver.resolveReference(BeanDefinitionValueResolver.java:365)
	... 80 common frames omitted
Caused by: org.springframework.beans.factory.BeanCreationException: Error creating bean with name 'entityManagerFactory' defined in class path resource [org/springframework/boot/autoconfigure/orm/jpa/HibernateJpaConfiguration.class]: [PersistenceUnit: default] Unable to build Hibernate SessionFactory; nested exception is org.hibernate.tool.schema.spi.SchemaManagementException: Schema-validation: missing table [jwt_sessions]
	at org.springframework.beans.factory.support.AbstractAutowireCapableBeanFactory.initializeBean(AbstractAutowireCapableBeanFactory.java:1802)
	at org.springframework.beans.factory.support.AbstractAutowireCapableBeanFactory.doCreateBean(AbstractAutowireCapableBeanFactory.java:601)
	at org.springframework.beans.factory.support.AbstractAutowireCapableBeanFactory.createBean(AbstractAutowireCapableBeanFactory.java:523)
	at org.springframework.beans.factory.support.AbstractBeanFactory.lambda$doGetBean$0(AbstractBeanFactory.java:336)
	at org.springframework.beans.factory.support.DefaultSingletonBeanRegistry.getSingleton(DefaultSingletonBeanRegistry.java:288)
	at org.springframework.beans.factory.support.AbstractBeanFactory.doGetBean(AbstractBeanFactory.java:334)
	at org.springframework.beans.factory.support.AbstractBeanFactory.getBean(AbstractBeanFactory.java:199)
	at org.springframework.beans.factory.support.BeanDefinitionValueResolver.resolveReference(BeanDefinitionValueResolver.java:365)
	... 92 common frames omitted
Caused by: jakarta.persistence.PersistenceException: [PersistenceUnit: default] Unable to build Hibernate SessionFactory; nested exception is org.hibernate.tool.schema.spi.SchemaManagementException: Schema-validation: missing table [jwt_sessions]
	at org.springframework.orm.jpa.AbstractEntityManagerFactoryBean.buildNativeEntityManagerFactory(AbstractEntityManagerFactoryBean.java:431)
	at org.springframework.orm.jpa.AbstractEntityManagerFactoryBean.afterPropertiesSet(AbstractEntityManagerFactoryBean.java:400)
	at org.springframework.orm.jpa.LocalContainerEntityManagerFactoryBean.afterPropertiesSet(LocalContainerEntityManagerFactoryBean.java:366)
	at org.springframework.beans.factory.support.AbstractAutowireCapableBeanFactory.invokeInitMethods(AbstractAutowireCapableBeanFactory.java:1849)
	at org.springframework.beans.factory.support.AbstractAutowireCapableBeanFactory.initializeBean(AbstractAutowireCapableBeanFactory.java:1798)
	... 99 common frames omitted
Caused by: org.hibernate.tool.schema.spi.SchemaManagementException: Schema-validation: missing table [jwt_sessions]
	at org.hibernate.tool.schema.internal.AbstractSchemaValidator.validateTable(AbstractSchemaValidator.java:136)
	at org.hibernate.tool.schema.internal.GroupedSchemaValidatorImpl.validateTables(GroupedSchemaValidatorImpl.java:46)
	at org.hibernate.tool.schema.internal.AbstractSchemaValidator.performValidation(AbstractSchemaValidator.java:99)
	at org.hibernate.tool.schema.internal.AbstractSchemaValidator.doValidation(AbstractSchemaValidator.java:77)
	at org.hibernate.tool.schema.spi.SchemaManagementToolCoordinator.performDatabaseAction(SchemaManagementToolCoordinator.java:289)
	at org.hibernate.tool.schema.spi.SchemaManagementToolCoordinator.lambda$process$5(SchemaManagementToolCoordinator.java:144)
	at java.base/java.util.HashMap.forEach(HashMap.java:1421)
	at org.hibernate.tool.schema.spi.SchemaManagementToolCoordinator.process(SchemaManagementToolCoordinator.java:141)
	at org.hibernate.boot.internal.SessionFactoryObserverForSchemaExport.sessionFactoryCreated(SessionFactoryObserverForSchemaExport.java:37)
	at org.hibernate.internal.SessionFactoryObserverChain.sessionFactoryCreated(SessionFactoryObserverChain.java:35)
	at org.hibernate.internal.SessionFactoryImpl.<init>(SessionFactoryImpl.java:324)
	at org.hibernate.boot.internal.SessionFactoryBuilderImpl.build(SessionFactoryBuilderImpl.java:463)
	at org.hibernate.jpa.boot.internal.EntityManagerFactoryBuilderImpl.build(EntityManagerFactoryBuilderImpl.java:1506)
	at org.springframework.orm.jpa.vendor.SpringHibernateJpaPersistenceProvider.createContainerEntityManagerFactory(SpringHibernateJpaPersistenceProvider.java:66)
	at org.springframework.orm.jpa.LocalContainerEntityManagerFactoryBean.createNativeEntityManagerFactory(LocalContainerEntityManagerFactoryBean.java:390)
	at org.springframework.orm.jpa.AbstractEntityManagerFactoryBean.buildNativeEntityManagerFactory(AbstractEntityManagerFactoryBean.java:419)
	... 103 common frames omitted
25-07-04 10:44:58.375 [background-preinit] [32mINFO [0;39m o.h.validator.internal.util.Version  [ |  | ] - HV000001: Hibernate Validator 8.0.1.Final
25-07-04 10:44:58.414 [main] [32mINFO [0;39m c.s.m.discodeit.DiscodeitApplication [ |  | ] - Starting DiscodeitApplication using Java 17.0.14 with PID 83988 (/Users/jasonheo/2-sprint-mission/build/classes/java/main started by jasonheo in /Users/jasonheo/2-sprint-mission)
25-07-04 10:44:58.415 [main] [32mDEBUG[0;39m c.s.m.discodeit.DiscodeitApplication [ |  | ] - Running with Spring Boot v3.4.0, Spring v6.2.0
25-07-04 10:44:58.415 [main] [32mINFO [0;39m c.s.m.discodeit.DiscodeitApplication [ |  | ] - The following 1 profile is active: "dev"
25-07-04 10:44:59.627 [main] [32mINFO [0;39m o.s.d.r.c.RepositoryConfigurationDelegate [ |  | ] - Bootstrapping Spring Data JPA repositories in DEFAULT mode.
25-07-04 10:44:59.704 [main] [32mINFO [0;39m o.s.d.r.c.RepositoryConfigurationDelegate [ |  | ] - Finished Spring Data repository scanning in 68 ms. Found 6 JPA repository interfaces.
25-07-04 10:45:00.479 [main] [32mINFO [0;39m o.s.b.w.e.tomcat.TomcatWebServer     [ |  | ] - Tomcat initialized with port 8080 (http)
25-07-04 10:45:00.489 [main] [32mINFO [0;39m o.a.coyote.http11.Http11NioProtocol  [ |  | ] - Initializing ProtocolHandler ["http-nio-8080"]
25-07-04 10:45:00.490 [main] [32mINFO [0;39m o.a.catalina.core.StandardService    [ |  | ] - Starting service [Tomcat]
25-07-04 10:45:00.491 [main] [32mINFO [0;39m o.a.catalina.core.StandardEngine     [ |  | ] - Starting Servlet engine: [Apache Tomcat/10.1.33]
25-07-04 10:45:00.538 [main] [32mINFO [0;39m o.a.c.c.C.[Tomcat].[localhost].[/]   [ |  | ] - Initializing Spring embedded WebApplicationContext
25-07-04 10:45:00.539 [main] [32mINFO [0;39m o.s.b.w.s.c.ServletWebServerApplicationContext [ |  | ] - Root WebApplicationContext: initialization completed in 2085 ms
25-07-04 10:45:00.750 [main] [32mINFO [0;39m com.zaxxer.hikari.HikariDataSource   [ |  | ] - HikariPool-1 - Starting...
25-07-04 10:45:00.835 [main] [32mINFO [0;39m com.zaxxer.hikari.pool.HikariPool    [ |  | ] - HikariPool-1 - Added connection org.postgresql.jdbc.PgConnection@507f47f9
25-07-04 10:45:00.836 [main] [32mINFO [0;39m com.zaxxer.hikari.HikariDataSource   [ |  | ] - HikariPool-1 - Start completed.
25-07-04 10:45:00.905 [main] [32mINFO [0;39m o.h.jpa.internal.util.LogHelper      [ |  | ] - HHH000204: Processing PersistenceUnitInfo [name: default]
25-07-04 10:45:00.947 [main] [32mINFO [0;39m org.hibernate.Version                [ |  | ] - HHH000412: Hibernate ORM core version 6.6.2.Final
25-07-04 10:45:00.972 [main] [32mINFO [0;39m o.h.c.i.RegionFactoryInitiator       [ |  | ] - HHH000026: Second-level cache disabled
25-07-04 10:45:01.193 [main] [32mINFO [0;39m o.s.o.j.p.SpringPersistenceUnitInfo  [ |  | ] - No LoadTimeWeaver setup: ignoring JPA class transformer
25-07-04 10:45:01.263 [main] [32mINFO [0;39m o.hibernate.orm.connections.pooling  [ |  | ] - HHH10001005: Database info:
	Database JDBC URL [Connecting through datasource 'HikariDataSource (HikariPool-1)']
	Database driver: undefined/unknown
	Database version: 14.18
	Autocommit mode: undefined/unknown
	Isolation level: undefined/unknown
	Minimum pool size: undefined/unknown
	Maximum pool size: undefined/unknown
25-07-04 10:45:02.089 [main] [32mINFO [0;39m o.h.e.t.j.p.i.JtaPlatformInitiator   [ |  | ] - HHH000489: No JTA platform available (set 'hibernate.transaction.jta.platform' to enable JTA platform integration)
25-07-04 10:45:02.145 [main] [32mDEBUG[0;39m org.hibernate.SQL                    [ |  | ] - 
    create table jwt_sessions (
        id uuid not null,
        refresh_token varchar(36) not null,
        user_id uuid not null,
        primary key (id)
    )
25-07-04 10:45:02.168 [main] [32mDEBUG[0;39m org.hibernate.SQL                    [ |  | ] - 
    alter table if exists jwt_sessions 
       drop constraint if exists UKj1uhiwf7kf59vor5hnrwrrp4l
25-07-04 10:45:02.170 [main] [33mWARN [0;39m o.h.e.jdbc.spi.SqlExceptionHelper    [ |  | ] - SQL Warning Code: 0, SQLState: 00000
25-07-04 10:45:02.170 [main] [33mWARN [0;39m o.h.e.jdbc.spi.SqlExceptionHelper    [ |  | ] - constraint "ukj1uhiwf7kf59vor5hnrwrrp4l" of relation "jwt_sessions" does not exist, skipping
25-07-04 10:45:02.170 [main] [32mDEBUG[0;39m org.hibernate.SQL                    [ |  | ] - 
    alter table if exists jwt_sessions 
       add constraint UKj1uhiwf7kf59vor5hnrwrrp4l unique (refresh_token)
25-07-04 10:45:02.178 [main] [32mDEBUG[0;39m org.hibernate.SQL                    [ |  | ] - 
    alter table if exists jwt_sessions 
       add constraint FK9dc87454jgu3s53vlk9b61myu 
       foreign key (user_id) 
       references users
25-07-04 10:45:02.241 [main] [32mINFO [0;39m o.s.o.j.LocalContainerEntityManagerFactoryBean [ |  | ] - Initialized JPA EntityManagerFactory for persistence unit 'default'
25-07-04 10:45:02.473 [main] [32mINFO [0;39m o.s.d.j.r.query.QueryEnhancerFactory [ |  | ] - Hibernate is in classpath; If applicable, HQL parser will be used.
25-07-04 10:45:02.719 [main] [31mERROR[0;39m o.s.b.w.e.tomcat.TomcatStarter       [ |  | ] - Error starting Tomcat context. Exception: org.springframework.beans.factory.UnsatisfiedDependencyException. Message: Error creating bean with name 'jwtAuthenticationFilter' defined in file [/Users/jasonheo/2-sprint-mission/build/classes/java/main/com/sprint/mission/discodeit/security/jwt/JwtAuthenticationFilter.class]: Unsatisfied dependency expressed through constructor parameter 0: Error creating bean with name 'jwtService' defined in file [/Users/jasonheo/2-sprint-mission/build/classes/java/main/com/sprint/mission/discodeit/security/jwt/JwtService.class]: Unsatisfied dependency expressed through constructor parameter 0: Error creating bean with name 'userRepository' defined in com.sprint.mission.discodeit.repository.UserRepository defined in @EnableJpaRepositories declared on JpaRepositoriesRegistrar.EnableJpaRepositoriesConfiguration: Could not create query for public abstract java.util.Optional com.sprint.mission.discodeit.repository.UserRepository.findByUsernameWithProfileAndStatus(java.lang.String); Reason: Validation failed for query for method public abstract java.util.Optional com.sprint.mission.discodeit.repository.UserRepository.findByUsernameWithProfileAndStatus(java.lang.String)
25-07-04 10:45:02.742 [main] [32mINFO [0;39m o.a.catalina.core.StandardService    [ |  | ] - Stopping service [Tomcat]
25-07-04 10:45:02.743 [main] [33mWARN [0;39m o.a.c.loader.WebappClassLoaderBase   [ |  | ] - The web application [ROOT] appears to have started a thread named [HikariPool-1 housekeeper] but has failed to stop it. This is very likely to create a memory leak. Stack trace of thread:
 java.base@17.0.14/jdk.internal.misc.Unsafe.park(Native Method)
 java.base@17.0.14/java.util.concurrent.locks.LockSupport.parkNanos(LockSupport.java:252)
 java.base@17.0.14/java.util.concurrent.locks.AbstractQueuedSynchronizer$ConditionObject.awaitNanos(AbstractQueuedSynchronizer.java:1679)
 java.base@17.0.14/java.util.concurrent.ScheduledThreadPoolExecutor$DelayedWorkQueue.take(ScheduledThreadPoolExecutor.java:1182)
 java.base@17.0.14/java.util.concurrent.ScheduledThreadPoolExecutor$DelayedWorkQueue.take(ScheduledThreadPoolExecutor.java:899)
 java.base@17.0.14/java.util.concurrent.ThreadPoolExecutor.getTask(ThreadPoolExecutor.java:1062)
 java.base@17.0.14/java.util.concurrent.ThreadPoolExecutor.runWorker(ThreadPoolExecutor.java:1122)
 java.base@17.0.14/java.util.concurrent.ThreadPoolExecutor$Worker.run(ThreadPoolExecutor.java:635)
 java.base@17.0.14/java.lang.Thread.run(Thread.java:840)
25-07-04 10:45:02.744 [main] [33mWARN [0;39m o.a.c.loader.WebappClassLoaderBase   [ |  | ] - The web application [ROOT] appears to have started a thread named [HikariPool-1 connection adder] but has failed to stop it. This is very likely to create a memory leak. Stack trace of thread:
 java.base@17.0.14/jdk.internal.misc.Unsafe.park(Native Method)
 java.base@17.0.14/java.util.concurrent.locks.LockSupport.parkNanos(LockSupport.java:252)
 java.base@17.0.14/java.util.concurrent.locks.AbstractQueuedSynchronizer$ConditionObject.awaitNanos(AbstractQueuedSynchronizer.java:1679)
 java.base@17.0.14/java.util.concurrent.LinkedBlockingQueue.poll(LinkedBlockingQueue.java:460)
 java.base@17.0.14/java.util.concurrent.ThreadPoolExecutor.getTask(ThreadPoolExecutor.java:1061)
 java.base@17.0.14/java.util.concurrent.ThreadPoolExecutor.runWorker(ThreadPoolExecutor.java:1122)
 java.base@17.0.14/java.util.concurrent.ThreadPoolExecutor$Worker.run(ThreadPoolExecutor.java:635)
 java.base@17.0.14/java.lang.Thread.run(Thread.java:840)
25-07-04 10:45:02.745 [main] [33mWARN [0;39m o.s.b.w.s.c.AnnotationConfigServletWebServerApplicationContext [ |  | ] - Exception encountered during context initialization - cancelling refresh attempt: org.springframework.context.ApplicationContextException: Unable to start web server
25-07-04 10:45:02.746 [main] [32mINFO [0;39m o.s.o.j.LocalContainerEntityManagerFactoryBean [ |  | ] - Closing JPA EntityManagerFactory for persistence unit 'default'
25-07-04 10:45:02.747 [main] [32mINFO [0;39m com.zaxxer.hikari.HikariDataSource   [ |  | ] - HikariPool-1 - Shutdown initiated...
25-07-04 10:45:02.750 [main] [32mINFO [0;39m com.zaxxer.hikari.HikariDataSource   [ |  | ] - HikariPool-1 - Shutdown completed.
25-07-04 10:45:02.765 [main] [32mINFO [0;39m o.s.b.a.l.ConditionEvaluationReportLogger [ |  | ] - 

Error starting ApplicationContext. To display the condition evaluation report re-run your application with 'debug' enabled.
25-07-04 10:45:02.777 [main] [31mERROR[0;39m o.s.boot.SpringApplication           [ |  | ] - Application run failed
org.springframework.context.ApplicationContextException: Unable to start web server
	at org.springframework.boot.web.servlet.context.ServletWebServerApplicationContext.onRefresh(ServletWebServerApplicationContext.java:165)
	at org.springframework.context.support.AbstractApplicationContext.refresh(AbstractApplicationContext.java:621)
	at org.springframework.boot.web.servlet.context.ServletWebServerApplicationContext.refresh(ServletWebServerApplicationContext.java:146)
	at org.springframework.boot.SpringApplication.refresh(SpringApplication.java:752)
	at org.springframework.boot.SpringApplication.refreshContext(SpringApplication.java:439)
	at org.springframework.boot.SpringApplication.run(SpringApplication.java:318)
	at org.springframework.boot.SpringApplication.run(SpringApplication.java:1361)
	at org.springframework.boot.SpringApplication.run(SpringApplication.java:1350)
	at com.sprint.mission.discodeit.DiscodeitApplication.main(DiscodeitApplication.java:10)
Caused by: org.springframework.boot.web.server.WebServerException: Unable to start embedded Tomcat
	at org.springframework.boot.web.embedded.tomcat.TomcatWebServer.initialize(TomcatWebServer.java:147)
	at org.springframework.boot.web.embedded.tomcat.TomcatWebServer.<init>(TomcatWebServer.java:107)
	at org.springframework.boot.web.embedded.tomcat.TomcatServletWebServerFactory.getTomcatWebServer(TomcatServletWebServerFactory.java:516)
	at org.springframework.boot.web.embedded.tomcat.TomcatServletWebServerFactory.getWebServer(TomcatServletWebServerFactory.java:222)
	at org.springframework.boot.web.servlet.context.ServletWebServerApplicationContext.createWebServer(ServletWebServerApplicationContext.java:188)
	at org.springframework.boot.web.servlet.context.ServletWebServerApplicationContext.onRefresh(ServletWebServerApplicationContext.java:162)
	... 8 common frames omitted
Caused by: org.springframework.beans.factory.UnsatisfiedDependencyException: Error creating bean with name 'jwtAuthenticationFilter' defined in file [/Users/jasonheo/2-sprint-mission/build/classes/java/main/com/sprint/mission/discodeit/security/jwt/JwtAuthenticationFilter.class]: Unsatisfied dependency expressed through constructor parameter 0: Error creating bean with name 'jwtService' defined in file [/Users/jasonheo/2-sprint-mission/build/classes/java/main/com/sprint/mission/discodeit/security/jwt/JwtService.class]: Unsatisfied dependency expressed through constructor parameter 0: Error creating bean with name 'userRepository' defined in com.sprint.mission.discodeit.repository.UserRepository defined in @EnableJpaRepositories declared on JpaRepositoriesRegistrar.EnableJpaRepositoriesConfiguration: Could not create query for public abstract java.util.Optional com.sprint.mission.discodeit.repository.UserRepository.findByUsernameWithProfileAndStatus(java.lang.String); Reason: Validation failed for query for method public abstract java.util.Optional com.sprint.mission.discodeit.repository.UserRepository.findByUsernameWithProfileAndStatus(java.lang.String)
	at org.springframework.beans.factory.support.ConstructorResolver.createArgumentArray(ConstructorResolver.java:804)
	at org.springframework.beans.factory.support.ConstructorResolver.autowireConstructor(ConstructorResolver.java:240)
	at org.springframework.beans.factory.support.AbstractAutowireCapableBeanFactory.autowireConstructor(AbstractAutowireCapableBeanFactory.java:1371)
	at org.springframework.beans.factory.support.AbstractAutowireCapableBeanFactory.createBeanInstance(AbstractAutowireCapableBeanFactory.java:1208)
	at org.springframework.beans.factory.support.AbstractAutowireCapableBeanFactory.doCreateBean(AbstractAutowireCapableBeanFactory.java:563)
	at org.springframework.beans.factory.support.AbstractAutowireCapableBeanFactory.createBean(AbstractAutowireCapableBeanFactory.java:523)
	at org.springframework.beans.factory.support.AbstractBeanFactory.lambda$doGetBean$0(AbstractBeanFactory.java:336)
	at org.springframework.beans.factory.support.DefaultSingletonBeanRegistry.getSingleton(DefaultSingletonBeanRegistry.java:288)
	at org.springframework.beans.factory.support.AbstractBeanFactory.doGetBean(AbstractBeanFactory.java:334)
	at org.springframework.beans.factory.support.AbstractBeanFactory.getBean(AbstractBeanFactory.java:204)
	at org.springframework.boot.web.servlet.ServletContextInitializerBeans.getOrderedBeansOfType(ServletContextInitializerBeans.java:211)
	at org.springframework.boot.web.servlet.ServletContextInitializerBeans.addAsRegistrationBean(ServletContextInitializerBeans.java:174)
	at org.springframework.boot.web.servlet.ServletContextInitializerBeans.addAsRegistrationBean(ServletContextInitializerBeans.java:169)
	at org.springframework.boot.web.servlet.ServletContextInitializerBeans.addAdaptableBeans(ServletContextInitializerBeans.java:154)
	at org.springframework.boot.web.servlet.ServletContextInitializerBeans.<init>(ServletContextInitializerBeans.java:87)
	at org.springframework.boot.web.servlet.context.ServletWebServerApplicationContext.getServletContextInitializerBeans(ServletWebServerApplicationContext.java:266)
	at org.springframework.boot.web.servlet.context.ServletWebServerApplicationContext.selfInitialize(ServletWebServerApplicationContext.java:240)
	at org.springframework.boot.web.embedded.tomcat.TomcatStarter.onStartup(TomcatStarter.java:52)
	at org.apache.catalina.core.StandardContext.startInternal(StandardContext.java:4426)
	at org.apache.catalina.util.LifecycleBase.start(LifecycleBase.java:164)
	at org.apache.catalina.core.ContainerBase$StartChild.call(ContainerBase.java:1203)
	at org.apache.catalina.core.ContainerBase$StartChild.call(ContainerBase.java:1193)
	at java.base/java.util.concurrent.FutureTask.run(FutureTask.java:264)
	at org.apache.tomcat.util.threads.InlineExecutorService.execute(InlineExecutorService.java:75)
	at java.base/java.util.concurrent.AbstractExecutorService.submit(AbstractExecutorService.java:145)
	at org.apache.catalina.core.ContainerBase.startInternal(ContainerBase.java:749)
	at org.apache.catalina.core.StandardHost.startInternal(StandardHost.java:772)
	at org.apache.catalina.util.LifecycleBase.start(LifecycleBase.java:164)
	at org.apache.catalina.core.ContainerBase$StartChild.call(ContainerBase.java:1203)
	at org.apache.catalina.core.ContainerBase$StartChild.call(ContainerBase.java:1193)
	at java.base/java.util.concurrent.FutureTask.run(FutureTask.java:264)
	at org.apache.tomcat.util.threads.InlineExecutorService.execute(InlineExecutorService.java:75)
	at java.base/java.util.concurrent.AbstractExecutorService.submit(AbstractExecutorService.java:145)
	at org.apache.catalina.core.ContainerBase.startInternal(ContainerBase.java:749)
	at org.apache.catalina.core.StandardEngine.startInternal(StandardEngine.java:203)
	at org.apache.catalina.util.LifecycleBase.start(LifecycleBase.java:164)
	at org.apache.catalina.core.StandardService.startInternal(StandardService.java:415)
	at org.apache.catalina.util.LifecycleBase.start(LifecycleBase.java:164)
	at org.apache.catalina.core.StandardServer.startInternal(StandardServer.java:870)
	at org.apache.catalina.util.LifecycleBase.start(LifecycleBase.java:164)
	at org.apache.catalina.startup.Tomcat.start(Tomcat.java:437)
	at org.springframework.boot.web.embedded.tomcat.TomcatWebServer.initialize(TomcatWebServer.java:128)
	... 13 common frames omitted
Caused by: org.springframework.beans.factory.UnsatisfiedDependencyException: Error creating bean with name 'jwtService' defined in file [/Users/jasonheo/2-sprint-mission/build/classes/java/main/com/sprint/mission/discodeit/security/jwt/JwtService.class]: Unsatisfied dependency expressed through constructor parameter 0: Error creating bean with name 'userRepository' defined in com.sprint.mission.discodeit.repository.UserRepository defined in @EnableJpaRepositories declared on JpaRepositoriesRegistrar.EnableJpaRepositoriesConfiguration: Could not create query for public abstract java.util.Optional com.sprint.mission.discodeit.repository.UserRepository.findByUsernameWithProfileAndStatus(java.lang.String); Reason: Validation failed for query for method public abstract java.util.Optional com.sprint.mission.discodeit.repository.UserRepository.findByUsernameWithProfileAndStatus(java.lang.String)
	at org.springframework.beans.factory.support.ConstructorResolver.createArgumentArray(ConstructorResolver.java:804)
	at org.springframework.beans.factory.support.ConstructorResolver.autowireConstructor(ConstructorResolver.java:240)
	at org.springframework.beans.factory.support.AbstractAutowireCapableBeanFactory.autowireConstructor(AbstractAutowireCapableBeanFactory.java:1371)
	at org.springframework.beans.factory.support.AbstractAutowireCapableBeanFactory.createBeanInstance(AbstractAutowireCapableBeanFactory.java:1208)
	at org.springframework.beans.factory.support.AbstractAutowireCapableBeanFactory.doCreateBean(AbstractAutowireCapableBeanFactory.java:563)
	at org.springframework.beans.factory.support.AbstractAutowireCapableBeanFactory.createBean(AbstractAutowireCapableBeanFactory.java:523)
	at org.springframework.beans.factory.support.AbstractBeanFactory.lambda$doGetBean$0(AbstractBeanFactory.java:336)
	at org.springframework.beans.factory.support.DefaultSingletonBeanRegistry.getSingleton(DefaultSingletonBeanRegistry.java:288)
	at org.springframework.beans.factory.support.AbstractBeanFactory.doGetBean(AbstractBeanFactory.java:334)
	at org.springframework.beans.factory.support.AbstractBeanFactory.getBean(AbstractBeanFactory.java:199)
	at org.springframework.beans.factory.support.DefaultListableBeanFactory.doResolveDependency(DefaultListableBeanFactory.java:1568)
	at org.springframework.beans.factory.support.DefaultListableBeanFactory.resolveDependency(DefaultListableBeanFactory.java:1514)
	at org.springframework.beans.factory.support.ConstructorResolver.resolveAutowiredArgument(ConstructorResolver.java:913)
	at org.springframework.beans.factory.support.ConstructorResolver.createArgumentArray(ConstructorResolver.java:791)
	... 54 common frames omitted
Caused by: org.springframework.beans.factory.BeanCreationException: Error creating bean with name 'userRepository' defined in com.sprint.mission.discodeit.repository.UserRepository defined in @EnableJpaRepositories declared on JpaRepositoriesRegistrar.EnableJpaRepositoriesConfiguration: Could not create query for public abstract java.util.Optional com.sprint.mission.discodeit.repository.UserRepository.findByUsernameWithProfileAndStatus(java.lang.String); Reason: Validation failed for query for method public abstract java.util.Optional com.sprint.mission.discodeit.repository.UserRepository.findByUsernameWithProfileAndStatus(java.lang.String)
	at org.springframework.beans.factory.support.AbstractAutowireCapableBeanFactory.initializeBean(AbstractAutowireCapableBeanFactory.java:1802)
	at org.springframework.beans.factory.support.AbstractAutowireCapableBeanFactory.doCreateBean(AbstractAutowireCapableBeanFactory.java:601)
	at org.springframework.beans.factory.support.AbstractAutowireCapableBeanFactory.createBean(AbstractAutowireCapableBeanFactory.java:523)
	at org.springframework.beans.factory.support.AbstractBeanFactory.lambda$doGetBean$0(AbstractBeanFactory.java:336)
	at org.springframework.beans.factory.support.DefaultSingletonBeanRegistry.getSingleton(DefaultSingletonBeanRegistry.java:288)
	at org.springframework.beans.factory.support.AbstractBeanFactory.doGetBean(AbstractBeanFactory.java:334)
	at org.springframework.beans.factory.support.AbstractBeanFactory.getBean(AbstractBeanFactory.java:199)
	at org.springframework.beans.factory.support.DefaultListableBeanFactory.doResolveDependency(DefaultListableBeanFactory.java:1568)
	at org.springframework.beans.factory.support.DefaultListableBeanFactory.resolveDependency(DefaultListableBeanFactory.java:1514)
	at org.springframework.beans.factory.support.ConstructorResolver.resolveAutowiredArgument(ConstructorResolver.java:913)
	at org.springframework.beans.factory.support.ConstructorResolver.createArgumentArray(ConstructorResolver.java:791)
	... 67 common frames omitted
Caused by: org.springframework.data.repository.query.QueryCreationException: Could not create query for public abstract java.util.Optional com.sprint.mission.discodeit.repository.UserRepository.findByUsernameWithProfileAndStatus(java.lang.String); Reason: Validation failed for query for method public abstract java.util.Optional com.sprint.mission.discodeit.repository.UserRepository.findByUsernameWithProfileAndStatus(java.lang.String)
	at org.springframework.data.repository.query.QueryCreationException.create(QueryCreationException.java:101)
	at org.springframework.data.repository.core.support.QueryExecutorMethodInterceptor.lookupQuery(QueryExecutorMethodInterceptor.java:120)
	at org.springframework.data.repository.core.support.QueryExecutorMethodInterceptor.mapMethodsToQuery(QueryExecutorMethodInterceptor.java:104)
	at org.springframework.data.repository.core.support.QueryExecutorMethodInterceptor.lambda$new$0(QueryExecutorMethodInterceptor.java:92)
	at java.base/java.util.Optional.map(Optional.java:260)
	at org.springframework.data.repository.core.support.QueryExecutorMethodInterceptor.<init>(QueryExecutorMethodInterceptor.java:92)
	at org.springframework.data.repository.core.support.RepositoryFactorySupport.getRepository(RepositoryFactorySupport.java:440)
	at org.springframework.data.repository.core.support.RepositoryFactoryBeanSupport.lambda$afterPropertiesSet$4(RepositoryFactoryBeanSupport.java:350)
	at org.springframework.data.util.Lazy.getNullable(Lazy.java:135)
	at org.springframework.data.util.Lazy.get(Lazy.java:113)
	at org.springframework.data.repository.core.support.RepositoryFactoryBeanSupport.afterPropertiesSet(RepositoryFactoryBeanSupport.java:356)
	at org.springframework.data.jpa.repository.support.JpaRepositoryFactoryBean.afterPropertiesSet(JpaRepositoryFactoryBean.java:132)
	at org.springframework.beans.factory.support.AbstractAutowireCapableBeanFactory.invokeInitMethods(AbstractAutowireCapableBeanFactory.java:1849)
	at org.springframework.beans.factory.support.AbstractAutowireCapableBeanFactory.initializeBean(AbstractAutowireCapableBeanFactory.java:1798)
	... 77 common frames omitted
Caused by: java.lang.IllegalArgumentException: Validation failed for query for method public abstract java.util.Optional com.sprint.mission.discodeit.repository.UserRepository.findByUsernameWithProfileAndStatus(java.lang.String)
	at org.springframework.data.jpa.repository.query.SimpleJpaQuery.validateQuery(SimpleJpaQuery.java:97)
	at org.springframework.data.jpa.repository.query.SimpleJpaQuery.<init>(SimpleJpaQuery.java:67)
	at org.springframework.data.jpa.repository.query.JpaQueryFactory.fromMethodWithQueryString(JpaQueryFactory.java:49)
	at org.springframework.data.jpa.repository.query.JpaQueryLookupStrategy$DeclaredQueryLookupStrategy.resolveQuery(JpaQueryLookupStrategy.java:174)
	at org.springframework.data.jpa.repository.query.JpaQueryLookupStrategy$CreateIfNotFoundQueryLookupStrategy.resolveQuery(JpaQueryLookupStrategy.java:256)
	at org.springframework.data.jpa.repository.query.JpaQueryLookupStrategy$AbstractQueryLookupStrategy.resolveQuery(JpaQueryLookupStrategy.java:99)
	at org.springframework.data.repository.core.support.QueryExecutorMethodInterceptor.lookupQuery(QueryExecutorMethodInterceptor.java:116)
	... 89 common frames omitted
Caused by: java.lang.IllegalArgumentException: org.hibernate.query.sqm.UnknownPathException: Could not resolve attribute 'status' of 'com.sprint.mission.discodeit.entity.User' [SELECT u FROM User u LEFT JOIN FETCH u.profile JOIN FETCH u.status WHERE u.username = :username]
	at org.hibernate.internal.ExceptionConverterImpl.convert(ExceptionConverterImpl.java:143)
	at org.hibernate.internal.ExceptionConverterImpl.convert(ExceptionConverterImpl.java:167)
	at org.hibernate.internal.ExceptionConverterImpl.convert(ExceptionConverterImpl.java:173)
	at org.hibernate.internal.AbstractSharedSessionContract.createQuery(AbstractSharedSessionContract.java:885)
	at org.hibernate.internal.AbstractSharedSessionContract.createQuery(AbstractSharedSessionContract.java:795)
	at org.hibernate.internal.AbstractSharedSessionContract.createQuery(AbstractSharedSessionContract.java:142)
	at java.base/jdk.internal.reflect.NativeMethodAccessorImpl.invoke0(Native Method)
	at java.base/jdk.internal.reflect.NativeMethodAccessorImpl.invoke(NativeMethodAccessorImpl.java:77)
	at java.base/jdk.internal.reflect.DelegatingMethodAccessorImpl.invoke(DelegatingMethodAccessorImpl.java:43)
	at java.base/java.lang.reflect.Method.invoke(Method.java:569)
	at org.springframework.orm.jpa.ExtendedEntityManagerCreator$ExtendedEntityManagerInvocationHandler.invoke(ExtendedEntityManagerCreator.java:364)
	at jdk.proxy2/jdk.proxy2.$Proxy175.createQuery(Unknown Source)
	at org.springframework.data.jpa.repository.query.SimpleJpaQuery.validateQuery(SimpleJpaQuery.java:91)
	... 95 common frames omitted
Caused by: org.hibernate.query.sqm.UnknownPathException: Could not resolve attribute 'status' of 'com.sprint.mission.discodeit.entity.User' [SELECT u FROM User u LEFT JOIN FETCH u.profile JOIN FETCH u.status WHERE u.username = :username]
	at org.hibernate.query.hql.internal.StandardHqlTranslator.translate(StandardHqlTranslator.java:88)
	at org.hibernate.query.internal.QueryInterpretationCacheStandardImpl.createHqlInterpretation(QueryInterpretationCacheStandardImpl.java:145)
	at org.hibernate.query.internal.QueryInterpretationCacheStandardImpl.resolveHqlInterpretation(QueryInterpretationCacheStandardImpl.java:132)
	at org.hibernate.query.spi.QueryEngine.interpretHql(QueryEngine.java:54)
	at org.hibernate.internal.AbstractSharedSessionContract.interpretHql(AbstractSharedSessionContract.java:831)
	at org.hibernate.internal.AbstractSharedSessionContract.createQuery(AbstractSharedSessionContract.java:877)
	... 104 common frames omitted
Caused by: org.hibernate.query.sqm.PathElementException: Could not resolve attribute 'status' of 'com.sprint.mission.discodeit.entity.User'
	at org.hibernate.query.sqm.SqmPathSource.getSubPathSource(SqmPathSource.java:95)
	at org.hibernate.query.hql.internal.QualifiedJoinPathConsumer.createJoin(QualifiedJoinPathConsumer.java:193)
	at org.hibernate.query.hql.internal.QualifiedJoinPathConsumer$AttributeJoinDelegate.consumeIdentifier(QualifiedJoinPathConsumer.java:271)
	at org.hibernate.query.hql.internal.QualifiedJoinPathConsumer.consumeIdentifier(QualifiedJoinPathConsumer.java:107)
	at org.hibernate.query.hql.internal.SemanticQueryBuilder.visitSimplePath(SemanticQueryBuilder.java:5462)
	at org.hibernate.query.hql.internal.SemanticQueryBuilder.visitGeneralPathFragment(SemanticQueryBuilder.java:5295)
	at org.hibernate.query.hql.internal.SemanticQueryBuilder.visitGeneralPathFragment(SemanticQueryBuilder.java:277)
	at org.hibernate.grammars.hql.HqlParser$GeneralPathFragmentContext.accept(HqlParser.java:4789)
	at org.hibernate.query.hql.internal.SemanticQueryBuilder.visitPath(SemanticQueryBuilder.java:5286)
	at org.hibernate.query.hql.internal.SemanticQueryBuilder.visitPath(SemanticQueryBuilder.java:277)
	at org.hibernate.grammars.hql.HqlParser$PathContext.accept(HqlParser.java:4519)
	at org.hibernate.query.hql.internal.SemanticQueryBuilder.getJoin(SemanticQueryBuilder.java:2280)
	at org.hibernate.query.hql.internal.SemanticQueryBuilder.consumeJoin(SemanticQueryBuilder.java:2224)
	at org.hibernate.query.hql.internal.SemanticQueryBuilder.visitEntityWithJoins(SemanticQueryBuilder.java:2037)
	at org.hibernate.query.hql.internal.SemanticQueryBuilder.visitFromClause(SemanticQueryBuilder.java:2016)
	at org.hibernate.query.hql.internal.SemanticQueryBuilder.visitQuery(SemanticQueryBuilder.java:1248)
	at org.hibernate.query.hql.internal.SemanticQueryBuilder.visitQuerySpecExpression(SemanticQueryBuilder.java:1040)
	at org.hibernate.query.hql.internal.SemanticQueryBuilder.visitQuerySpecExpression(SemanticQueryBuilder.java:277)
	at org.hibernate.grammars.hql.HqlParser$QuerySpecExpressionContext.accept(HqlParser.java:2134)
	at org.hibernate.query.hql.internal.SemanticQueryBuilder.visitSimpleQueryGroup(SemanticQueryBuilder.java:1025)
	at org.hibernate.query.hql.internal.SemanticQueryBuilder.visitSimpleQueryGroup(SemanticQueryBuilder.java:277)
	at org.hibernate.grammars.hql.HqlParser$SimpleQueryGroupContext.accept(HqlParser.java:2005)
	at org.hibernate.query.hql.internal.SemanticQueryBuilder.visitSelectStatement(SemanticQueryBuilder.java:492)
	at org.hibernate.query.hql.internal.SemanticQueryBuilder.visitStatement(SemanticQueryBuilder.java:451)
	at org.hibernate.query.hql.internal.SemanticQueryBuilder.buildSemanticModel(SemanticQueryBuilder.java:324)
	at org.hibernate.query.hql.internal.StandardHqlTranslator.translate(StandardHqlTranslator.java:71)
	... 109 common frames omitted
25-07-04 10:49:50.595 [background-preinit] [32mINFO [0;39m o.h.validator.internal.util.Version  [ |  | ] - HV000001: Hibernate Validator 8.0.1.Final
25-07-04 10:49:50.620 [main] [32mINFO [0;39m c.s.m.discodeit.DiscodeitApplication [ |  | ] - Starting DiscodeitApplication using Java 17.0.14 with PID 84518 (/Users/jasonheo/2-sprint-mission/build/classes/java/main started by jasonheo in /Users/jasonheo/2-sprint-mission)
25-07-04 10:49:50.620 [main] [32mDEBUG[0;39m c.s.m.discodeit.DiscodeitApplication [ |  | ] - Running with Spring Boot v3.4.0, Spring v6.2.0
25-07-04 10:49:50.620 [main] [32mINFO [0;39m c.s.m.discodeit.DiscodeitApplication [ |  | ] - The following 1 profile is active: "dev"
25-07-04 10:49:51.302 [main] [32mINFO [0;39m o.s.d.r.c.RepositoryConfigurationDelegate [ |  | ] - Bootstrapping Spring Data JPA repositories in DEFAULT mode.
25-07-04 10:49:51.344 [main] [32mINFO [0;39m o.s.d.r.c.RepositoryConfigurationDelegate [ |  | ] - Finished Spring Data repository scanning in 36 ms. Found 6 JPA repository interfaces.
25-07-04 10:49:51.817 [main] [32mINFO [0;39m o.s.b.w.e.tomcat.TomcatWebServer     [ |  | ] - Tomcat initialized with port 8080 (http)
25-07-04 10:49:51.825 [main] [32mINFO [0;39m o.a.coyote.http11.Http11NioProtocol  [ |  | ] - Initializing ProtocolHandler ["http-nio-8080"]
25-07-04 10:49:51.826 [main] [32mINFO [0;39m o.a.catalina.core.StandardService    [ |  | ] - Starting service [Tomcat]
25-07-04 10:49:51.826 [main] [32mINFO [0;39m o.a.catalina.core.StandardEngine     [ |  | ] - Starting Servlet engine: [Apache Tomcat/10.1.33]
25-07-04 10:49:51.859 [main] [32mINFO [0;39m o.a.c.c.C.[Tomcat].[localhost].[/]   [ |  | ] - Initializing Spring embedded WebApplicationContext
25-07-04 10:49:51.859 [main] [32mINFO [0;39m o.s.b.w.s.c.ServletWebServerApplicationContext [ |  | ] - Root WebApplicationContext: initialization completed in 1217 ms
25-07-04 10:49:52.007 [main] [32mINFO [0;39m com.zaxxer.hikari.HikariDataSource   [ |  | ] - HikariPool-1 - Starting...
25-07-04 10:49:52.063 [main] [32mINFO [0;39m com.zaxxer.hikari.pool.HikariPool    [ |  | ] - HikariPool-1 - Added connection org.postgresql.jdbc.PgConnection@144440f5
25-07-04 10:49:52.064 [main] [32mINFO [0;39m com.zaxxer.hikari.HikariDataSource   [ |  | ] - HikariPool-1 - Start completed.
25-07-04 10:49:52.126 [main] [32mINFO [0;39m o.h.jpa.internal.util.LogHelper      [ |  | ] - HHH000204: Processing PersistenceUnitInfo [name: default]
25-07-04 10:49:52.160 [main] [32mINFO [0;39m org.hibernate.Version                [ |  | ] - HHH000412: Hibernate ORM core version 6.6.2.Final
25-07-04 10:49:52.183 [main] [32mINFO [0;39m o.h.c.i.RegionFactoryInitiator       [ |  | ] - HHH000026: Second-level cache disabled
25-07-04 10:49:52.354 [main] [32mINFO [0;39m o.s.o.j.p.SpringPersistenceUnitInfo  [ |  | ] - No LoadTimeWeaver setup: ignoring JPA class transformer
25-07-04 10:49:52.417 [main] [32mINFO [0;39m o.hibernate.orm.connections.pooling  [ |  | ] - HHH10001005: Database info:
	Database JDBC URL [Connecting through datasource 'HikariDataSource (HikariPool-1)']
	Database driver: undefined/unknown
	Database version: 14.18
	Autocommit mode: undefined/unknown
	Isolation level: undefined/unknown
	Minimum pool size: undefined/unknown
	Maximum pool size: undefined/unknown
25-07-04 10:49:53.007 [main] [32mINFO [0;39m o.h.e.t.j.p.i.JtaPlatformInitiator   [ |  | ] - HHH000489: No JTA platform available (set 'hibernate.transaction.jta.platform' to enable JTA platform integration)
25-07-04 10:49:53.122 [main] [32mINFO [0;39m o.s.o.j.LocalContainerEntityManagerFactoryBean [ |  | ] - Initialized JPA EntityManagerFactory for persistence unit 'default'
25-07-04 10:49:53.268 [main] [32mINFO [0;39m o.s.d.j.r.query.QueryEnhancerFactory [ |  | ] - Hibernate is in classpath; If applicable, HQL parser will be used.
25-07-04 10:49:53.634 [main] [32mTRACE[0;39m o.s.s.c.a.a.c.AuthenticationConfiguration$EnableGlobalAuthenticationAutowiredConfigurer [ |  | ] - Eagerly initializing {securityConfig=com.sprint.mission.discodeit.config.SecurityConfig$$SpringCGLIB$$0@1abc3085}
25-07-04 10:49:53.645 [main] [32mDEBUG[0;39m o.s.s.a.h.RoleHierarchyImpl          [ |  | ] - setHierarchy() - The following role hierarchy was set: ROLE_ADMIN > ROLE_CHANNEL_MANAGER
ROLE_CHANNEL_MANAGER > ROLE_USER
25-07-04 10:49:53.645 [main] [32mDEBUG[0;39m o.s.s.a.h.RoleHierarchyImpl          [ |  | ] - buildRolesReachableInOneStepMap() - From role ROLE_ADMIN one can reach role ROLE_CHANNEL_MANAGER in one step.
25-07-04 10:49:53.646 [main] [32mDEBUG[0;39m o.s.s.a.h.RoleHierarchyImpl          [ |  | ] - buildRolesReachableInOneStepMap() - From role ROLE_CHANNEL_MANAGER one can reach role ROLE_USER in one step.
25-07-04 10:49:53.646 [main] [32mDEBUG[0;39m o.s.s.a.h.RoleHierarchyImpl          [ |  | ] - buildRolesReachableInOneOrMoreStepsMap() - From role ROLE_ADMIN one can reach [ROLE_USER, ROLE_CHANNEL_MANAGER] in one or more steps.
25-07-04 10:49:53.646 [main] [32mDEBUG[0;39m o.s.s.a.h.RoleHierarchyImpl          [ |  | ] - buildRolesReachableInOneOrMoreStepsMap() - From role ROLE_CHANNEL_MANAGER one can reach [ROLE_USER] in one or more steps.
25-07-04 10:49:53.679 [main] [32mINFO [0;39m o.s.s.c.a.a.c.InitializeAuthenticationProviderBeanManagerConfigurer$InitializeAuthenticationProviderManagerConfigurer [ |  | ] - Global AuthenticationManager configured with AuthenticationProvider bean with name daoAuthenticationProvider
25-07-04 10:49:53.680 [main] [33mWARN [0;39m o.s.s.c.a.a.c.InitializeUserDetailsBeanManagerConfigurer$InitializeUserDetailsManagerConfigurer [ |  | ] - Global AuthenticationManager configured with an AuthenticationProvider bean. UserDetailsService beans will not be used by Spring Security for automatically configuring username/password login. Consider removing the AuthenticationProvider bean. Alternatively, consider using the UserDetailsService in a manually instantiated DaoAuthenticationProvider. If the current configuration is intentional, to turn off this warning, increase the logging level of 'org.springframework.security.config.annotation.authentication.configuration.InitializeUserDetailsBeanManagerConfigurer' to ERROR
25-07-04 10:49:53.727 [main] [32mDEBUG[0;39m c.s.m.d.s.j.JwtAuthenticationFilter  [ |  | ] - Filter 'jwtAuthenticationFilter' configured for use
25-07-04 10:49:53.728 [main] [32mDEBUG[0;39m c.s.m.d.s.JsonUsernamePasswordAuthenticationFilter [ |  | ] - Filter 'jsonUsernamePasswordAuthenticationFilter' configured for use
25-07-04 10:49:53.743 [main] [33mWARN [0;39m o.s.b.w.s.c.AnnotationConfigServletWebServerApplicationContext [ |  | ] - Exception encountered during context initialization - cancelling refresh attempt: org.springframework.beans.factory.UnsatisfiedDependencyException: Error creating bean with name 'authController' defined in file [/Users/jasonheo/2-sprint-mission/build/classes/java/main/com/sprint/mission/discodeit/controller/AuthController.class]: Unsatisfied dependency expressed through constructor parameter 0: Error creating bean with name 'basicAuthService' defined in file [/Users/jasonheo/2-sprint-mission/build/classes/java/main/com/sprint/mission/discodeit/service/basic/BasicAuthService.class]: Unsatisfied dependency expressed through constructor parameter 3: No qualifying bean of type 'org.springframework.security.core.session.SessionRegistry' available: expected at least 1 bean which qualifies as autowire candidate. Dependency annotations: {}
25-07-04 10:49:53.743 [main] [32mINFO [0;39m o.s.o.j.LocalContainerEntityManagerFactoryBean [ |  | ] - Closing JPA EntityManagerFactory for persistence unit 'default'
25-07-04 10:49:53.745 [main] [32mINFO [0;39m com.zaxxer.hikari.HikariDataSource   [ |  | ] - HikariPool-1 - Shutdown initiated...
25-07-04 10:49:53.748 [main] [32mINFO [0;39m com.zaxxer.hikari.HikariDataSource   [ |  | ] - HikariPool-1 - Shutdown completed.
25-07-04 10:49:53.749 [main] [32mINFO [0;39m o.a.catalina.core.StandardService    [ |  | ] - Stopping service [Tomcat]
25-07-04 10:49:53.763 [main] [32mINFO [0;39m o.s.b.a.l.ConditionEvaluationReportLogger [ |  | ] - 

Error starting ApplicationContext. To display the condition evaluation report re-run your application with 'debug' enabled.
25-07-04 10:49:53.781 [main] [31mERROR[0;39m o.s.b.d.LoggingFailureAnalysisReporter [ |  | ] - 

***************************
APPLICATION FAILED TO START
***************************

Description:

Parameter 3 of constructor in com.sprint.mission.discodeit.service.basic.BasicAuthService required a bean of type 'org.springframework.security.core.session.SessionRegistry' that could not be found.


Action:

Consider defining a bean of type 'org.springframework.security.core.session.SessionRegistry' in your configuration.

25-07-04 11:04:56.566 [background-preinit] [32mINFO [0;39m o.h.validator.internal.util.Version  [ |  | ] - HV000001: Hibernate Validator 8.0.1.Final
25-07-04 11:04:56.618 [main] [32mINFO [0;39m c.s.m.discodeit.DiscodeitApplication [ |  | ] - Starting DiscodeitApplication using Java 17.0.14 with PID 86000 (/Users/jasonheo/2-sprint-mission/build/classes/java/main started by jasonheo in /Users/jasonheo/2-sprint-mission)
25-07-04 11:04:56.619 [main] [32mDEBUG[0;39m c.s.m.discodeit.DiscodeitApplication [ |  | ] - Running with Spring Boot v3.4.0, Spring v6.2.0
25-07-04 11:04:56.619 [main] [32mINFO [0;39m c.s.m.discodeit.DiscodeitApplication [ |  | ] - The following 1 profile is active: "dev"
25-07-04 11:04:57.527 [main] [32mINFO [0;39m o.s.d.r.c.RepositoryConfigurationDelegate [ |  | ] - Bootstrapping Spring Data JPA repositories in DEFAULT mode.
25-07-04 11:04:57.571 [main] [32mINFO [0;39m o.s.d.r.c.RepositoryConfigurationDelegate [ |  | ] - Finished Spring Data repository scanning in 39 ms. Found 6 JPA repository interfaces.
25-07-04 11:04:58.065 [main] [32mINFO [0;39m o.s.b.w.e.tomcat.TomcatWebServer     [ |  | ] - Tomcat initialized with port 8080 (http)
25-07-04 11:04:58.073 [main] [32mINFO [0;39m o.a.coyote.http11.Http11NioProtocol  [ |  | ] - Initializing ProtocolHandler ["http-nio-8080"]
25-07-04 11:04:58.075 [main] [32mINFO [0;39m o.a.catalina.core.StandardService    [ |  | ] - Starting service [Tomcat]
25-07-04 11:04:58.075 [main] [32mINFO [0;39m o.a.catalina.core.StandardEngine     [ |  | ] - Starting Servlet engine: [Apache Tomcat/10.1.33]
25-07-04 11:04:58.115 [main] [32mINFO [0;39m o.a.c.c.C.[Tomcat].[localhost].[/]   [ |  | ] - Initializing Spring embedded WebApplicationContext
25-07-04 11:04:58.115 [main] [32mINFO [0;39m o.s.b.w.s.c.ServletWebServerApplicationContext [ |  | ] - Root WebApplicationContext: initialization completed in 1462 ms
25-07-04 11:04:58.265 [main] [32mINFO [0;39m com.zaxxer.hikari.HikariDataSource   [ |  | ] - HikariPool-1 - Starting...
25-07-04 11:04:58.333 [main] [32mINFO [0;39m com.zaxxer.hikari.pool.HikariPool    [ |  | ] - HikariPool-1 - Added connection org.postgresql.jdbc.PgConnection@6785df10
25-07-04 11:04:58.333 [main] [32mINFO [0;39m com.zaxxer.hikari.HikariDataSource   [ |  | ] - HikariPool-1 - Start completed.
25-07-04 11:04:58.391 [main] [32mINFO [0;39m o.h.jpa.internal.util.LogHelper      [ |  | ] - HHH000204: Processing PersistenceUnitInfo [name: default]
25-07-04 11:04:58.427 [main] [32mINFO [0;39m org.hibernate.Version                [ |  | ] - HHH000412: Hibernate ORM core version 6.6.2.Final
25-07-04 11:04:58.449 [main] [32mINFO [0;39m o.h.c.i.RegionFactoryInitiator       [ |  | ] - HHH000026: Second-level cache disabled
25-07-04 11:04:58.637 [main] [32mINFO [0;39m o.s.o.j.p.SpringPersistenceUnitInfo  [ |  | ] - No LoadTimeWeaver setup: ignoring JPA class transformer
25-07-04 11:04:58.699 [main] [32mINFO [0;39m o.hibernate.orm.connections.pooling  [ |  | ] - HHH10001005: Database info:
	Database JDBC URL [Connecting through datasource 'HikariDataSource (HikariPool-1)']
	Database driver: undefined/unknown
	Database version: 14.18
	Autocommit mode: undefined/unknown
	Isolation level: undefined/unknown
	Minimum pool size: undefined/unknown
	Maximum pool size: undefined/unknown
25-07-04 11:04:59.303 [main] [32mINFO [0;39m o.h.e.t.j.p.i.JtaPlatformInitiator   [ |  | ] - HHH000489: No JTA platform available (set 'hibernate.transaction.jta.platform' to enable JTA platform integration)
25-07-04 11:04:59.413 [main] [32mINFO [0;39m o.s.o.j.LocalContainerEntityManagerFactoryBean [ |  | ] - Initialized JPA EntityManagerFactory for persistence unit 'default'
25-07-04 11:04:59.601 [main] [32mINFO [0;39m o.s.d.j.r.query.QueryEnhancerFactory [ |  | ] - Hibernate is in classpath; If applicable, HQL parser will be used.
25-07-04 11:04:59.966 [main] [32mTRACE[0;39m o.s.s.c.a.a.c.AuthenticationConfiguration$EnableGlobalAuthenticationAutowiredConfigurer [ |  | ] - Eagerly initializing {securityConfig=com.sprint.mission.discodeit.config.SecurityConfig$$SpringCGLIB$$0@136dc575}
25-07-04 11:04:59.974 [main] [32mDEBUG[0;39m o.s.s.a.h.RoleHierarchyImpl          [ |  | ] - setHierarchy() - The following role hierarchy was set: ROLE_ADMIN > ROLE_CHANNEL_MANAGER
ROLE_CHANNEL_MANAGER > ROLE_USER
25-07-04 11:04:59.974 [main] [32mDEBUG[0;39m o.s.s.a.h.RoleHierarchyImpl          [ |  | ] - buildRolesReachableInOneStepMap() - From role ROLE_ADMIN one can reach role ROLE_CHANNEL_MANAGER in one step.
25-07-04 11:04:59.974 [main] [32mDEBUG[0;39m o.s.s.a.h.RoleHierarchyImpl          [ |  | ] - buildRolesReachableInOneStepMap() - From role ROLE_CHANNEL_MANAGER one can reach role ROLE_USER in one step.
25-07-04 11:04:59.974 [main] [32mDEBUG[0;39m o.s.s.a.h.RoleHierarchyImpl          [ |  | ] - buildRolesReachableInOneOrMoreStepsMap() - From role ROLE_ADMIN one can reach [ROLE_USER, ROLE_CHANNEL_MANAGER] in one or more steps.
25-07-04 11:04:59.974 [main] [32mDEBUG[0;39m o.s.s.a.h.RoleHierarchyImpl          [ |  | ] - buildRolesReachableInOneOrMoreStepsMap() - From role ROLE_CHANNEL_MANAGER one can reach [ROLE_USER] in one or more steps.
25-07-04 11:04:59.994 [main] [32mINFO [0;39m o.s.s.c.a.a.c.InitializeAuthenticationProviderBeanManagerConfigurer$InitializeAuthenticationProviderManagerConfigurer [ |  | ] - Global AuthenticationManager configured with AuthenticationProvider bean with name daoAuthenticationProvider
25-07-04 11:04:59.995 [main] [33mWARN [0;39m o.s.s.c.a.a.c.InitializeUserDetailsBeanManagerConfigurer$InitializeUserDetailsManagerConfigurer [ |  | ] - Global AuthenticationManager configured with an AuthenticationProvider bean. UserDetailsService beans will not be used by Spring Security for automatically configuring username/password login. Consider removing the AuthenticationProvider bean. Alternatively, consider using the UserDetailsService in a manually instantiated DaoAuthenticationProvider. If the current configuration is intentional, to turn off this warning, increase the logging level of 'org.springframework.security.config.annotation.authentication.configuration.InitializeUserDetailsBeanManagerConfigurer' to ERROR
25-07-04 11:05:00.052 [main] [32mDEBUG[0;39m c.s.m.d.s.j.JwtAuthenticationFilter  [ |  | ] - Filter 'jwtAuthenticationFilter' configured for use
25-07-04 11:05:00.053 [main] [32mDEBUG[0;39m c.s.m.d.s.JsonUsernamePasswordAuthenticationFilter [ |  | ] - Filter 'jsonUsernamePasswordAuthenticationFilter' configured for use
25-07-04 11:05:00.069 [main] [33mWARN [0;39m o.s.b.w.s.c.AnnotationConfigServletWebServerApplicationContext [ |  | ] - Exception encountered during context initialization - cancelling refresh attempt: org.springframework.beans.factory.UnsatisfiedDependencyException: Error creating bean with name 'authController' defined in file [/Users/jasonheo/2-sprint-mission/build/classes/java/main/com/sprint/mission/discodeit/controller/AuthController.class]: Unsatisfied dependency expressed through constructor parameter 0: Error creating bean with name 'basicAuthService' defined in file [/Users/jasonheo/2-sprint-mission/build/classes/java/main/com/sprint/mission/discodeit/service/basic/BasicAuthService.class]: Unsatisfied dependency expressed through constructor parameter 3: No qualifying bean of type 'org.springframework.security.core.session.SessionRegistry' available: expected at least 1 bean which qualifies as autowire candidate. Dependency annotations: {}
25-07-04 11:05:00.069 [main] [32mINFO [0;39m o.s.o.j.LocalContainerEntityManagerFactoryBean [ |  | ] - Closing JPA EntityManagerFactory for persistence unit 'default'
25-07-04 11:05:00.071 [main] [32mINFO [0;39m com.zaxxer.hikari.HikariDataSource   [ |  | ] - HikariPool-1 - Shutdown initiated...
25-07-04 11:05:00.075 [main] [32mINFO [0;39m com.zaxxer.hikari.HikariDataSource   [ |  | ] - HikariPool-1 - Shutdown completed.
25-07-04 11:05:00.076 [main] [32mINFO [0;39m o.a.catalina.core.StandardService    [ |  | ] - Stopping service [Tomcat]
25-07-04 11:05:00.090 [main] [32mINFO [0;39m o.s.b.a.l.ConditionEvaluationReportLogger [ |  | ] - 

Error starting ApplicationContext. To display the condition evaluation report re-run your application with 'debug' enabled.
25-07-04 11:05:00.107 [main] [31mERROR[0;39m o.s.b.d.LoggingFailureAnalysisReporter [ |  | ] - 

***************************
APPLICATION FAILED TO START
***************************

Description:

Parameter 3 of constructor in com.sprint.mission.discodeit.service.basic.BasicAuthService required a bean of type 'org.springframework.security.core.session.SessionRegistry' that could not be found.


Action:

Consider defining a bean of type 'org.springframework.security.core.session.SessionRegistry' in your configuration.

25-07-04 11:41:44.542 [background-preinit] [32mINFO [0;39m o.h.validator.internal.util.Version  [ |  | ] - HV000001: Hibernate Validator 8.0.1.Final
25-07-04 11:41:44.676 [main] [32mINFO [0;39m c.s.m.discodeit.DiscodeitApplication [ |  | ] - Starting DiscodeitApplication using Java 17.0.14 with PID 90049 (/Users/jasonheo/2-sprint-mission/build/classes/java/main started by jasonheo in /Users/jasonheo/2-sprint-mission)
25-07-04 11:41:44.677 [main] [32mDEBUG[0;39m c.s.m.discodeit.DiscodeitApplication [ |  | ] - Running with Spring Boot v3.4.0, Spring v6.2.0
25-07-04 11:41:44.678 [main] [32mINFO [0;39m c.s.m.discodeit.DiscodeitApplication [ |  | ] - The following 1 profile is active: "dev"
25-07-04 11:41:46.813 [main] [32mINFO [0;39m o.s.d.r.c.RepositoryConfigurationDelegate [ |  | ] - Bootstrapping Spring Data JPA repositories in DEFAULT mode.
25-07-04 11:41:46.884 [main] [32mINFO [0;39m o.s.d.r.c.RepositoryConfigurationDelegate [ |  | ] - Finished Spring Data repository scanning in 62 ms. Found 6 JPA repository interfaces.
25-07-04 11:41:47.669 [main] [32mINFO [0;39m o.s.b.w.e.tomcat.TomcatWebServer     [ |  | ] - Tomcat initialized with port 8080 (http)
25-07-04 11:41:47.681 [main] [32mINFO [0;39m o.a.coyote.http11.Http11NioProtocol  [ |  | ] - Initializing ProtocolHandler ["http-nio-8080"]
25-07-04 11:41:47.683 [main] [32mINFO [0;39m o.a.catalina.core.StandardService    [ |  | ] - Starting service [Tomcat]
25-07-04 11:41:47.683 [main] [32mINFO [0;39m o.a.catalina.core.StandardEngine     [ |  | ] - Starting Servlet engine: [Apache Tomcat/10.1.33]
25-07-04 11:41:47.740 [main] [32mINFO [0;39m o.a.c.c.C.[Tomcat].[localhost].[/]   [ |  | ] - Initializing Spring embedded WebApplicationContext
25-07-04 11:41:47.740 [main] [32mINFO [0;39m o.s.b.w.s.c.ServletWebServerApplicationContext [ |  | ] - Root WebApplicationContext: initialization completed in 2989 ms
25-07-04 11:41:47.976 [main] [32mINFO [0;39m com.zaxxer.hikari.HikariDataSource   [ |  | ] - HikariPool-1 - Starting...
25-07-04 11:41:48.090 [main] [32mINFO [0;39m com.zaxxer.hikari.pool.HikariPool    [ |  | ] - HikariPool-1 - Added connection org.postgresql.jdbc.PgConnection@4f552aa2
25-07-04 11:41:48.091 [main] [32mINFO [0;39m com.zaxxer.hikari.HikariDataSource   [ |  | ] - HikariPool-1 - Start completed.
25-07-04 11:41:48.175 [main] [32mINFO [0;39m o.h.jpa.internal.util.LogHelper      [ |  | ] - HHH000204: Processing PersistenceUnitInfo [name: default]
25-07-04 11:41:48.234 [main] [32mINFO [0;39m org.hibernate.Version                [ |  | ] - HHH000412: Hibernate ORM core version 6.6.2.Final
25-07-04 11:41:48.264 [main] [32mINFO [0;39m o.h.c.i.RegionFactoryInitiator       [ |  | ] - HHH000026: Second-level cache disabled
25-07-04 11:41:48.485 [main] [32mINFO [0;39m o.s.o.j.p.SpringPersistenceUnitInfo  [ |  | ] - No LoadTimeWeaver setup: ignoring JPA class transformer
25-07-04 11:41:48.565 [main] [32mINFO [0;39m o.hibernate.orm.connections.pooling  [ |  | ] - HHH10001005: Database info:
	Database JDBC URL [Connecting through datasource 'HikariDataSource (HikariPool-1)']
	Database driver: undefined/unknown
	Database version: 14.18
	Autocommit mode: undefined/unknown
	Isolation level: undefined/unknown
	Minimum pool size: undefined/unknown
	Maximum pool size: undefined/unknown
25-07-04 11:41:49.298 [main] [32mINFO [0;39m o.h.e.t.j.p.i.JtaPlatformInitiator   [ |  | ] - HHH000489: No JTA platform available (set 'hibernate.transaction.jta.platform' to enable JTA platform integration)
25-07-04 11:41:49.426 [main] [32mINFO [0;39m o.s.o.j.LocalContainerEntityManagerFactoryBean [ |  | ] - Initialized JPA EntityManagerFactory for persistence unit 'default'
25-07-04 11:41:49.608 [main] [32mINFO [0;39m o.s.d.j.r.query.QueryEnhancerFactory [ |  | ] - Hibernate is in classpath; If applicable, HQL parser will be used.
25-07-04 11:41:50.053 [main] [32mTRACE[0;39m o.s.s.c.a.a.c.AuthenticationConfiguration$EnableGlobalAuthenticationAutowiredConfigurer [ |  | ] - Eagerly initializing {securityConfig=com.sprint.mission.discodeit.config.SecurityConfig$$SpringCGLIB$$0@17125ea9}
25-07-04 11:41:50.055 [main] [31mERROR[0;39m o.s.b.w.e.tomcat.TomcatStarter       [ |  | ] - Error starting Tomcat context. Exception: org.springframework.beans.factory.BeanCreationException. Message: Error creating bean with name 'jsonUsernamePasswordAuthenticationFilter' defined in class path resource [com/sprint/mission/discodeit/config/SecurityConfig.class]: Failed to instantiate [com.sprint.mission.discodeit.config.filter.JsonUsernamePasswordAuthenticationFilter]: Factory method 'jsonUsernamePasswordAuthenticationFilter' threw exception with message: Error creating bean with name 'authenticationManager' defined in class path resource [com/sprint/mission/discodeit/config/SecurityConfig.class]: Failed to instantiate [org.springframework.security.authentication.AuthenticationManager]: Factory method 'authenticationManager' threw exception with message: Error creating bean with name 'daoAuthenticationProvider' defined in class path resource [com/sprint/mission/discodeit/config/SecurityConfig.class]: Unsatisfied dependency expressed through method 'daoAuthenticationProvider' parameter 0: No qualifying bean of type 'org.springframework.security.core.userdetails.UserDetailsService' available: expected at least 1 bean which qualifies as autowire candidate. Dependency annotations: {}
25-07-04 11:41:50.076 [main] [32mINFO [0;39m o.a.catalina.core.StandardService    [ |  | ] - Stopping service [Tomcat]
25-07-04 11:41:50.077 [main] [33mWARN [0;39m o.a.c.loader.WebappClassLoaderBase   [ |  | ] - The web application [ROOT] appears to have started a thread named [HikariPool-1 housekeeper] but has failed to stop it. This is very likely to create a memory leak. Stack trace of thread:
 java.base@17.0.14/jdk.internal.misc.Unsafe.park(Native Method)
 java.base@17.0.14/java.util.concurrent.locks.LockSupport.parkNanos(LockSupport.java:252)
 java.base@17.0.14/java.util.concurrent.locks.AbstractQueuedSynchronizer$ConditionObject.awaitNanos(AbstractQueuedSynchronizer.java:1679)
 java.base@17.0.14/java.util.concurrent.ScheduledThreadPoolExecutor$DelayedWorkQueue.take(ScheduledThreadPoolExecutor.java:1182)
 java.base@17.0.14/java.util.concurrent.ScheduledThreadPoolExecutor$DelayedWorkQueue.take(ScheduledThreadPoolExecutor.java:899)
 java.base@17.0.14/java.util.concurrent.ThreadPoolExecutor.getTask(ThreadPoolExecutor.java:1062)
 java.base@17.0.14/java.util.concurrent.ThreadPoolExecutor.runWorker(ThreadPoolExecutor.java:1122)
 java.base@17.0.14/java.util.concurrent.ThreadPoolExecutor$Worker.run(ThreadPoolExecutor.java:635)
 java.base@17.0.14/java.lang.Thread.run(Thread.java:840)
25-07-04 11:41:50.077 [main] [33mWARN [0;39m o.a.c.loader.WebappClassLoaderBase   [ |  | ] - The web application [ROOT] appears to have started a thread named [HikariPool-1 connection adder] but has failed to stop it. This is very likely to create a memory leak. Stack trace of thread:
 java.base@17.0.14/jdk.internal.misc.Unsafe.park(Native Method)
 java.base@17.0.14/java.util.concurrent.locks.LockSupport.parkNanos(LockSupport.java:252)
 java.base@17.0.14/java.util.concurrent.locks.AbstractQueuedSynchronizer$ConditionObject.awaitNanos(AbstractQueuedSynchronizer.java:1679)
 java.base@17.0.14/java.util.concurrent.LinkedBlockingQueue.poll(LinkedBlockingQueue.java:460)
 java.base@17.0.14/java.util.concurrent.ThreadPoolExecutor.getTask(ThreadPoolExecutor.java:1061)
 java.base@17.0.14/java.util.concurrent.ThreadPoolExecutor.runWorker(ThreadPoolExecutor.java:1122)
 java.base@17.0.14/java.util.concurrent.ThreadPoolExecutor$Worker.run(ThreadPoolExecutor.java:635)
 java.base@17.0.14/java.lang.Thread.run(Thread.java:840)
25-07-04 11:41:50.079 [main] [33mWARN [0;39m o.s.b.w.s.c.AnnotationConfigServletWebServerApplicationContext [ |  | ] - Exception encountered during context initialization - cancelling refresh attempt: org.springframework.context.ApplicationContextException: Unable to start web server
25-07-04 11:41:50.079 [main] [32mINFO [0;39m o.s.o.j.LocalContainerEntityManagerFactoryBean [ |  | ] - Closing JPA EntityManagerFactory for persistence unit 'default'
25-07-04 11:41:50.081 [main] [32mINFO [0;39m com.zaxxer.hikari.HikariDataSource   [ |  | ] - HikariPool-1 - Shutdown initiated...
25-07-04 11:41:50.085 [main] [32mINFO [0;39m com.zaxxer.hikari.HikariDataSource   [ |  | ] - HikariPool-1 - Shutdown completed.
25-07-04 11:41:50.099 [main] [32mINFO [0;39m o.s.b.a.l.ConditionEvaluationReportLogger [ |  | ] - 

Error starting ApplicationContext. To display the condition evaluation report re-run your application with 'debug' enabled.
25-07-04 11:41:50.116 [main] [31mERROR[0;39m o.s.b.d.LoggingFailureAnalysisReporter [ |  | ] - 

***************************
APPLICATION FAILED TO START
***************************

Description:

Parameter 0 of method daoAuthenticationProvider in com.sprint.mission.discodeit.config.SecurityConfig required a bean of type 'org.springframework.security.core.userdetails.UserDetailsService' that could not be found.


Action:

Consider defining a bean of type 'org.springframework.security.core.userdetails.UserDetailsService' in your configuration.

25-07-04 11:45:38.083 [background-preinit] [32mINFO [0;39m o.h.validator.internal.util.Version  [ |  | ] - HV000001: Hibernate Validator 8.0.1.Final
25-07-04 11:45:38.113 [main] [32mINFO [0;39m c.s.m.discodeit.DiscodeitApplication [ |  | ] - Starting DiscodeitApplication using Java 17.0.14 with PID 90485 (/Users/jasonheo/2-sprint-mission/build/classes/java/main started by jasonheo in /Users/jasonheo/2-sprint-mission)
25-07-04 11:45:38.114 [main] [32mDEBUG[0;39m c.s.m.discodeit.DiscodeitApplication [ |  | ] - Running with Spring Boot v3.4.0, Spring v6.2.0
25-07-04 11:45:38.114 [main] [32mINFO [0;39m c.s.m.discodeit.DiscodeitApplication [ |  | ] - The following 1 profile is active: "dev"
25-07-04 11:45:38.835 [main] [32mINFO [0;39m o.s.d.r.c.RepositoryConfigurationDelegate [ |  | ] - Bootstrapping Spring Data JPA repositories in DEFAULT mode.
25-07-04 11:45:38.881 [main] [32mINFO [0;39m o.s.d.r.c.RepositoryConfigurationDelegate [ |  | ] - Finished Spring Data repository scanning in 41 ms. Found 6 JPA repository interfaces.
25-07-04 11:45:39.350 [main] [32mINFO [0;39m o.s.b.w.e.tomcat.TomcatWebServer     [ |  | ] - Tomcat initialized with port 8080 (http)
25-07-04 11:45:39.358 [main] [32mINFO [0;39m o.a.coyote.http11.Http11NioProtocol  [ |  | ] - Initializing ProtocolHandler ["http-nio-8080"]
25-07-04 11:45:39.359 [main] [32mINFO [0;39m o.a.catalina.core.StandardService    [ |  | ] - Starting service [Tomcat]
25-07-04 11:45:39.359 [main] [32mINFO [0;39m o.a.catalina.core.StandardEngine     [ |  | ] - Starting Servlet engine: [Apache Tomcat/10.1.33]
25-07-04 11:45:39.394 [main] [32mINFO [0;39m o.a.c.c.C.[Tomcat].[localhost].[/]   [ |  | ] - Initializing Spring embedded WebApplicationContext
25-07-04 11:45:39.394 [main] [32mINFO [0;39m o.s.b.w.s.c.ServletWebServerApplicationContext [ |  | ] - Root WebApplicationContext: initialization completed in 1255 ms
25-07-04 11:45:39.542 [main] [32mINFO [0;39m com.zaxxer.hikari.HikariDataSource   [ |  | ] - HikariPool-1 - Starting...
25-07-04 11:45:39.613 [main] [32mINFO [0;39m com.zaxxer.hikari.pool.HikariPool    [ |  | ] - HikariPool-1 - Added connection org.postgresql.jdbc.PgConnection@294c44b7
25-07-04 11:45:39.614 [main] [32mINFO [0;39m com.zaxxer.hikari.HikariDataSource   [ |  | ] - HikariPool-1 - Start completed.
25-07-04 11:45:39.679 [main] [32mINFO [0;39m o.h.jpa.internal.util.LogHelper      [ |  | ] - HHH000204: Processing PersistenceUnitInfo [name: default]
25-07-04 11:45:39.714 [main] [32mINFO [0;39m org.hibernate.Version                [ |  | ] - HHH000412: Hibernate ORM core version 6.6.2.Final
25-07-04 11:45:39.736 [main] [32mINFO [0;39m o.h.c.i.RegionFactoryInitiator       [ |  | ] - HHH000026: Second-level cache disabled
25-07-04 11:45:39.913 [main] [32mINFO [0;39m o.s.o.j.p.SpringPersistenceUnitInfo  [ |  | ] - No LoadTimeWeaver setup: ignoring JPA class transformer
25-07-04 11:45:39.972 [main] [32mINFO [0;39m o.hibernate.orm.connections.pooling  [ |  | ] - HHH10001005: Database info:
	Database JDBC URL [Connecting through datasource 'HikariDataSource (HikariPool-1)']
	Database driver: undefined/unknown
	Database version: 14.18
	Autocommit mode: undefined/unknown
	Isolation level: undefined/unknown
	Minimum pool size: undefined/unknown
	Maximum pool size: undefined/unknown
25-07-04 11:45:40.574 [main] [32mINFO [0;39m o.h.e.t.j.p.i.JtaPlatformInitiator   [ |  | ] - HHH000489: No JTA platform available (set 'hibernate.transaction.jta.platform' to enable JTA platform integration)
25-07-04 11:45:40.701 [main] [32mINFO [0;39m o.s.o.j.LocalContainerEntityManagerFactoryBean [ |  | ] - Initialized JPA EntityManagerFactory for persistence unit 'default'
25-07-04 11:45:40.852 [main] [32mINFO [0;39m o.s.d.j.r.query.QueryEnhancerFactory [ |  | ] - Hibernate is in classpath; If applicable, HQL parser will be used.
25-07-04 11:45:41.240 [main] [32mTRACE[0;39m o.s.s.c.a.a.c.AuthenticationConfiguration$EnableGlobalAuthenticationAutowiredConfigurer [ |  | ] - Eagerly initializing {securityConfig=com.sprint.mission.discodeit.config.SecurityConfig$$SpringCGLIB$$0@7180b25f}
25-07-04 11:45:41.244 [main] [32mDEBUG[0;39m o.s.s.a.h.RoleHierarchyImpl          [ |  | ] - setHierarchy() - The following role hierarchy was set: ROLE_ADMIN > ROLE_CHANNEL_MANAGER
ROLE_CHANNEL_MANAGER > ROLE_USER
25-07-04 11:45:41.244 [main] [32mDEBUG[0;39m o.s.s.a.h.RoleHierarchyImpl          [ |  | ] - buildRolesReachableInOneStepMap() - From role ROLE_ADMIN one can reach role ROLE_CHANNEL_MANAGER in one step.
25-07-04 11:45:41.245 [main] [32mDEBUG[0;39m o.s.s.a.h.RoleHierarchyImpl          [ |  | ] - buildRolesReachableInOneStepMap() - From role ROLE_CHANNEL_MANAGER one can reach role ROLE_USER in one step.
25-07-04 11:45:41.245 [main] [32mDEBUG[0;39m o.s.s.a.h.RoleHierarchyImpl          [ |  | ] - buildRolesReachableInOneOrMoreStepsMap() - From role ROLE_ADMIN one can reach [ROLE_USER, ROLE_CHANNEL_MANAGER] in one or more steps.
25-07-04 11:45:41.245 [main] [32mDEBUG[0;39m o.s.s.a.h.RoleHierarchyImpl          [ |  | ] - buildRolesReachableInOneOrMoreStepsMap() - From role ROLE_CHANNEL_MANAGER one can reach [ROLE_USER] in one or more steps.
25-07-04 11:45:41.266 [main] [32mINFO [0;39m o.s.s.c.a.a.c.InitializeAuthenticationProviderBeanManagerConfigurer$InitializeAuthenticationProviderManagerConfigurer [ |  | ] - Global AuthenticationManager configured with AuthenticationProvider bean with name daoAuthenticationProvider
25-07-04 11:45:41.268 [main] [33mWARN [0;39m o.s.s.c.a.a.c.InitializeUserDetailsBeanManagerConfigurer$InitializeUserDetailsManagerConfigurer [ |  | ] - Global AuthenticationManager configured with an AuthenticationProvider bean. UserDetailsService beans will not be used by Spring Security for automatically configuring username/password login. Consider removing the AuthenticationProvider bean. Alternatively, consider using the UserDetailsService in a manually instantiated DaoAuthenticationProvider. If the current configuration is intentional, to turn off this warning, increase the logging level of 'org.springframework.security.config.annotation.authentication.configuration.InitializeUserDetailsBeanManagerConfigurer' to ERROR
25-07-04 11:45:41.314 [main] [32mDEBUG[0;39m c.s.m.d.s.j.JwtAuthenticationFilter  [ |  | ] - Filter 'jwtAuthenticationFilter' configured for use
25-07-04 11:45:41.314 [main] [32mDEBUG[0;39m c.s.m.d.c.f.JsonUsernamePasswordAuthenticationFilter [ |  | ] - Filter 'jsonUsernamePasswordAuthenticationFilter' configured for use
25-07-04 11:45:41.684 [main] [32mINFO [0;39m o.s.b.a.w.s.WelcomePageHandlerMapping [ |  | ] - Adding welcome page: class path resource [static/index.html]
25-07-04 11:45:41.951 [main] [32mINFO [0;39m o.s.b.a.e.web.EndpointLinksResolver  [ |  | ] - Exposing 4 endpoints beneath base path '/actuator'
25-07-04 11:45:42.038 [main] [32mDEBUG[0;39m o.s.s.web.DefaultSecurityFilterChain [ |  | ] - Will secure any request with filters: DisableEncodeUrlFilter, WebAsyncManagerIntegrationFilter, SecurityContextHolderFilter, HeaderWriterFilter, CsrfFilter, LogoutFilter, JwtAuthenticationFilter, JsonUsernamePasswordAuthenticationFilter, RequestCacheAwareFilter, SecurityContextHolderAwareRequestFilter, AnonymousAuthenticationFilter, SessionManagementFilter, ExceptionTranslationFilter, AuthorizationFilter
25-07-04 11:45:42.500 [main] [32mINFO [0;39m o.a.coyote.http11.Http11NioProtocol  [ |  | ] - Starting ProtocolHandler ["http-nio-8080"]
25-07-04 11:45:42.512 [main] [32mINFO [0;39m o.s.b.w.e.tomcat.TomcatWebServer     [ |  | ] - Tomcat started on port 8080 (http) with context path '/'
25-07-04 11:45:42.527 [main] [32mINFO [0;39m c.s.m.discodeit.DiscodeitApplication [ |  | ] - Started DiscodeitApplication in 4.768 seconds (process running for 5.269)
25-07-04 11:45:42.592 [main] [32mDEBUG[0;39m org.hibernate.SQL                    [ |  | ] - 
    select
        u1_0.id,
        u1_0.created_at,
        u1_0.email,
        u1_0.password,
        u1_0.profile_id,
        u1_0.role,
        u1_0.updated_at,
        u1_0.username 
    from
        users u1_0 
    where
        u1_0.username=?
25-07-04 11:45:42.593 [main] [32mTRACE[0;39m org.hibernate.orm.jdbc.bind          [ |  | ] - binding parameter (1:VARCHAR) <- [admin]
25-07-04 11:45:42.610 [main] [32mINFO [0;39m o.s.b.a.l.ConditionEvaluationReportLogger [ |  | ] - 

Error starting ApplicationContext. To display the condition evaluation report re-run your application with 'debug' enabled.
25-07-04 11:45:42.620 [main] [31mERROR[0;39m o.s.boot.SpringApplication           [ |  | ] - Application run failed
org.springframework.dao.InvalidDataAccessApiUsageException: No enum constant com.sprint.mission.discodeit.entity.Role.ADMIN
	at org.springframework.orm.jpa.EntityManagerFactoryUtils.convertJpaAccessExceptionIfPossible(EntityManagerFactoryUtils.java:371)
	at org.springframework.orm.jpa.vendor.HibernateJpaDialect.translateExceptionIfPossible(HibernateJpaDialect.java:246)
	at org.springframework.orm.jpa.AbstractEntityManagerFactoryBean.translateExceptionIfPossible(AbstractEntityManagerFactoryBean.java:560)
	at org.springframework.dao.support.ChainedPersistenceExceptionTranslator.translateExceptionIfPossible(ChainedPersistenceExceptionTranslator.java:61)
	at org.springframework.dao.support.DataAccessUtils.translateIfNecessary(DataAccessUtils.java:343)
	at org.springframework.dao.support.PersistenceExceptionTranslationInterceptor.invoke(PersistenceExceptionTranslationInterceptor.java:160)
	at org.springframework.aop.framework.ReflectiveMethodInvocation.proceed(ReflectiveMethodInvocation.java:184)
	at org.springframework.data.jpa.repository.support.CrudMethodMetadataPostProcessor$CrudMethodMetadataPopulatingMethodInterceptor.invoke(CrudMethodMetadataPostProcessor.java:136)
	at org.springframework.aop.framework.ReflectiveMethodInvocation.proceed(ReflectiveMethodInvocation.java:184)
	at org.springframework.aop.framework.JdkDynamicAopProxy.invoke(JdkDynamicAopProxy.java:223)
	at jdk.proxy2/jdk.proxy2.$Proxy180.findByUsername(Unknown Source)
	at com.sprint.mission.discodeit.security.AdminInitializer.run(AdminInitializer.java:32)
	at org.springframework.boot.SpringApplication.lambda$callRunner$4(SpringApplication.java:784)
	at org.springframework.util.function.ThrowingConsumer$1.acceptWithException(ThrowingConsumer.java:82)
	at org.springframework.util.function.ThrowingConsumer.accept(ThrowingConsumer.java:60)
	at org.springframework.util.function.ThrowingConsumer$1.accept(ThrowingConsumer.java:86)
	at org.springframework.boot.SpringApplication.callRunner(SpringApplication.java:796)
	at org.springframework.boot.SpringApplication.callRunner(SpringApplication.java:784)
	at org.springframework.boot.SpringApplication.lambda$callRunners$3(SpringApplication.java:772)
	at java.base/java.util.stream.ForEachOps$ForEachOp$OfRef.accept(ForEachOps.java:183)
	at java.base/java.util.stream.SortedOps$SizedRefSortingSink.end(SortedOps.java:357)
	at java.base/java.util.stream.AbstractPipeline.copyInto(AbstractPipeline.java:510)
	at java.base/java.util.stream.AbstractPipeline.wrapAndCopyInto(AbstractPipeline.java:499)
	at java.base/java.util.stream.ForEachOps$ForEachOp.evaluateSequential(ForEachOps.java:150)
	at java.base/java.util.stream.ForEachOps$ForEachOp$OfRef.evaluateSequential(ForEachOps.java:173)
	at java.base/java.util.stream.AbstractPipeline.evaluate(AbstractPipeline.java:234)
	at java.base/java.util.stream.ReferencePipeline.forEach(ReferencePipeline.java:596)
	at org.springframework.boot.SpringApplication.callRunners(SpringApplication.java:772)
	at org.springframework.boot.SpringApplication.run(SpringApplication.java:325)
	at org.springframework.boot.SpringApplication.run(SpringApplication.java:1361)
	at org.springframework.boot.SpringApplication.run(SpringApplication.java:1350)
	at com.sprint.mission.discodeit.DiscodeitApplication.main(DiscodeitApplication.java:10)
Caused by: java.lang.IllegalArgumentException: No enum constant com.sprint.mission.discodeit.entity.Role.ADMIN
	at java.base/java.lang.Enum.valueOf(Enum.java:273)
	at org.hibernate.type.descriptor.java.EnumJavaType.fromName(EnumJavaType.java:259)
	at org.hibernate.type.descriptor.java.EnumJavaType.wrap(EnumJavaType.java:127)
	at org.hibernate.type.descriptor.java.EnumJavaType.wrap(EnumJavaType.java:36)
	at org.hibernate.type.descriptor.jdbc.VarcharJdbcType$2.doExtract(VarcharJdbcType.java:118)
	at org.hibernate.type.descriptor.jdbc.BasicExtractor.extract(BasicExtractor.java:44)
	at org.hibernate.sql.results.jdbc.internal.JdbcValuesResultSetImpl.getCurrentRowValue(JdbcValuesResultSetImpl.java:387)
	at org.hibernate.sql.results.internal.RowProcessingStateStandardImpl.getJdbcValue(RowProcessingStateStandardImpl.java:152)
	at org.hibernate.sql.results.graph.basic.BasicResultAssembler.extractRawValue(BasicResultAssembler.java:54)
	at org.hibernate.sql.results.graph.basic.BasicResultAssembler.assemble(BasicResultAssembler.java:60)
	at org.hibernate.sql.results.graph.entity.internal.EntityInitializerImpl.extractConcreteTypeStateValues(EntityInitializerImpl.java:1603)
	at org.hibernate.sql.results.graph.entity.internal.EntityInitializerImpl.initializeEntityInstance(EntityInitializerImpl.java:1329)
	at org.hibernate.sql.results.graph.entity.internal.EntityInitializerImpl.initializeInstance(EntityInitializerImpl.java:1308)
	at org.hibernate.sql.results.graph.entity.internal.EntityInitializerImpl.initializeInstance(EntityInitializerImpl.java:97)
	at org.hibernate.sql.results.internal.StandardRowReader.coordinateInitializers(StandardRowReader.java:244)
	at org.hibernate.sql.results.internal.StandardRowReader.readRow(StandardRowReader.java:141)
	at org.hibernate.sql.results.spi.ListResultsConsumer.read(ListResultsConsumer.java:249)
	at org.hibernate.sql.results.spi.ListResultsConsumer.consume(ListResultsConsumer.java:201)
	at org.hibernate.sql.results.spi.ListResultsConsumer.consume(ListResultsConsumer.java:35)
	at org.hibernate.sql.exec.internal.JdbcSelectExecutorStandardImpl.doExecuteQuery(JdbcSelectExecutorStandardImpl.java:224)
	at org.hibernate.sql.exec.internal.JdbcSelectExecutorStandardImpl.executeQuery(JdbcSelectExecutorStandardImpl.java:102)
	at org.hibernate.sql.exec.spi.JdbcSelectExecutor.executeQuery(JdbcSelectExecutor.java:91)
	at org.hibernate.sql.exec.spi.JdbcSelectExecutor.list(JdbcSelectExecutor.java:165)
	at org.hibernate.query.sqm.internal.ConcreteSqmSelectQueryPlan.lambda$new$1(ConcreteSqmSelectQueryPlan.java:152)
	at org.hibernate.query.sqm.internal.ConcreteSqmSelectQueryPlan.withCacheableSqmInterpretation(ConcreteSqmSelectQueryPlan.java:442)
	at org.hibernate.query.sqm.internal.ConcreteSqmSelectQueryPlan.performList(ConcreteSqmSelectQueryPlan.java:362)
	at org.hibernate.query.sqm.internal.QuerySqmImpl.doList(QuerySqmImpl.java:380)
	at org.hibernate.query.spi.AbstractSelectionQuery.list(AbstractSelectionQuery.java:143)
	at org.hibernate.query.spi.AbstractSelectionQuery.getSingleResult(AbstractSelectionQuery.java:275)
	at java.base/jdk.internal.reflect.NativeMethodAccessorImpl.invoke0(Native Method)
	at java.base/jdk.internal.reflect.NativeMethodAccessorImpl.invoke(NativeMethodAccessorImpl.java:77)
	at java.base/jdk.internal.reflect.DelegatingMethodAccessorImpl.invoke(DelegatingMethodAccessorImpl.java:43)
	at java.base/java.lang.reflect.Method.invoke(Method.java:569)
	at org.springframework.orm.jpa.SharedEntityManagerCreator$DeferredQueryInvocationHandler.invoke(SharedEntityManagerCreator.java:419)
	at jdk.proxy2/jdk.proxy2.$Proxy220.getSingleResult(Unknown Source)
	at org.springframework.data.jpa.repository.query.JpaQueryExecution$SingleEntityExecution.doExecute(JpaQueryExecution.java:224)
	at org.springframework.data.jpa.repository.query.JpaQueryExecution.execute(JpaQueryExecution.java:93)
	at org.springframework.data.jpa.repository.query.AbstractJpaQuery.doExecute(AbstractJpaQuery.java:152)
	at org.springframework.data.jpa.repository.query.AbstractJpaQuery.execute(AbstractJpaQuery.java:140)
	at org.springframework.data.repository.core.support.RepositoryMethodInvoker.doInvoke(RepositoryMethodInvoker.java:170)
	at org.springframework.data.repository.core.support.RepositoryMethodInvoker.invoke(RepositoryMethodInvoker.java:158)
	at org.springframework.data.repository.core.support.QueryExecutorMethodInterceptor.doInvoke(QueryExecutorMethodInterceptor.java:170)
	at org.springframework.data.repository.core.support.QueryExecutorMethodInterceptor.invoke(QueryExecutorMethodInterceptor.java:149)
	at org.springframework.aop.framework.ReflectiveMethodInvocation.proceed(ReflectiveMethodInvocation.java:184)
	at org.springframework.data.projection.DefaultMethodInvokingMethodInterceptor.invoke(DefaultMethodInvokingMethodInterceptor.java:69)
	at org.springframework.aop.framework.ReflectiveMethodInvocation.proceed(ReflectiveMethodInvocation.java:184)
	at org.springframework.transaction.interceptor.TransactionAspectSupport.invokeWithinTransaction(TransactionAspectSupport.java:380)
	at org.springframework.transaction.interceptor.TransactionInterceptor.invoke(TransactionInterceptor.java:119)
	at org.springframework.aop.framework.ReflectiveMethodInvocation.proceed(ReflectiveMethodInvocation.java:184)
	at org.springframework.dao.support.PersistenceExceptionTranslationInterceptor.invoke(PersistenceExceptionTranslationInterceptor.java:138)
	... 26 common frames omitted
25-07-04 11:45:42.622 [main] [32mINFO [0;39m o.s.b.w.e.tomcat.GracefulShutdown    [ |  | ] - Commencing graceful shutdown. Waiting for active requests to complete
25-07-04 11:45:42.628 [tomcat-shutdown] [32mINFO [0;39m o.s.b.w.e.tomcat.GracefulShutdown    [ |  | ] - Graceful shutdown complete
25-07-04 11:45:42.636 [main] [32mINFO [0;39m o.s.o.j.LocalContainerEntityManagerFactoryBean [ |  | ] - Closing JPA EntityManagerFactory for persistence unit 'default'
25-07-04 11:45:42.637 [main] [32mINFO [0;39m com.zaxxer.hikari.HikariDataSource   [ |  | ] - HikariPool-1 - Shutdown initiated...
25-07-04 11:45:42.640 [main] [32mINFO [0;39m com.zaxxer.hikari.HikariDataSource   [ |  | ] - HikariPool-1 - Shutdown completed.
25-07-04 13:07:34.735 [background-preinit] [32mINFO [0;39m o.h.validator.internal.util.Version  [ |  | ] - HV000001: Hibernate Validator 8.0.1.Final
25-07-04 13:07:34.767 [main] [32mINFO [0;39m c.s.m.discodeit.DiscodeitApplication [ |  | ] - Starting DiscodeitApplication using Java 17.0.14 with PID 97936 (/Users/jasonheo/2-sprint-mission/build/classes/java/main started by jasonheo in /Users/jasonheo/2-sprint-mission)
25-07-04 13:07:34.767 [main] [32mDEBUG[0;39m c.s.m.discodeit.DiscodeitApplication [ |  | ] - Running with Spring Boot v3.4.0, Spring v6.2.0
25-07-04 13:07:34.767 [main] [32mINFO [0;39m c.s.m.discodeit.DiscodeitApplication [ |  | ] - The following 1 profile is active: "dev"
25-07-04 13:07:35.451 [main] [32mINFO [0;39m o.s.d.r.c.RepositoryConfigurationDelegate [ |  | ] - Bootstrapping Spring Data JPA repositories in DEFAULT mode.
25-07-04 13:07:35.491 [main] [32mINFO [0;39m o.s.d.r.c.RepositoryConfigurationDelegate [ |  | ] - Finished Spring Data repository scanning in 35 ms. Found 6 JPA repository interfaces.
25-07-04 13:07:36.014 [main] [32mINFO [0;39m o.s.b.w.e.tomcat.TomcatWebServer     [ |  | ] - Tomcat initialized with port 8080 (http)
25-07-04 13:07:36.021 [main] [32mINFO [0;39m o.a.coyote.http11.Http11NioProtocol  [ |  | ] - Initializing ProtocolHandler ["http-nio-8080"]
25-07-04 13:07:36.022 [main] [32mINFO [0;39m o.a.catalina.core.StandardService    [ |  | ] - Starting service [Tomcat]
25-07-04 13:07:36.022 [main] [32mINFO [0;39m o.a.catalina.core.StandardEngine     [ |  | ] - Starting Servlet engine: [Apache Tomcat/10.1.33]
25-07-04 13:07:36.055 [main] [32mINFO [0;39m o.a.c.c.C.[Tomcat].[localhost].[/]   [ |  | ] - Initializing Spring embedded WebApplicationContext
25-07-04 13:07:36.055 [main] [32mINFO [0;39m o.s.b.w.s.c.ServletWebServerApplicationContext [ |  | ] - Root WebApplicationContext: initialization completed in 1269 ms
25-07-04 13:07:36.185 [main] [32mINFO [0;39m com.zaxxer.hikari.HikariDataSource   [ |  | ] - HikariPool-1 - Starting...
25-07-04 13:07:36.281 [main] [32mINFO [0;39m com.zaxxer.hikari.pool.HikariPool    [ |  | ] - HikariPool-1 - Added connection org.postgresql.jdbc.PgConnection@30bbe83
25-07-04 13:07:36.284 [main] [32mINFO [0;39m com.zaxxer.hikari.HikariDataSource   [ |  | ] - HikariPool-1 - Start completed.
25-07-04 13:07:36.346 [main] [32mINFO [0;39m o.h.jpa.internal.util.LogHelper      [ |  | ] - HHH000204: Processing PersistenceUnitInfo [name: default]
25-07-04 13:07:36.382 [main] [32mINFO [0;39m org.hibernate.Version                [ |  | ] - HHH000412: Hibernate ORM core version 6.6.2.Final
25-07-04 13:07:36.400 [main] [32mINFO [0;39m o.h.c.i.RegionFactoryInitiator       [ |  | ] - HHH000026: Second-level cache disabled
25-07-04 13:07:36.562 [main] [32mINFO [0;39m o.s.o.j.p.SpringPersistenceUnitInfo  [ |  | ] - No LoadTimeWeaver setup: ignoring JPA class transformer
25-07-04 13:07:36.625 [main] [32mINFO [0;39m o.hibernate.orm.connections.pooling  [ |  | ] - HHH10001005: Database info:
	Database JDBC URL [Connecting through datasource 'HikariDataSource (HikariPool-1)']
	Database driver: undefined/unknown
	Database version: 14.18
	Autocommit mode: undefined/unknown
	Isolation level: undefined/unknown
	Minimum pool size: undefined/unknown
	Maximum pool size: undefined/unknown
25-07-04 13:07:37.295 [main] [32mINFO [0;39m o.h.e.t.j.p.i.JtaPlatformInitiator   [ |  | ] - HHH000489: No JTA platform available (set 'hibernate.transaction.jta.platform' to enable JTA platform integration)
25-07-04 13:07:37.417 [main] [32mINFO [0;39m o.s.o.j.LocalContainerEntityManagerFactoryBean [ |  | ] - Initialized JPA EntityManagerFactory for persistence unit 'default'
25-07-04 13:07:37.583 [main] [32mINFO [0;39m o.s.d.j.r.query.QueryEnhancerFactory [ |  | ] - Hibernate is in classpath; If applicable, HQL parser will be used.
25-07-04 13:07:37.904 [main] [32mTRACE[0;39m o.s.s.c.a.a.c.AuthenticationConfiguration$EnableGlobalAuthenticationAutowiredConfigurer [ |  | ] - Eagerly initializing {securityConfig=com.sprint.mission.discodeit.config.SecurityConfig$$SpringCGLIB$$0@3aa2646f}
25-07-04 13:07:37.907 [main] [32mDEBUG[0;39m o.s.s.a.h.RoleHierarchyImpl          [ |  | ] - setHierarchy() - The following role hierarchy was set: ROLE_ADMIN > ROLE_CHANNEL_MANAGER
ROLE_CHANNEL_MANAGER > ROLE_USER
25-07-04 13:07:37.907 [main] [32mDEBUG[0;39m o.s.s.a.h.RoleHierarchyImpl          [ |  | ] - buildRolesReachableInOneStepMap() - From role ROLE_ADMIN one can reach role ROLE_CHANNEL_MANAGER in one step.
25-07-04 13:07:37.907 [main] [32mDEBUG[0;39m o.s.s.a.h.RoleHierarchyImpl          [ |  | ] - buildRolesReachableInOneStepMap() - From role ROLE_CHANNEL_MANAGER one can reach role ROLE_USER in one step.
25-07-04 13:07:37.907 [main] [32mDEBUG[0;39m o.s.s.a.h.RoleHierarchyImpl          [ |  | ] - buildRolesReachableInOneOrMoreStepsMap() - From role ROLE_ADMIN one can reach [ROLE_USER, ROLE_CHANNEL_MANAGER] in one or more steps.
25-07-04 13:07:37.907 [main] [32mDEBUG[0;39m o.s.s.a.h.RoleHierarchyImpl          [ |  | ] - buildRolesReachableInOneOrMoreStepsMap() - From role ROLE_CHANNEL_MANAGER one can reach [ROLE_USER] in one or more steps.
25-07-04 13:07:37.925 [main] [32mINFO [0;39m o.s.s.c.a.a.c.InitializeAuthenticationProviderBeanManagerConfigurer$InitializeAuthenticationProviderManagerConfigurer [ |  | ] - Global AuthenticationManager configured with AuthenticationProvider bean with name daoAuthenticationProvider
25-07-04 13:07:37.926 [main] [33mWARN [0;39m o.s.s.c.a.a.c.InitializeUserDetailsBeanManagerConfigurer$InitializeUserDetailsManagerConfigurer [ |  | ] - Global AuthenticationManager configured with an AuthenticationProvider bean. UserDetailsService beans will not be used by Spring Security for automatically configuring username/password login. Consider removing the AuthenticationProvider bean. Alternatively, consider using the UserDetailsService in a manually instantiated DaoAuthenticationProvider. If the current configuration is intentional, to turn off this warning, increase the logging level of 'org.springframework.security.config.annotation.authentication.configuration.InitializeUserDetailsBeanManagerConfigurer' to ERROR
25-07-04 13:07:37.967 [main] [32mDEBUG[0;39m c.s.m.d.s.j.JwtAuthenticationFilter  [ |  | ] - Filter 'jwtAuthenticationFilter' configured for use
25-07-04 13:07:37.968 [main] [32mDEBUG[0;39m c.s.m.d.c.f.JsonUsernamePasswordAuthenticationFilter [ |  | ] - Filter 'jsonUsernamePasswordAuthenticationFilter' configured for use
25-07-04 13:07:38.452 [main] [32mINFO [0;39m o.s.b.a.w.s.WelcomePageHandlerMapping [ |  | ] - Adding welcome page: class path resource [static/index.html]
25-07-04 13:07:38.692 [main] [32mINFO [0;39m o.s.b.a.e.web.EndpointLinksResolver  [ |  | ] - Exposing 4 endpoints beneath base path '/actuator'
25-07-04 13:07:38.765 [main] [32mDEBUG[0;39m o.s.s.web.DefaultSecurityFilterChain [ |  | ] - Will secure any request with filters: DisableEncodeUrlFilter, WebAsyncManagerIntegrationFilter, SecurityContextHolderFilter, HeaderWriterFilter, CsrfFilter, LogoutFilter, JwtAuthenticationFilter, JsonUsernamePasswordAuthenticationFilter, RequestCacheAwareFilter, SecurityContextHolderAwareRequestFilter, AnonymousAuthenticationFilter, SessionManagementFilter, ExceptionTranslationFilter, AuthorizationFilter
25-07-04 13:07:39.144 [main] [32mINFO [0;39m o.a.coyote.http11.Http11NioProtocol  [ |  | ] - Starting ProtocolHandler ["http-nio-8080"]
25-07-04 13:07:39.169 [main] [32mINFO [0;39m o.s.b.w.e.tomcat.TomcatWebServer     [ |  | ] - Tomcat started on port 8080 (http) with context path '/'
25-07-04 13:07:39.183 [main] [32mINFO [0;39m c.s.m.discodeit.DiscodeitApplication [ |  | ] - Started DiscodeitApplication in 4.788 seconds (process running for 5.336)
25-07-04 13:07:39.240 [main] [32mDEBUG[0;39m org.hibernate.SQL                    [ |  | ] - 
    select
        u1_0.id,
        u1_0.created_at,
        u1_0.email,
        u1_0.password,
        u1_0.profile_id,
        u1_0.role,
        u1_0.updated_at,
        u1_0.username 
    from
        users u1_0 
    where
        u1_0.username=?
25-07-04 13:07:39.241 [main] [32mTRACE[0;39m org.hibernate.orm.jdbc.bind          [ |  | ] - binding parameter (1:VARCHAR) <- [admin]
25-07-04 13:07:39.259 [main] [32mINFO [0;39m o.s.b.a.l.ConditionEvaluationReportLogger [ |  | ] - 

Error starting ApplicationContext. To display the condition evaluation report re-run your application with 'debug' enabled.
25-07-04 13:07:39.268 [main] [31mERROR[0;39m o.s.boot.SpringApplication           [ |  | ] - Application run failed
org.springframework.dao.InvalidDataAccessApiUsageException: No enum constant com.sprint.mission.discodeit.entity.Role.ADMIN
	at org.springframework.orm.jpa.EntityManagerFactoryUtils.convertJpaAccessExceptionIfPossible(EntityManagerFactoryUtils.java:371)
	at org.springframework.orm.jpa.vendor.HibernateJpaDialect.translateExceptionIfPossible(HibernateJpaDialect.java:246)
	at org.springframework.orm.jpa.AbstractEntityManagerFactoryBean.translateExceptionIfPossible(AbstractEntityManagerFactoryBean.java:560)
	at org.springframework.dao.support.ChainedPersistenceExceptionTranslator.translateExceptionIfPossible(ChainedPersistenceExceptionTranslator.java:61)
	at org.springframework.dao.support.DataAccessUtils.translateIfNecessary(DataAccessUtils.java:343)
	at org.springframework.dao.support.PersistenceExceptionTranslationInterceptor.invoke(PersistenceExceptionTranslationInterceptor.java:160)
	at org.springframework.aop.framework.ReflectiveMethodInvocation.proceed(ReflectiveMethodInvocation.java:184)
	at org.springframework.data.jpa.repository.support.CrudMethodMetadataPostProcessor$CrudMethodMetadataPopulatingMethodInterceptor.invoke(CrudMethodMetadataPostProcessor.java:136)
	at org.springframework.aop.framework.ReflectiveMethodInvocation.proceed(ReflectiveMethodInvocation.java:184)
	at org.springframework.aop.framework.JdkDynamicAopProxy.invoke(JdkDynamicAopProxy.java:223)
	at jdk.proxy2/jdk.proxy2.$Proxy180.findByUsername(Unknown Source)
	at com.sprint.mission.discodeit.security.AdminInitializer.run(AdminInitializer.java:32)
	at org.springframework.boot.SpringApplication.lambda$callRunner$4(SpringApplication.java:784)
	at org.springframework.util.function.ThrowingConsumer$1.acceptWithException(ThrowingConsumer.java:82)
	at org.springframework.util.function.ThrowingConsumer.accept(ThrowingConsumer.java:60)
	at org.springframework.util.function.ThrowingConsumer$1.accept(ThrowingConsumer.java:86)
	at org.springframework.boot.SpringApplication.callRunner(SpringApplication.java:796)
	at org.springframework.boot.SpringApplication.callRunner(SpringApplication.java:784)
	at org.springframework.boot.SpringApplication.lambda$callRunners$3(SpringApplication.java:772)
	at java.base/java.util.stream.ForEachOps$ForEachOp$OfRef.accept(ForEachOps.java:183)
	at java.base/java.util.stream.SortedOps$SizedRefSortingSink.end(SortedOps.java:357)
	at java.base/java.util.stream.AbstractPipeline.copyInto(AbstractPipeline.java:510)
	at java.base/java.util.stream.AbstractPipeline.wrapAndCopyInto(AbstractPipeline.java:499)
	at java.base/java.util.stream.ForEachOps$ForEachOp.evaluateSequential(ForEachOps.java:150)
	at java.base/java.util.stream.ForEachOps$ForEachOp$OfRef.evaluateSequential(ForEachOps.java:173)
	at java.base/java.util.stream.AbstractPipeline.evaluate(AbstractPipeline.java:234)
	at java.base/java.util.stream.ReferencePipeline.forEach(ReferencePipeline.java:596)
	at org.springframework.boot.SpringApplication.callRunners(SpringApplication.java:772)
	at org.springframework.boot.SpringApplication.run(SpringApplication.java:325)
	at org.springframework.boot.SpringApplication.run(SpringApplication.java:1361)
	at org.springframework.boot.SpringApplication.run(SpringApplication.java:1350)
	at com.sprint.mission.discodeit.DiscodeitApplication.main(DiscodeitApplication.java:10)
Caused by: java.lang.IllegalArgumentException: No enum constant com.sprint.mission.discodeit.entity.Role.ADMIN
	at java.base/java.lang.Enum.valueOf(Enum.java:273)
	at org.hibernate.type.descriptor.java.EnumJavaType.fromName(EnumJavaType.java:259)
	at org.hibernate.type.descriptor.java.EnumJavaType.wrap(EnumJavaType.java:127)
	at org.hibernate.type.descriptor.java.EnumJavaType.wrap(EnumJavaType.java:36)
	at org.hibernate.type.descriptor.jdbc.VarcharJdbcType$2.doExtract(VarcharJdbcType.java:118)
	at org.hibernate.type.descriptor.jdbc.BasicExtractor.extract(BasicExtractor.java:44)
	at org.hibernate.sql.results.jdbc.internal.JdbcValuesResultSetImpl.getCurrentRowValue(JdbcValuesResultSetImpl.java:387)
	at org.hibernate.sql.results.internal.RowProcessingStateStandardImpl.getJdbcValue(RowProcessingStateStandardImpl.java:152)
	at org.hibernate.sql.results.graph.basic.BasicResultAssembler.extractRawValue(BasicResultAssembler.java:54)
	at org.hibernate.sql.results.graph.basic.BasicResultAssembler.assemble(BasicResultAssembler.java:60)
	at org.hibernate.sql.results.graph.entity.internal.EntityInitializerImpl.extractConcreteTypeStateValues(EntityInitializerImpl.java:1603)
	at org.hibernate.sql.results.graph.entity.internal.EntityInitializerImpl.initializeEntityInstance(EntityInitializerImpl.java:1329)
	at org.hibernate.sql.results.graph.entity.internal.EntityInitializerImpl.initializeInstance(EntityInitializerImpl.java:1308)
	at org.hibernate.sql.results.graph.entity.internal.EntityInitializerImpl.initializeInstance(EntityInitializerImpl.java:97)
	at org.hibernate.sql.results.internal.StandardRowReader.coordinateInitializers(StandardRowReader.java:244)
	at org.hibernate.sql.results.internal.StandardRowReader.readRow(StandardRowReader.java:141)
	at org.hibernate.sql.results.spi.ListResultsConsumer.read(ListResultsConsumer.java:249)
	at org.hibernate.sql.results.spi.ListResultsConsumer.consume(ListResultsConsumer.java:201)
	at org.hibernate.sql.results.spi.ListResultsConsumer.consume(ListResultsConsumer.java:35)
	at org.hibernate.sql.exec.internal.JdbcSelectExecutorStandardImpl.doExecuteQuery(JdbcSelectExecutorStandardImpl.java:224)
	at org.hibernate.sql.exec.internal.JdbcSelectExecutorStandardImpl.executeQuery(JdbcSelectExecutorStandardImpl.java:102)
	at org.hibernate.sql.exec.spi.JdbcSelectExecutor.executeQuery(JdbcSelectExecutor.java:91)
	at org.hibernate.sql.exec.spi.JdbcSelectExecutor.list(JdbcSelectExecutor.java:165)
	at org.hibernate.query.sqm.internal.ConcreteSqmSelectQueryPlan.lambda$new$1(ConcreteSqmSelectQueryPlan.java:152)
	at org.hibernate.query.sqm.internal.ConcreteSqmSelectQueryPlan.withCacheableSqmInterpretation(ConcreteSqmSelectQueryPlan.java:442)
	at org.hibernate.query.sqm.internal.ConcreteSqmSelectQueryPlan.performList(ConcreteSqmSelectQueryPlan.java:362)
	at org.hibernate.query.sqm.internal.QuerySqmImpl.doList(QuerySqmImpl.java:380)
	at org.hibernate.query.spi.AbstractSelectionQuery.list(AbstractSelectionQuery.java:143)
	at org.hibernate.query.spi.AbstractSelectionQuery.getSingleResult(AbstractSelectionQuery.java:275)
	at java.base/jdk.internal.reflect.NativeMethodAccessorImpl.invoke0(Native Method)
	at java.base/jdk.internal.reflect.NativeMethodAccessorImpl.invoke(NativeMethodAccessorImpl.java:77)
	at java.base/jdk.internal.reflect.DelegatingMethodAccessorImpl.invoke(DelegatingMethodAccessorImpl.java:43)
	at java.base/java.lang.reflect.Method.invoke(Method.java:569)
	at org.springframework.orm.jpa.SharedEntityManagerCreator$DeferredQueryInvocationHandler.invoke(SharedEntityManagerCreator.java:419)
	at jdk.proxy2/jdk.proxy2.$Proxy220.getSingleResult(Unknown Source)
	at org.springframework.data.jpa.repository.query.JpaQueryExecution$SingleEntityExecution.doExecute(JpaQueryExecution.java:224)
	at org.springframework.data.jpa.repository.query.JpaQueryExecution.execute(JpaQueryExecution.java:93)
	at org.springframework.data.jpa.repository.query.AbstractJpaQuery.doExecute(AbstractJpaQuery.java:152)
	at org.springframework.data.jpa.repository.query.AbstractJpaQuery.execute(AbstractJpaQuery.java:140)
	at org.springframework.data.repository.core.support.RepositoryMethodInvoker.doInvoke(RepositoryMethodInvoker.java:170)
	at org.springframework.data.repository.core.support.RepositoryMethodInvoker.invoke(RepositoryMethodInvoker.java:158)
	at org.springframework.data.repository.core.support.QueryExecutorMethodInterceptor.doInvoke(QueryExecutorMethodInterceptor.java:170)
	at org.springframework.data.repository.core.support.QueryExecutorMethodInterceptor.invoke(QueryExecutorMethodInterceptor.java:149)
	at org.springframework.aop.framework.ReflectiveMethodInvocation.proceed(ReflectiveMethodInvocation.java:184)
	at org.springframework.data.projection.DefaultMethodInvokingMethodInterceptor.invoke(DefaultMethodInvokingMethodInterceptor.java:69)
	at org.springframework.aop.framework.ReflectiveMethodInvocation.proceed(ReflectiveMethodInvocation.java:184)
	at org.springframework.transaction.interceptor.TransactionAspectSupport.invokeWithinTransaction(TransactionAspectSupport.java:380)
	at org.springframework.transaction.interceptor.TransactionInterceptor.invoke(TransactionInterceptor.java:119)
	at org.springframework.aop.framework.ReflectiveMethodInvocation.proceed(ReflectiveMethodInvocation.java:184)
	at org.springframework.dao.support.PersistenceExceptionTranslationInterceptor.invoke(PersistenceExceptionTranslationInterceptor.java:138)
	... 26 common frames omitted
25-07-04 13:07:39.271 [main] [32mINFO [0;39m o.s.b.w.e.tomcat.GracefulShutdown    [ |  | ] - Commencing graceful shutdown. Waiting for active requests to complete
25-07-04 13:07:39.275 [tomcat-shutdown] [32mINFO [0;39m o.s.b.w.e.tomcat.GracefulShutdown    [ |  | ] - Graceful shutdown complete
25-07-04 13:07:39.283 [main] [32mINFO [0;39m o.s.o.j.LocalContainerEntityManagerFactoryBean [ |  | ] - Closing JPA EntityManagerFactory for persistence unit 'default'
25-07-04 13:07:39.285 [main] [32mINFO [0;39m com.zaxxer.hikari.HikariDataSource   [ |  | ] - HikariPool-1 - Shutdown initiated...
25-07-04 13:07:39.287 [main] [32mINFO [0;39m com.zaxxer.hikari.HikariDataSource   [ |  | ] - HikariPool-1 - Shutdown completed.
25-07-04 13:25:20.001 [background-preinit] [32mINFO [0;39m o.h.validator.internal.util.Version  [ |  | ] - HV000001: Hibernate Validator 8.0.1.Final
25-07-04 13:25:20.026 [main] [32mINFO [0;39m c.s.m.discodeit.DiscodeitApplication [ |  | ] - Starting DiscodeitApplication using Java 17.0.14 with PID 99725 (/Users/jasonheo/2-sprint-mission/build/classes/java/main started by jasonheo in /Users/jasonheo/2-sprint-mission)
25-07-04 13:25:20.026 [main] [32mDEBUG[0;39m c.s.m.discodeit.DiscodeitApplication [ |  | ] - Running with Spring Boot v3.4.0, Spring v6.2.0
25-07-04 13:25:20.026 [main] [32mINFO [0;39m c.s.m.discodeit.DiscodeitApplication [ |  | ] - The following 1 profile is active: "dev"
25-07-04 13:25:20.725 [main] [32mINFO [0;39m o.s.d.r.c.RepositoryConfigurationDelegate [ |  | ] - Bootstrapping Spring Data JPA repositories in DEFAULT mode.
25-07-04 13:25:20.763 [main] [32mINFO [0;39m o.s.d.r.c.RepositoryConfigurationDelegate [ |  | ] - Finished Spring Data repository scanning in 34 ms. Found 6 JPA repository interfaces.
25-07-04 13:25:21.198 [main] [32mINFO [0;39m o.s.b.w.e.tomcat.TomcatWebServer     [ |  | ] - Tomcat initialized with port 8080 (http)
25-07-04 13:25:21.206 [main] [32mINFO [0;39m o.a.coyote.http11.Http11NioProtocol  [ |  | ] - Initializing ProtocolHandler ["http-nio-8080"]
25-07-04 13:25:21.206 [main] [32mINFO [0;39m o.a.catalina.core.StandardService    [ |  | ] - Starting service [Tomcat]
25-07-04 13:25:21.207 [main] [32mINFO [0;39m o.a.catalina.core.StandardEngine     [ |  | ] - Starting Servlet engine: [Apache Tomcat/10.1.33]
25-07-04 13:25:21.238 [main] [32mINFO [0;39m o.a.c.c.C.[Tomcat].[localhost].[/]   [ |  | ] - Initializing Spring embedded WebApplicationContext
25-07-04 13:25:21.239 [main] [32mINFO [0;39m o.s.b.w.s.c.ServletWebServerApplicationContext [ |  | ] - Root WebApplicationContext: initialization completed in 1189 ms
25-07-04 13:25:21.370 [main] [32mINFO [0;39m com.zaxxer.hikari.HikariDataSource   [ |  | ] - HikariPool-1 - Starting...
25-07-04 13:25:21.442 [main] [32mINFO [0;39m com.zaxxer.hikari.pool.HikariPool    [ |  | ] - HikariPool-1 - Added connection org.postgresql.jdbc.PgConnection@3e5ebdfe
25-07-04 13:25:21.442 [main] [32mINFO [0;39m com.zaxxer.hikari.HikariDataSource   [ |  | ] - HikariPool-1 - Start completed.
25-07-04 13:25:21.561 [main] [32mINFO [0;39m o.h.jpa.internal.util.LogHelper      [ |  | ] - HHH000204: Processing PersistenceUnitInfo [name: default]
25-07-04 13:25:21.595 [main] [32mINFO [0;39m org.hibernate.Version                [ |  | ] - HHH000412: Hibernate ORM core version 6.6.2.Final
25-07-04 13:25:21.615 [main] [32mINFO [0;39m o.h.c.i.RegionFactoryInitiator       [ |  | ] - HHH000026: Second-level cache disabled
25-07-04 13:25:21.776 [main] [32mINFO [0;39m o.s.o.j.p.SpringPersistenceUnitInfo  [ |  | ] - No LoadTimeWeaver setup: ignoring JPA class transformer
25-07-04 13:25:21.829 [main] [32mINFO [0;39m o.hibernate.orm.connections.pooling  [ |  | ] - HHH10001005: Database info:
	Database JDBC URL [Connecting through datasource 'HikariDataSource (HikariPool-1)']
	Database driver: undefined/unknown
	Database version: 14.18
	Autocommit mode: undefined/unknown
	Isolation level: undefined/unknown
	Minimum pool size: undefined/unknown
	Maximum pool size: undefined/unknown
25-07-04 13:25:22.341 [main] [32mINFO [0;39m o.h.e.t.j.p.i.JtaPlatformInitiator   [ |  | ] - HHH000489: No JTA platform available (set 'hibernate.transaction.jta.platform' to enable JTA platform integration)
25-07-04 13:25:22.374 [main] [32mINFO [0;39m o.s.o.j.LocalContainerEntityManagerFactoryBean [ |  | ] - Initialized JPA EntityManagerFactory for persistence unit 'default'
25-07-04 13:25:22.505 [main] [32mINFO [0;39m o.s.d.j.r.query.QueryEnhancerFactory [ |  | ] - Hibernate is in classpath; If applicable, HQL parser will be used.
25-07-04 13:25:22.845 [main] [32mTRACE[0;39m o.s.s.c.a.a.c.AuthenticationConfiguration$EnableGlobalAuthenticationAutowiredConfigurer [ |  | ] - Eagerly initializing {securityConfig=com.sprint.mission.discodeit.config.SecurityConfig$$SpringCGLIB$$0@71af3c7}
25-07-04 13:25:22.849 [main] [32mDEBUG[0;39m o.s.s.a.h.RoleHierarchyImpl          [ |  | ] - setHierarchy() - The following role hierarchy was set: ROLE_ADMIN > ROLE_CHANNEL_MANAGER
ROLE_CHANNEL_MANAGER > ROLE_USER
25-07-04 13:25:22.849 [main] [32mDEBUG[0;39m o.s.s.a.h.RoleHierarchyImpl          [ |  | ] - buildRolesReachableInOneStepMap() - From role ROLE_ADMIN one can reach role ROLE_CHANNEL_MANAGER in one step.
25-07-04 13:25:22.849 [main] [32mDEBUG[0;39m o.s.s.a.h.RoleHierarchyImpl          [ |  | ] - buildRolesReachableInOneStepMap() - From role ROLE_CHANNEL_MANAGER one can reach role ROLE_USER in one step.
25-07-04 13:25:22.849 [main] [32mDEBUG[0;39m o.s.s.a.h.RoleHierarchyImpl          [ |  | ] - buildRolesReachableInOneOrMoreStepsMap() - From role ROLE_ADMIN one can reach [ROLE_USER, ROLE_CHANNEL_MANAGER] in one or more steps.
25-07-04 13:25:22.849 [main] [32mDEBUG[0;39m o.s.s.a.h.RoleHierarchyImpl          [ |  | ] - buildRolesReachableInOneOrMoreStepsMap() - From role ROLE_CHANNEL_MANAGER one can reach [ROLE_USER] in one or more steps.
25-07-04 13:25:22.867 [main] [32mINFO [0;39m o.s.s.c.a.a.c.InitializeAuthenticationProviderBeanManagerConfigurer$InitializeAuthenticationProviderManagerConfigurer [ |  | ] - Global AuthenticationManager configured with AuthenticationProvider bean with name daoAuthenticationProvider
25-07-04 13:25:22.868 [main] [33mWARN [0;39m o.s.s.c.a.a.c.InitializeUserDetailsBeanManagerConfigurer$InitializeUserDetailsManagerConfigurer [ |  | ] - Global AuthenticationManager configured with an AuthenticationProvider bean. UserDetailsService beans will not be used by Spring Security for automatically configuring username/password login. Consider removing the AuthenticationProvider bean. Alternatively, consider using the UserDetailsService in a manually instantiated DaoAuthenticationProvider. If the current configuration is intentional, to turn off this warning, increase the logging level of 'org.springframework.security.config.annotation.authentication.configuration.InitializeUserDetailsBeanManagerConfigurer' to ERROR
25-07-04 13:25:22.907 [main] [32mDEBUG[0;39m c.s.m.d.s.j.JwtAuthenticationFilter  [ |  | ] - Filter 'jwtAuthenticationFilter' configured for use
25-07-04 13:25:22.908 [main] [32mDEBUG[0;39m c.s.m.d.c.f.JsonUsernamePasswordAuthenticationFilter [ |  | ] - Filter 'jsonUsernamePasswordAuthenticationFilter' configured for use
25-07-04 13:25:23.204 [main] [32mINFO [0;39m o.s.b.a.w.s.WelcomePageHandlerMapping [ |  | ] - Adding welcome page: class path resource [static/index.html]
25-07-04 13:25:23.427 [main] [32mINFO [0;39m o.s.b.a.e.web.EndpointLinksResolver  [ |  | ] - Exposing 4 endpoints beneath base path '/actuator'
25-07-04 13:25:23.496 [main] [32mDEBUG[0;39m o.s.s.web.DefaultSecurityFilterChain [ |  | ] - Will secure any request with filters: DisableEncodeUrlFilter, WebAsyncManagerIntegrationFilter, SecurityContextHolderFilter, HeaderWriterFilter, CsrfFilter, LogoutFilter, JwtAuthenticationFilter, JsonUsernamePasswordAuthenticationFilter, RequestCacheAwareFilter, SecurityContextHolderAwareRequestFilter, AnonymousAuthenticationFilter, SessionManagementFilter, ExceptionTranslationFilter, AuthorizationFilter
25-07-04 13:25:23.874 [main] [32mINFO [0;39m o.a.coyote.http11.Http11NioProtocol  [ |  | ] - Starting ProtocolHandler ["http-nio-8080"]
25-07-04 13:25:23.886 [main] [32mINFO [0;39m o.s.b.w.e.tomcat.TomcatWebServer     [ |  | ] - Tomcat started on port 8080 (http) with context path '/'
25-07-04 13:25:23.899 [main] [32mINFO [0;39m c.s.m.discodeit.DiscodeitApplication [ |  | ] - Started DiscodeitApplication in 4.164 seconds (process running for 4.651)
25-07-04 13:25:23.950 [main] [32mDEBUG[0;39m org.hibernate.SQL                    [ |  | ] - 
    select
        u1_0.id,
        u1_0.created_at,
        u1_0.email,
        u1_0.password,
        u1_0.profile_id,
        u1_0.role,
        u1_0.updated_at,
        u1_0.username 
    from
        users u1_0 
    where
        u1_0.username=?
25-07-04 13:25:23.951 [main] [32mTRACE[0;39m org.hibernate.orm.jdbc.bind          [ |  | ] - binding parameter (1:VARCHAR) <- [admin]
25-07-04 13:25:24.104 [main] [32mDEBUG[0;39m org.hibernate.SQL                    [ |  | ] - 
    insert 
    into
        users
        (created_at, email, password, profile_id, role, updated_at, username, id) 
    values
        (?, ?, ?, ?, ?, ?, ?, ?)
25-07-04 13:25:24.105 [main] [32mTRACE[0;39m org.hibernate.orm.jdbc.bind          [ |  | ] - binding parameter (1:TIMESTAMP_UTC) <- [2025-07-04T04:25:24.083396Z]
25-07-04 13:25:24.106 [main] [32mTRACE[0;39m org.hibernate.orm.jdbc.bind          [ |  | ] - binding parameter (2:VARCHAR) <- [admin@discodeit.com]
25-07-04 13:25:24.106 [main] [32mTRACE[0;39m org.hibernate.orm.jdbc.bind          [ |  | ] - binding parameter (3:VARCHAR) <- [$2a$10$aLWR80SHJeNxCE8D0QWnkuBaLmnM1QHJDrOeyWUGdqPCizf9x8rKq]
25-07-04 13:25:24.106 [main] [32mTRACE[0;39m org.hibernate.orm.jdbc.bind          [ |  | ] - binding parameter (4:UUID) <- [null]
25-07-04 13:25:24.106 [main] [32mTRACE[0;39m org.hibernate.orm.jdbc.bind          [ |  | ] - binding parameter (5:VARCHAR) <- [ROLE_ADMIN]
25-07-04 13:25:24.106 [main] [32mTRACE[0;39m org.hibernate.orm.jdbc.bind          [ |  | ] - binding parameter (6:TIMESTAMP_UTC) <- [2025-07-04T04:25:24.083396Z]
25-07-04 13:25:24.107 [main] [32mTRACE[0;39m org.hibernate.orm.jdbc.bind          [ |  | ] - binding parameter (7:VARCHAR) <- [admin]
25-07-04 13:25:24.107 [main] [32mTRACE[0;39m org.hibernate.orm.jdbc.bind          [ |  | ] - binding parameter (8:UUID) <- [7a5ac16e-7214-4600-a7fe-4232aed9fe7e]
25-07-04 13:25:24.452 [RMI TCP Connection(4)-127.0.0.1] [32mINFO [0;39m o.a.c.c.C.[Tomcat].[localhost].[/]   [ |  | ] - Initializing Spring DispatcherServlet 'dispatcherServlet'
25-07-04 13:25:24.452 [RMI TCP Connection(4)-127.0.0.1] [32mINFO [0;39m o.s.web.servlet.DispatcherServlet    [ |  | ] - Initializing Servlet 'dispatcherServlet'
25-07-04 13:25:24.454 [RMI TCP Connection(4)-127.0.0.1] [32mINFO [0;39m o.s.web.servlet.DispatcherServlet    [ |  | ] - Completed initialization in 2 ms
25-07-04 13:36:54.228 [SpringApplicationShutdownHook] [32mINFO [0;39m o.s.b.w.e.tomcat.GracefulShutdown    [ |  | ] - Commencing graceful shutdown. Waiting for active requests to complete
25-07-04 13:36:54.249 [tomcat-shutdown] [32mINFO [0;39m o.s.b.w.e.tomcat.GracefulShutdown    [ |  | ] - Graceful shutdown complete
25-07-04 13:36:54.259 [SpringApplicationShutdownHook] [32mINFO [0;39m o.s.o.j.LocalContainerEntityManagerFactoryBean [ |  | ] - Closing JPA EntityManagerFactory for persistence unit 'default'
25-07-04 13:36:54.264 [SpringApplicationShutdownHook] [32mINFO [0;39m com.zaxxer.hikari.HikariDataSource   [ |  | ] - HikariPool-1 - Shutdown initiated...
25-07-04 13:36:54.269 [SpringApplicationShutdownHook] [32mINFO [0;39m com.zaxxer.hikari.HikariDataSource   [ |  | ] - HikariPool-1 - Shutdown completed.
