25-05-20 14:47:37.738 [background-preinit] INFO  o.h.validator.internal.util.Version  [ |  | ] - HV000001: Hibernate Validator 8.0.1.Final
25-05-20 14:47:37.781 [Test worker] INFO  c.s.m.d.DiscodeitApplicationTests    [ |  | ] - Starting DiscodeitApplicationTests using Java 17.0.14 with PID 56020 (started by jasonheo in /Users/jasonheo/2-sprint-mission)
25-05-20 14:47:37.782 [Test worker] DEBUG c.s.m.d.DiscodeitApplicationTests    [ |  | ] - Running with Spring Boot v3.4.0, Spring v6.2.0
25-05-20 14:47:37.782 [Test worker] INFO  c.s.m.d.DiscodeitApplicationTests    [ |  | ] - The following 1 profile is active: "dev"
25-05-20 14:47:38.794 [Test worker] INFO  o.s.d.r.c.RepositoryConfigurationDelegate [ |  | ] - Bootstrapping Spring Data JPA repositories in DEFAULT mode.
25-05-20 14:47:38.847 [Test worker] INFO  o.s.d.r.c.RepositoryConfigurationDelegate [ |  | ] - Finished Spring Data repository scanning in 46 ms. Found 6 JPA repository interfaces.
25-05-20 14:47:39.387 [Test worker] INFO  com.zaxxer.hikari.HikariDataSource   [ |  | ] - HikariPool-1 - Starting...
25-05-20 14:47:39.533 [Test worker] INFO  com.zaxxer.hikari.pool.HikariPool    [ |  | ] - HikariPool-1 - Added connection org.postgresql.jdbc.PgConnection@6ffac1f3
25-05-20 14:47:39.534 [Test worker] INFO  com.zaxxer.hikari.HikariDataSource   [ |  | ] - HikariPool-1 - Start completed.
25-05-20 14:47:39.631 [Test worker] INFO  o.h.jpa.internal.util.LogHelper      [ |  | ] - HHH000204: Processing PersistenceUnitInfo [name: default]
25-05-20 14:47:39.689 [Test worker] INFO  org.hibernate.Version                [ |  | ] - HHH000412: Hibernate ORM core version 6.6.2.Final
25-05-20 14:47:39.722 [Test worker] INFO  o.h.c.i.RegionFactoryInitiator       [ |  | ] - HHH000026: Second-level cache disabled
25-05-20 14:47:39.966 [Test worker] INFO  o.s.o.j.p.SpringPersistenceUnitInfo  [ |  | ] - No LoadTimeWeaver setup: ignoring JPA class transformer
25-05-20 14:47:40.079 [Test worker] INFO  o.hibernate.orm.connections.pooling  [ |  | ] - HHH10001005: Database info:
	Database JDBC URL [Connecting through datasource 'HikariDataSource (HikariPool-1)']
	Database driver: undefined/unknown
	Database version: 14.17
	Autocommit mode: undefined/unknown
	Isolation level: undefined/unknown
	Minimum pool size: undefined/unknown
	Maximum pool size: undefined/unknown
25-05-20 14:47:41.301 [Test worker] INFO  o.h.e.t.j.p.i.JtaPlatformInitiator   [ |  | ] - HHH000489: No JTA platform available (set 'hibernate.transaction.jta.platform' to enable JTA platform integration)
25-05-20 14:47:41.386 [Test worker] INFO  o.s.o.j.LocalContainerEntityManagerFactoryBean [ |  | ] - Initialized JPA EntityManagerFactory for persistence unit 'default'
25-05-20 14:47:41.935 [Test worker] INFO  o.s.d.j.r.query.QueryEnhancerFactory [ |  | ] - Hibernate is in classpath; If applicable, HQL parser will be used.
25-05-20 14:47:43.222 [Test worker] INFO  o.s.b.a.w.s.WelcomePageHandlerMapping [ |  | ] - Adding welcome page: class path resource [static/index.html]
25-05-20 14:47:44.025 [Test worker] INFO  o.s.b.a.e.web.EndpointLinksResolver  [ |  | ] - Exposing 4 endpoints beneath base path '/actuator'
25-05-20 14:47:44.104 [Test worker] INFO  c.s.m.d.DiscodeitApplicationTests    [ |  | ] - Started DiscodeitApplicationTests in 6.711 seconds (process running for 7.97)
25-05-20 14:47:44.548 [Test worker] INFO  o.s.t.c.s.AnnotationConfigContextLoaderUtils [ |  | ] - Could not detect default configuration classes for test class [com.sprint.mission.discodeit.controller.AuthControllerTest]: AuthControllerTest does not declare any static, non-private, non-final, nested classes annotated with @Configuration.
25-05-20 14:47:44.570 [Test worker] INFO  o.s.b.t.c.SpringBootTestContextBootstrapper [ |  | ] - Found @SpringBootConfiguration com.sprint.mission.discodeit.DiscodeitApplication for test class com.sprint.mission.discodeit.controller.AuthControllerTest
25-05-20 14:47:44.603 [Test worker] INFO  c.s.m.d.c.AuthControllerTest         [ |  | ] - Starting AuthControllerTest using Java 17.0.14 with PID 56020 (started by jasonheo in /Users/jasonheo/2-sprint-mission)
25-05-20 14:47:44.603 [Test worker] DEBUG c.s.m.d.c.AuthControllerTest         [ |  | ] - Running with Spring Boot v3.4.0, Spring v6.2.0
25-05-20 14:47:44.603 [Test worker] INFO  c.s.m.d.c.AuthControllerTest         [ |  | ] - The following 1 profile is active: "dev"
25-05-20 14:47:44.936 [Test worker] INFO  o.s.b.a.w.s.WelcomePageHandlerMapping [ |  | ] - Adding welcome page: class path resource [static/index.html]
25-05-20 14:47:45.101 [Test worker] INFO  o.s.b.t.m.w.SpringBootMockServletContext [ |  | ] - Initializing Spring TestDispatcherServlet ''
25-05-20 14:47:45.102 [Test worker] INFO  o.s.t.w.s.TestDispatcherServlet      [ |  | ] - Initializing Servlet ''
25-05-20 14:47:45.105 [Test worker] INFO  o.s.t.w.s.TestDispatcherServlet      [ |  | ] - Completed initialization in 1 ms
25-05-20 14:47:45.139 [Test worker] INFO  c.s.m.d.c.AuthControllerTest         [ |  | ] - Started AuthControllerTest in 0.566 seconds (process running for 9.005)
25-05-20 14:47:45.366 [Test worker] DEBUG c.s.m.d.config.MDCLoggingInterceptor [f171162d4b5a4a3b8f3de6e496db050f | POST | /api/auth/login] - Request started
25-05-20 14:47:45.811 [Test worker] ERROR c.s.m.d.e.GlobalExceptionHandler     [f171162d4b5a4a3b8f3de6e496db050f | POST | /api/auth/login] - 요청 유효성 검사 실패: Validation failed for argument [0] in public org.springframework.http.ResponseEntity<com.sprint.mission.discodeit.dto.data.UserDto> com.sprint.mission.discodeit.controller.AuthController.login(com.sprint.mission.discodeit.dto.request.LoginRequest) with 2 errors: [Field error in object 'loginRequest' on field 'username': rejected value []; codes [NotBlank.loginRequest.username,NotBlank.username,NotBlank.java.lang.String,NotBlank]; arguments [org.springframework.context.support.DefaultMessageSourceResolvable: codes [loginRequest.username,username]; arguments []; default message [username]]; default message [사용자 이름은 필수입니다]] [Field error in object 'loginRequest' on field 'password': rejected value []; codes [NotBlank.loginRequest.password,NotBlank.password,NotBlank.java.lang.String,NotBlank]; arguments [org.springframework.context.support.DefaultMessageSourceResolvable: codes [loginRequest.password,password]; arguments []; default message [password]]; default message [비밀번호는 필수입니다]] 
25-05-20 14:47:45.898 [Test worker] DEBUG c.s.m.d.config.MDCLoggingInterceptor [f171162d4b5a4a3b8f3de6e496db050f | POST | /api/auth/login] - Request completed
25-05-20 14:47:45.988 [Test worker] DEBUG c.s.m.d.config.MDCLoggingInterceptor [1cc6cf220b614439b53717832907be41 | POST | /api/auth/login] - Request started
25-05-20 14:47:45.989 [Test worker] INFO  c.s.m.d.controller.AuthController    [1cc6cf220b614439b53717832907be41 | POST | /api/auth/login] - 로그인 요청: username=testuser
25-05-20 14:47:45.999 [Test worker] ERROR c.s.m.d.e.GlobalExceptionHandler     [1cc6cf220b614439b53717832907be41 | POST | /api/auth/login] - 커스텀 예외 발생: code=INVALID_USER_CREDENTIALS, message=잘못된 사용자 인증 정보입니다.
com.sprint.mission.discodeit.exception.user.InvalidCredentialsException: 잘못된 사용자 인증 정보입니다.
	at com.sprint.mission.discodeit.controller.AuthController.login(AuthController.java:28)
	at java.base/jdk.internal.reflect.NativeMethodAccessorImpl.invoke0(Native Method)
	at java.base/jdk.internal.reflect.NativeMethodAccessorImpl.invoke(NativeMethodAccessorImpl.java:77)
	at java.base/jdk.internal.reflect.DelegatingMethodAccessorImpl.invoke(DelegatingMethodAccessorImpl.java:43)
	at java.base/java.lang.reflect.Method.invoke(Method.java:569)
	at org.springframework.web.method.support.InvocableHandlerMethod.doInvoke(InvocableHandlerMethod.java:255)
	at org.springframework.web.method.support.InvocableHandlerMethod.invokeForRequest(InvocableHandlerMethod.java:188)
	at org.springframework.web.servlet.mvc.method.annotation.ServletInvocableHandlerMethod.invokeAndHandle(ServletInvocableHandlerMethod.java:118)
	at org.springframework.web.servlet.mvc.method.annotation.RequestMappingHandlerAdapter.invokeHandlerMethod(RequestMappingHandlerAdapter.java:986)
	at org.springframework.web.servlet.mvc.method.annotation.RequestMappingHandlerAdapter.handleInternal(RequestMappingHandlerAdapter.java:891)
	at org.springframework.web.servlet.mvc.method.AbstractHandlerMethodAdapter.handle(AbstractHandlerMethodAdapter.java:87)
	at org.springframework.web.servlet.DispatcherServlet.doDispatch(DispatcherServlet.java:1088)
	at org.springframework.web.servlet.DispatcherServlet.doService(DispatcherServlet.java:978)
	at org.springframework.web.servlet.FrameworkServlet.processRequest(FrameworkServlet.java:1014)
	at org.springframework.web.servlet.FrameworkServlet.doPost(FrameworkServlet.java:914)
	at jakarta.servlet.http.HttpServlet.service(HttpServlet.java:590)
	at org.springframework.web.servlet.FrameworkServlet.service(FrameworkServlet.java:885)
	at org.springframework.test.web.servlet.TestDispatcherServlet.service(TestDispatcherServlet.java:72)
	at jakarta.servlet.http.HttpServlet.service(HttpServlet.java:658)
	at org.springframework.mock.web.MockFilterChain$ServletFilterProxy.doFilter(MockFilterChain.java:165)
	at org.springframework.mock.web.MockFilterChain.doFilter(MockFilterChain.java:132)
	at org.springframework.web.filter.RequestContextFilter.doFilterInternal(RequestContextFilter.java:100)
	at org.springframework.web.filter.OncePerRequestFilter.doFilter(OncePerRequestFilter.java:116)
	at org.springframework.test.web.servlet.setup.MockMvcFilterDecorator.doFilter(MockMvcFilterDecorator.java:162)
	at org.springframework.mock.web.MockFilterChain.doFilter(MockFilterChain.java:132)
	at org.springframework.web.filter.FormContentFilter.doFilterInternal(FormContentFilter.java:93)
	at org.springframework.web.filter.OncePerRequestFilter.doFilter(OncePerRequestFilter.java:116)
	at org.springframework.test.web.servlet.setup.MockMvcFilterDecorator.doFilter(MockMvcFilterDecorator.java:162)
	at org.springframework.mock.web.MockFilterChain.doFilter(MockFilterChain.java:132)
	at org.springframework.web.filter.CharacterEncodingFilter.doFilterInternal(CharacterEncodingFilter.java:201)
	at org.springframework.web.filter.OncePerRequestFilter.doFilter(OncePerRequestFilter.java:116)
	at org.springframework.test.web.servlet.setup.MockMvcFilterDecorator.doFilter(MockMvcFilterDecorator.java:162)
	at org.springframework.mock.web.MockFilterChain.doFilter(MockFilterChain.java:132)
	at org.springframework.test.web.servlet.MockMvc.perform(MockMvc.java:201)
	at com.sprint.mission.discodeit.controller.AuthControllerTest.login_Failure_InvalidCredentials(AuthControllerTest.java:100)
	at java.base/jdk.internal.reflect.NativeMethodAccessorImpl.invoke0(Native Method)
	at java.base/jdk.internal.reflect.NativeMethodAccessorImpl.invoke(NativeMethodAccessorImpl.java:77)
	at java.base/jdk.internal.reflect.DelegatingMethodAccessorImpl.invoke(DelegatingMethodAccessorImpl.java:43)
	at java.base/java.lang.reflect.Method.invoke(Method.java:569)
	at org.junit.platform.commons.util.ReflectionUtils.invokeMethod(ReflectionUtils.java:767)
	at org.junit.jupiter.engine.execution.MethodInvocation.proceed(MethodInvocation.java:60)
	at org.junit.jupiter.engine.execution.InvocationInterceptorChain$ValidatingInvocation.proceed(InvocationInterceptorChain.java:131)
	at org.junit.jupiter.engine.extension.TimeoutExtension.intercept(TimeoutExtension.java:156)
	at org.junit.jupiter.engine.extension.TimeoutExtension.interceptTestableMethod(TimeoutExtension.java:147)
	at org.junit.jupiter.engine.extension.TimeoutExtension.interceptTestMethod(TimeoutExtension.java:86)
	at org.junit.jupiter.engine.execution.InterceptingExecutableInvoker$ReflectiveInterceptorCall.lambda$ofVoidMethod$0(InterceptingExecutableInvoker.java:103)
	at org.junit.jupiter.engine.execution.InterceptingExecutableInvoker.lambda$invoke$0(InterceptingExecutableInvoker.java:93)
	at org.junit.jupiter.engine.execution.InvocationInterceptorChain$InterceptedInvocation.proceed(InvocationInterceptorChain.java:106)
	at org.junit.jupiter.engine.execution.InvocationInterceptorChain.proceed(InvocationInterceptorChain.java:64)
	at org.junit.jupiter.engine.execution.InvocationInterceptorChain.chainAndInvoke(InvocationInterceptorChain.java:45)
	at org.junit.jupiter.engine.execution.InvocationInterceptorChain.invoke(InvocationInterceptorChain.java:37)
	at org.junit.jupiter.engine.execution.InterceptingExecutableInvoker.invoke(InterceptingExecutableInvoker.java:92)
	at org.junit.jupiter.engine.execution.InterceptingExecutableInvoker.invoke(InterceptingExecutableInvoker.java:86)
	at org.junit.jupiter.engine.descriptor.TestMethodTestDescriptor.lambda$invokeTestMethod$8(TestMethodTestDescriptor.java:217)
	at org.junit.platform.engine.support.hierarchical.ThrowableCollector.execute(ThrowableCollector.java:73)
	at org.junit.jupiter.engine.descriptor.TestMethodTestDescriptor.invokeTestMethod(TestMethodTestDescriptor.java:213)
	at org.junit.jupiter.engine.descriptor.TestMethodTestDescriptor.execute(TestMethodTestDescriptor.java:138)
	at org.junit.jupiter.engine.descriptor.TestMethodTestDescriptor.execute(TestMethodTestDescriptor.java:68)
	at org.junit.platform.engine.support.hierarchical.NodeTestTask.lambda$executeRecursively$6(NodeTestTask.java:156)
	at org.junit.platform.engine.support.hierarchical.ThrowableCollector.execute(ThrowableCollector.java:73)
	at org.junit.platform.engine.support.hierarchical.NodeTestTask.lambda$executeRecursively$8(NodeTestTask.java:146)
	at org.junit.platform.engine.support.hierarchical.Node.around(Node.java:137)
	at org.junit.platform.engine.support.hierarchical.NodeTestTask.lambda$executeRecursively$9(NodeTestTask.java:144)
	at org.junit.platform.engine.support.hierarchical.ThrowableCollector.execute(ThrowableCollector.java:73)
	at org.junit.platform.engine.support.hierarchical.NodeTestTask.executeRecursively(NodeTestTask.java:143)
	at org.junit.platform.engine.support.hierarchical.NodeTestTask.execute(NodeTestTask.java:100)
	at java.base/java.util.ArrayList.forEach(ArrayList.java:1511)
	at org.junit.platform.engine.support.hierarchical.SameThreadHierarchicalTestExecutorService.invokeAll(SameThreadHierarchicalTestExecutorService.java:41)
	at org.junit.platform.engine.support.hierarchical.NodeTestTask.lambda$executeRecursively$6(NodeTestTask.java:160)
	at org.junit.platform.engine.support.hierarchical.ThrowableCollector.execute(ThrowableCollector.java:73)
	at org.junit.platform.engine.support.hierarchical.NodeTestTask.lambda$executeRecursively$8(NodeTestTask.java:146)
	at org.junit.platform.engine.support.hierarchical.Node.around(Node.java:137)
	at org.junit.platform.engine.support.hierarchical.NodeTestTask.lambda$executeRecursively$9(NodeTestTask.java:144)
	at org.junit.platform.engine.support.hierarchical.ThrowableCollector.execute(ThrowableCollector.java:73)
	at org.junit.platform.engine.support.hierarchical.NodeTestTask.executeRecursively(NodeTestTask.java:143)
	at org.junit.platform.engine.support.hierarchical.NodeTestTask.execute(NodeTestTask.java:100)
	at java.base/java.util.ArrayList.forEach(ArrayList.java:1511)
	at org.junit.platform.engine.support.hierarchical.SameThreadHierarchicalTestExecutorService.invokeAll(SameThreadHierarchicalTestExecutorService.java:41)
	at org.junit.platform.engine.support.hierarchical.NodeTestTask.lambda$executeRecursively$6(NodeTestTask.java:160)
	at org.junit.platform.engine.support.hierarchical.ThrowableCollector.execute(ThrowableCollector.java:73)
	at org.junit.platform.engine.support.hierarchical.NodeTestTask.lambda$executeRecursively$8(NodeTestTask.java:146)
	at org.junit.platform.engine.support.hierarchical.Node.around(Node.java:137)
	at org.junit.platform.engine.support.hierarchical.NodeTestTask.lambda$executeRecursively$9(NodeTestTask.java:144)
	at org.junit.platform.engine.support.hierarchical.ThrowableCollector.execute(ThrowableCollector.java:73)
	at org.junit.platform.engine.support.hierarchical.NodeTestTask.executeRecursively(NodeTestTask.java:143)
	at org.junit.platform.engine.support.hierarchical.NodeTestTask.execute(NodeTestTask.java:100)
	at org.junit.platform.engine.support.hierarchical.SameThreadHierarchicalTestExecutorService.submit(SameThreadHierarchicalTestExecutorService.java:35)
	at org.junit.platform.engine.support.hierarchical.HierarchicalTestExecutor.execute(HierarchicalTestExecutor.java:57)
	at org.junit.platform.engine.support.hierarchical.HierarchicalTestEngine.execute(HierarchicalTestEngine.java:54)
	at org.junit.platform.launcher.core.EngineExecutionOrchestrator.execute(EngineExecutionOrchestrator.java:198)
	at org.junit.platform.launcher.core.EngineExecutionOrchestrator.execute(EngineExecutionOrchestrator.java:169)
	at org.junit.platform.launcher.core.EngineExecutionOrchestrator.execute(EngineExecutionOrchestrator.java:93)
	at org.junit.platform.launcher.core.EngineExecutionOrchestrator.lambda$execute$0(EngineExecutionOrchestrator.java:58)
	at org.junit.platform.launcher.core.EngineExecutionOrchestrator.withInterceptedStreams(EngineExecutionOrchestrator.java:141)
	at org.junit.platform.launcher.core.EngineExecutionOrchestrator.execute(EngineExecutionOrchestrator.java:57)
	at org.junit.platform.launcher.core.DefaultLauncher.execute(DefaultLauncher.java:103)
	at org.junit.platform.launcher.core.DefaultLauncher.execute(DefaultLauncher.java:85)
	at org.junit.platform.launcher.core.DelegatingLauncher.execute(DelegatingLauncher.java:47)
	at org.gradle.api.internal.tasks.testing.junitplatform.JUnitPlatformTestClassProcessor$CollectAllTestClassesExecutor.processAllTestClasses(JUnitPlatformTestClassProcessor.java:124)
	at org.gradle.api.internal.tasks.testing.junitplatform.JUnitPlatformTestClassProcessor$CollectAllTestClassesExecutor.access$000(JUnitPlatformTestClassProcessor.java:99)
	at org.gradle.api.internal.tasks.testing.junitplatform.JUnitPlatformTestClassProcessor.stop(JUnitPlatformTestClassProcessor.java:94)
	at org.gradle.api.internal.tasks.testing.SuiteTestClassProcessor.stop(SuiteTestClassProcessor.java:63)
	at java.base/jdk.internal.reflect.NativeMethodAccessorImpl.invoke0(Native Method)
	at java.base/jdk.internal.reflect.NativeMethodAccessorImpl.invoke(NativeMethodAccessorImpl.java:77)
	at java.base/jdk.internal.reflect.DelegatingMethodAccessorImpl.invoke(DelegatingMethodAccessorImpl.java:43)
	at java.base/java.lang.reflect.Method.invoke(Method.java:569)
	at org.gradle.internal.dispatch.ReflectionDispatch.dispatch(ReflectionDispatch.java:36)
	at org.gradle.internal.dispatch.ReflectionDispatch.dispatch(ReflectionDispatch.java:24)
	at org.gradle.internal.dispatch.ContextClassLoaderDispatch.dispatch(ContextClassLoaderDispatch.java:33)
	at org.gradle.internal.dispatch.ProxyDispatchAdapter$DispatchingInvocationHandler.invoke(ProxyDispatchAdapter.java:92)
	at jdk.proxy2/jdk.proxy2.$Proxy6.stop(Unknown Source)
	at org.gradle.api.internal.tasks.testing.worker.TestWorker$3.run(TestWorker.java:200)
	at org.gradle.api.internal.tasks.testing.worker.TestWorker.executeAndMaintainThreadName(TestWorker.java:132)
	at org.gradle.api.internal.tasks.testing.worker.TestWorker.execute(TestWorker.java:103)
	at org.gradle.api.internal.tasks.testing.worker.TestWorker.execute(TestWorker.java:63)
	at org.gradle.process.internal.worker.child.ActionExecutionWorker.execute(ActionExecutionWorker.java:56)
	at org.gradle.process.internal.worker.child.SystemApplicationClassLoaderWorker.call(SystemApplicationClassLoaderWorker.java:121)
	at org.gradle.process.internal.worker.child.SystemApplicationClassLoaderWorker.call(SystemApplicationClassLoaderWorker.java:71)
	at worker.org.gradle.process.internal.worker.GradleWorkerMain.run(GradleWorkerMain.java:69)
	at worker.org.gradle.process.internal.worker.GradleWorkerMain.main(GradleWorkerMain.java:74)
25-05-20 14:47:46.022 [Test worker] DEBUG c.s.m.d.config.MDCLoggingInterceptor [1cc6cf220b614439b53717832907be41 | POST | /api/auth/login] - Request completed
25-05-20 14:47:46.032 [Test worker] DEBUG c.s.m.d.config.MDCLoggingInterceptor [c87eb169a68843babc1a551274c836ff | POST | /api/auth/login] - Request started
25-05-20 14:47:46.032 [Test worker] INFO  c.s.m.d.controller.AuthController    [c87eb169a68843babc1a551274c836ff | POST | /api/auth/login] - 로그인 요청: username=nonexistentuser
25-05-20 14:47:46.033 [Test worker] ERROR c.s.m.d.e.GlobalExceptionHandler     [c87eb169a68843babc1a551274c836ff | POST | /api/auth/login] - 커스텀 예외 발생: code=USER_NOT_FOUND, message=사용자를 찾을 수 없습니다.
com.sprint.mission.discodeit.exception.user.UserNotFoundException: 사용자를 찾을 수 없습니다.
	at com.sprint.mission.discodeit.controller.AuthController.login(AuthController.java:28)
	at java.base/jdk.internal.reflect.NativeMethodAccessorImpl.invoke0(Native Method)
	at java.base/jdk.internal.reflect.NativeMethodAccessorImpl.invoke(NativeMethodAccessorImpl.java:77)
	at java.base/jdk.internal.reflect.DelegatingMethodAccessorImpl.invoke(DelegatingMethodAccessorImpl.java:43)
	at java.base/java.lang.reflect.Method.invoke(Method.java:569)
	at org.springframework.web.method.support.InvocableHandlerMethod.doInvoke(InvocableHandlerMethod.java:255)
	at org.springframework.web.method.support.InvocableHandlerMethod.invokeForRequest(InvocableHandlerMethod.java:188)
	at org.springframework.web.servlet.mvc.method.annotation.ServletInvocableHandlerMethod.invokeAndHandle(ServletInvocableHandlerMethod.java:118)
	at org.springframework.web.servlet.mvc.method.annotation.RequestMappingHandlerAdapter.invokeHandlerMethod(RequestMappingHandlerAdapter.java:986)
	at org.springframework.web.servlet.mvc.method.annotation.RequestMappingHandlerAdapter.handleInternal(RequestMappingHandlerAdapter.java:891)
	at org.springframework.web.servlet.mvc.method.AbstractHandlerMethodAdapter.handle(AbstractHandlerMethodAdapter.java:87)
	at org.springframework.web.servlet.DispatcherServlet.doDispatch(DispatcherServlet.java:1088)
	at org.springframework.web.servlet.DispatcherServlet.doService(DispatcherServlet.java:978)
	at org.springframework.web.servlet.FrameworkServlet.processRequest(FrameworkServlet.java:1014)
	at org.springframework.web.servlet.FrameworkServlet.doPost(FrameworkServlet.java:914)
	at jakarta.servlet.http.HttpServlet.service(HttpServlet.java:590)
	at org.springframework.web.servlet.FrameworkServlet.service(FrameworkServlet.java:885)
	at org.springframework.test.web.servlet.TestDispatcherServlet.service(TestDispatcherServlet.java:72)
	at jakarta.servlet.http.HttpServlet.service(HttpServlet.java:658)
	at org.springframework.mock.web.MockFilterChain$ServletFilterProxy.doFilter(MockFilterChain.java:165)
	at org.springframework.mock.web.MockFilterChain.doFilter(MockFilterChain.java:132)
	at org.springframework.web.filter.RequestContextFilter.doFilterInternal(RequestContextFilter.java:100)
	at org.springframework.web.filter.OncePerRequestFilter.doFilter(OncePerRequestFilter.java:116)
	at org.springframework.test.web.servlet.setup.MockMvcFilterDecorator.doFilter(MockMvcFilterDecorator.java:162)
	at org.springframework.mock.web.MockFilterChain.doFilter(MockFilterChain.java:132)
	at org.springframework.web.filter.FormContentFilter.doFilterInternal(FormContentFilter.java:93)
	at org.springframework.web.filter.OncePerRequestFilter.doFilter(OncePerRequestFilter.java:116)
	at org.springframework.test.web.servlet.setup.MockMvcFilterDecorator.doFilter(MockMvcFilterDecorator.java:162)
	at org.springframework.mock.web.MockFilterChain.doFilter(MockFilterChain.java:132)
	at org.springframework.web.filter.CharacterEncodingFilter.doFilterInternal(CharacterEncodingFilter.java:201)
	at org.springframework.web.filter.OncePerRequestFilter.doFilter(OncePerRequestFilter.java:116)
	at org.springframework.test.web.servlet.setup.MockMvcFilterDecorator.doFilter(MockMvcFilterDecorator.java:162)
	at org.springframework.mock.web.MockFilterChain.doFilter(MockFilterChain.java:132)
	at org.springframework.test.web.servlet.MockMvc.perform(MockMvc.java:201)
	at com.sprint.mission.discodeit.controller.AuthControllerTest.login_Failure_UserNotFound(AuthControllerTest.java:81)
	at java.base/jdk.internal.reflect.NativeMethodAccessorImpl.invoke0(Native Method)
	at java.base/jdk.internal.reflect.NativeMethodAccessorImpl.invoke(NativeMethodAccessorImpl.java:77)
	at java.base/jdk.internal.reflect.DelegatingMethodAccessorImpl.invoke(DelegatingMethodAccessorImpl.java:43)
	at java.base/java.lang.reflect.Method.invoke(Method.java:569)
	at org.junit.platform.commons.util.ReflectionUtils.invokeMethod(ReflectionUtils.java:767)
	at org.junit.jupiter.engine.execution.MethodInvocation.proceed(MethodInvocation.java:60)
	at org.junit.jupiter.engine.execution.InvocationInterceptorChain$ValidatingInvocation.proceed(InvocationInterceptorChain.java:131)
	at org.junit.jupiter.engine.extension.TimeoutExtension.intercept(TimeoutExtension.java:156)
	at org.junit.jupiter.engine.extension.TimeoutExtension.interceptTestableMethod(TimeoutExtension.java:147)
	at org.junit.jupiter.engine.extension.TimeoutExtension.interceptTestMethod(TimeoutExtension.java:86)
	at org.junit.jupiter.engine.execution.InterceptingExecutableInvoker$ReflectiveInterceptorCall.lambda$ofVoidMethod$0(InterceptingExecutableInvoker.java:103)
	at org.junit.jupiter.engine.execution.InterceptingExecutableInvoker.lambda$invoke$0(InterceptingExecutableInvoker.java:93)
	at org.junit.jupiter.engine.execution.InvocationInterceptorChain$InterceptedInvocation.proceed(InvocationInterceptorChain.java:106)
	at org.junit.jupiter.engine.execution.InvocationInterceptorChain.proceed(InvocationInterceptorChain.java:64)
	at org.junit.jupiter.engine.execution.InvocationInterceptorChain.chainAndInvoke(InvocationInterceptorChain.java:45)
	at org.junit.jupiter.engine.execution.InvocationInterceptorChain.invoke(InvocationInterceptorChain.java:37)
	at org.junit.jupiter.engine.execution.InterceptingExecutableInvoker.invoke(InterceptingExecutableInvoker.java:92)
	at org.junit.jupiter.engine.execution.InterceptingExecutableInvoker.invoke(InterceptingExecutableInvoker.java:86)
	at org.junit.jupiter.engine.descriptor.TestMethodTestDescriptor.lambda$invokeTestMethod$8(TestMethodTestDescriptor.java:217)
	at org.junit.platform.engine.support.hierarchical.ThrowableCollector.execute(ThrowableCollector.java:73)
	at org.junit.jupiter.engine.descriptor.TestMethodTestDescriptor.invokeTestMethod(TestMethodTestDescriptor.java:213)
	at org.junit.jupiter.engine.descriptor.TestMethodTestDescriptor.execute(TestMethodTestDescriptor.java:138)
	at org.junit.jupiter.engine.descriptor.TestMethodTestDescriptor.execute(TestMethodTestDescriptor.java:68)
	at org.junit.platform.engine.support.hierarchical.NodeTestTask.lambda$executeRecursively$6(NodeTestTask.java:156)
	at org.junit.platform.engine.support.hierarchical.ThrowableCollector.execute(ThrowableCollector.java:73)
	at org.junit.platform.engine.support.hierarchical.NodeTestTask.lambda$executeRecursively$8(NodeTestTask.java:146)
	at org.junit.platform.engine.support.hierarchical.Node.around(Node.java:137)
	at org.junit.platform.engine.support.hierarchical.NodeTestTask.lambda$executeRecursively$9(NodeTestTask.java:144)
	at org.junit.platform.engine.support.hierarchical.ThrowableCollector.execute(ThrowableCollector.java:73)
	at org.junit.platform.engine.support.hierarchical.NodeTestTask.executeRecursively(NodeTestTask.java:143)
	at org.junit.platform.engine.support.hierarchical.NodeTestTask.execute(NodeTestTask.java:100)
	at java.base/java.util.ArrayList.forEach(ArrayList.java:1511)
	at org.junit.platform.engine.support.hierarchical.SameThreadHierarchicalTestExecutorService.invokeAll(SameThreadHierarchicalTestExecutorService.java:41)
	at org.junit.platform.engine.support.hierarchical.NodeTestTask.lambda$executeRecursively$6(NodeTestTask.java:160)
	at org.junit.platform.engine.support.hierarchical.ThrowableCollector.execute(ThrowableCollector.java:73)
	at org.junit.platform.engine.support.hierarchical.NodeTestTask.lambda$executeRecursively$8(NodeTestTask.java:146)
	at org.junit.platform.engine.support.hierarchical.Node.around(Node.java:137)
	at org.junit.platform.engine.support.hierarchical.NodeTestTask.lambda$executeRecursively$9(NodeTestTask.java:144)
	at org.junit.platform.engine.support.hierarchical.ThrowableCollector.execute(ThrowableCollector.java:73)
	at org.junit.platform.engine.support.hierarchical.NodeTestTask.executeRecursively(NodeTestTask.java:143)
	at org.junit.platform.engine.support.hierarchical.NodeTestTask.execute(NodeTestTask.java:100)
	at java.base/java.util.ArrayList.forEach(ArrayList.java:1511)
	at org.junit.platform.engine.support.hierarchical.SameThreadHierarchicalTestExecutorService.invokeAll(SameThreadHierarchicalTestExecutorService.java:41)
	at org.junit.platform.engine.support.hierarchical.NodeTestTask.lambda$executeRecursively$6(NodeTestTask.java:160)
	at org.junit.platform.engine.support.hierarchical.ThrowableCollector.execute(ThrowableCollector.java:73)
	at org.junit.platform.engine.support.hierarchical.NodeTestTask.lambda$executeRecursively$8(NodeTestTask.java:146)
	at org.junit.platform.engine.support.hierarchical.Node.around(Node.java:137)
	at org.junit.platform.engine.support.hierarchical.NodeTestTask.lambda$executeRecursively$9(NodeTestTask.java:144)
	at org.junit.platform.engine.support.hierarchical.ThrowableCollector.execute(ThrowableCollector.java:73)
	at org.junit.platform.engine.support.hierarchical.NodeTestTask.executeRecursively(NodeTestTask.java:143)
	at org.junit.platform.engine.support.hierarchical.NodeTestTask.execute(NodeTestTask.java:100)
	at org.junit.platform.engine.support.hierarchical.SameThreadHierarchicalTestExecutorService.submit(SameThreadHierarchicalTestExecutorService.java:35)
	at org.junit.platform.engine.support.hierarchical.HierarchicalTestExecutor.execute(HierarchicalTestExecutor.java:57)
	at org.junit.platform.engine.support.hierarchical.HierarchicalTestEngine.execute(HierarchicalTestEngine.java:54)
	at org.junit.platform.launcher.core.EngineExecutionOrchestrator.execute(EngineExecutionOrchestrator.java:198)
	at org.junit.platform.launcher.core.EngineExecutionOrchestrator.execute(EngineExecutionOrchestrator.java:169)
	at org.junit.platform.launcher.core.EngineExecutionOrchestrator.execute(EngineExecutionOrchestrator.java:93)
	at org.junit.platform.launcher.core.EngineExecutionOrchestrator.lambda$execute$0(EngineExecutionOrchestrator.java:58)
	at org.junit.platform.launcher.core.EngineExecutionOrchestrator.withInterceptedStreams(EngineExecutionOrchestrator.java:141)
	at org.junit.platform.launcher.core.EngineExecutionOrchestrator.execute(EngineExecutionOrchestrator.java:57)
	at org.junit.platform.launcher.core.DefaultLauncher.execute(DefaultLauncher.java:103)
	at org.junit.platform.launcher.core.DefaultLauncher.execute(DefaultLauncher.java:85)
	at org.junit.platform.launcher.core.DelegatingLauncher.execute(DelegatingLauncher.java:47)
	at org.gradle.api.internal.tasks.testing.junitplatform.JUnitPlatformTestClassProcessor$CollectAllTestClassesExecutor.processAllTestClasses(JUnitPlatformTestClassProcessor.java:124)
	at org.gradle.api.internal.tasks.testing.junitplatform.JUnitPlatformTestClassProcessor$CollectAllTestClassesExecutor.access$000(JUnitPlatformTestClassProcessor.java:99)
	at org.gradle.api.internal.tasks.testing.junitplatform.JUnitPlatformTestClassProcessor.stop(JUnitPlatformTestClassProcessor.java:94)
	at org.gradle.api.internal.tasks.testing.SuiteTestClassProcessor.stop(SuiteTestClassProcessor.java:63)
	at java.base/jdk.internal.reflect.NativeMethodAccessorImpl.invoke0(Native Method)
	at java.base/jdk.internal.reflect.NativeMethodAccessorImpl.invoke(NativeMethodAccessorImpl.java:77)
	at java.base/jdk.internal.reflect.DelegatingMethodAccessorImpl.invoke(DelegatingMethodAccessorImpl.java:43)
	at java.base/java.lang.reflect.Method.invoke(Method.java:569)
	at org.gradle.internal.dispatch.ReflectionDispatch.dispatch(ReflectionDispatch.java:36)
	at org.gradle.internal.dispatch.ReflectionDispatch.dispatch(ReflectionDispatch.java:24)
	at org.gradle.internal.dispatch.ContextClassLoaderDispatch.dispatch(ContextClassLoaderDispatch.java:33)
	at org.gradle.internal.dispatch.ProxyDispatchAdapter$DispatchingInvocationHandler.invoke(ProxyDispatchAdapter.java:92)
	at jdk.proxy2/jdk.proxy2.$Proxy6.stop(Unknown Source)
	at org.gradle.api.internal.tasks.testing.worker.TestWorker$3.run(TestWorker.java:200)
	at org.gradle.api.internal.tasks.testing.worker.TestWorker.executeAndMaintainThreadName(TestWorker.java:132)
	at org.gradle.api.internal.tasks.testing.worker.TestWorker.execute(TestWorker.java:103)
	at org.gradle.api.internal.tasks.testing.worker.TestWorker.execute(TestWorker.java:63)
	at org.gradle.process.internal.worker.child.ActionExecutionWorker.execute(ActionExecutionWorker.java:56)
	at org.gradle.process.internal.worker.child.SystemApplicationClassLoaderWorker.call(SystemApplicationClassLoaderWorker.java:121)
	at org.gradle.process.internal.worker.child.SystemApplicationClassLoaderWorker.call(SystemApplicationClassLoaderWorker.java:71)
	at worker.org.gradle.process.internal.worker.GradleWorkerMain.run(GradleWorkerMain.java:69)
	at worker.org.gradle.process.internal.worker.GradleWorkerMain.main(GradleWorkerMain.java:74)
25-05-20 14:47:46.043 [Test worker] DEBUG c.s.m.d.config.MDCLoggingInterceptor [c87eb169a68843babc1a551274c836ff | POST | /api/auth/login] - Request completed
25-05-20 14:47:46.064 [Test worker] DEBUG c.s.m.d.config.MDCLoggingInterceptor [268e2e880102454383816d3e3bc44179 | POST | /api/auth/login] - Request started
25-05-20 14:47:46.065 [Test worker] INFO  c.s.m.d.controller.AuthController    [268e2e880102454383816d3e3bc44179 | POST | /api/auth/login] - 로그인 요청: username=testuser
25-05-20 14:47:46.067 [Test worker] DEBUG c.s.m.d.controller.AuthController    [268e2e880102454383816d3e3bc44179 | POST | /api/auth/login] - 로그인 응답: UserDto[id=9cbcd37e-fcb0-471c-bcfa-a1488fe38278, username=testuser, email=test@example.com, profile=null, online=true]
25-05-20 14:47:46.088 [Test worker] DEBUG c.s.m.d.config.MDCLoggingInterceptor [268e2e880102454383816d3e3bc44179 | POST | /api/auth/login] - Request completed
25-05-20 14:47:46.247 [Test worker] INFO  o.s.t.c.s.AnnotationConfigContextLoaderUtils [ |  | ] - Could not detect default configuration classes for test class [com.sprint.mission.discodeit.controller.BinaryContentControllerTest]: BinaryContentControllerTest does not declare any static, non-private, non-final, nested classes annotated with @Configuration.
25-05-20 14:47:46.263 [Test worker] INFO  o.s.b.t.c.SpringBootTestContextBootstrapper [ |  | ] - Found @SpringBootConfiguration com.sprint.mission.discodeit.DiscodeitApplication for test class com.sprint.mission.discodeit.controller.BinaryContentControllerTest
25-05-20 14:47:46.336 [Test worker] INFO  c.s.m.d.c.BinaryContentControllerTest [ |  | ] - Starting BinaryContentControllerTest using Java 17.0.14 with PID 56020 (started by jasonheo in /Users/jasonheo/2-sprint-mission)
25-05-20 14:47:46.337 [Test worker] DEBUG c.s.m.d.c.BinaryContentControllerTest [ |  | ] - Running with Spring Boot v3.4.0, Spring v6.2.0
25-05-20 14:47:46.337 [Test worker] INFO  c.s.m.d.c.BinaryContentControllerTest [ |  | ] - The following 1 profile is active: "dev"
25-05-20 14:47:46.768 [Test worker] INFO  o.s.b.a.w.s.WelcomePageHandlerMapping [ |  | ] - Adding welcome page: class path resource [static/index.html]
25-05-20 14:47:46.842 [Test worker] INFO  o.s.b.t.m.w.SpringBootMockServletContext [ |  | ] - Initializing Spring TestDispatcherServlet ''
25-05-20 14:47:46.842 [Test worker] INFO  o.s.t.w.s.TestDispatcherServlet      [ |  | ] - Initializing Servlet ''
25-05-20 14:47:46.843 [Test worker] INFO  o.s.t.w.s.TestDispatcherServlet      [ |  | ] - Completed initialization in 1 ms
25-05-20 14:47:46.853 [Test worker] INFO  c.s.m.d.c.BinaryContentControllerTest [ |  | ] - Started BinaryContentControllerTest in 0.586 seconds (process running for 10.72)
25-05-20 14:47:46.860 [Test worker] DEBUG c.s.m.d.config.MDCLoggingInterceptor [396652e10cdb424b9d3de888e0186947 | GET | /api/binaryContents/f7a1882c-435a-4dce-b9cb-562e78d6d6e8] - Request started
25-05-20 14:47:46.864 [Test worker] INFO  c.s.m.d.c.BinaryContentController    [396652e10cdb424b9d3de888e0186947 | GET | /api/binaryContents/f7a1882c-435a-4dce-b9cb-562e78d6d6e8] - 바이너리 컨텐츠 조회 요청: id=f7a1882c-435a-4dce-b9cb-562e78d6d6e8
25-05-20 14:47:46.866 [Test worker] DEBUG c.s.m.d.c.BinaryContentController    [396652e10cdb424b9d3de888e0186947 | GET | /api/binaryContents/f7a1882c-435a-4dce-b9cb-562e78d6d6e8] - 바이너리 컨텐츠 조회 응답: BinaryContentDto[id=f7a1882c-435a-4dce-b9cb-562e78d6d6e8, fileName=test.jpg, size=10240, contentType=image/jpeg]
25-05-20 14:47:46.872 [Test worker] DEBUG c.s.m.d.config.MDCLoggingInterceptor [396652e10cdb424b9d3de888e0186947 | GET | /api/binaryContents/f7a1882c-435a-4dce-b9cb-562e78d6d6e8] - Request completed
25-05-20 14:47:46.879 [Test worker] DEBUG c.s.m.d.config.MDCLoggingInterceptor [0e87e9402bc14d3baa31dedcc539bd2a | GET | /api/binaryContents/c1101c54-68ab-454a-9ceb-11b8288ba4e5] - Request started
25-05-20 14:47:46.880 [Test worker] INFO  c.s.m.d.c.BinaryContentController    [0e87e9402bc14d3baa31dedcc539bd2a | GET | /api/binaryContents/c1101c54-68ab-454a-9ceb-11b8288ba4e5] - 바이너리 컨텐츠 조회 요청: id=c1101c54-68ab-454a-9ceb-11b8288ba4e5
25-05-20 14:47:46.881 [Test worker] ERROR c.s.m.d.e.GlobalExceptionHandler     [0e87e9402bc14d3baa31dedcc539bd2a | GET | /api/binaryContents/c1101c54-68ab-454a-9ceb-11b8288ba4e5] - 커스텀 예외 발생: code=BINARY_CONTENT_NOT_FOUND, message=바이너리 컨텐츠를 찾을 수 없습니다.
com.sprint.mission.discodeit.exception.binarycontent.BinaryContentNotFoundException: 바이너리 컨텐츠를 찾을 수 없습니다.
	at com.sprint.mission.discodeit.controller.BinaryContentController.find(BinaryContentController.java:32)
	at java.base/jdk.internal.reflect.NativeMethodAccessorImpl.invoke0(Native Method)
	at java.base/jdk.internal.reflect.NativeMethodAccessorImpl.invoke(NativeMethodAccessorImpl.java:77)
	at java.base/jdk.internal.reflect.DelegatingMethodAccessorImpl.invoke(DelegatingMethodAccessorImpl.java:43)
	at java.base/java.lang.reflect.Method.invoke(Method.java:569)
	at org.springframework.web.method.support.InvocableHandlerMethod.doInvoke(InvocableHandlerMethod.java:255)
	at org.springframework.web.method.support.InvocableHandlerMethod.invokeForRequest(InvocableHandlerMethod.java:188)
	at org.springframework.web.servlet.mvc.method.annotation.ServletInvocableHandlerMethod.invokeAndHandle(ServletInvocableHandlerMethod.java:118)
	at org.springframework.web.servlet.mvc.method.annotation.RequestMappingHandlerAdapter.invokeHandlerMethod(RequestMappingHandlerAdapter.java:986)
	at org.springframework.web.servlet.mvc.method.annotation.RequestMappingHandlerAdapter.handleInternal(RequestMappingHandlerAdapter.java:891)
	at org.springframework.web.servlet.mvc.method.AbstractHandlerMethodAdapter.handle(AbstractHandlerMethodAdapter.java:87)
	at org.springframework.web.servlet.DispatcherServlet.doDispatch(DispatcherServlet.java:1088)
	at org.springframework.web.servlet.DispatcherServlet.doService(DispatcherServlet.java:978)
	at org.springframework.web.servlet.FrameworkServlet.processRequest(FrameworkServlet.java:1014)
	at org.springframework.web.servlet.FrameworkServlet.doGet(FrameworkServlet.java:903)
	at jakarta.servlet.http.HttpServlet.service(HttpServlet.java:564)
	at org.springframework.web.servlet.FrameworkServlet.service(FrameworkServlet.java:885)
	at org.springframework.test.web.servlet.TestDispatcherServlet.service(TestDispatcherServlet.java:72)
	at jakarta.servlet.http.HttpServlet.service(HttpServlet.java:658)
	at org.springframework.mock.web.MockFilterChain$ServletFilterProxy.doFilter(MockFilterChain.java:165)
	at org.springframework.mock.web.MockFilterChain.doFilter(MockFilterChain.java:132)
	at org.springframework.web.filter.RequestContextFilter.doFilterInternal(RequestContextFilter.java:100)
	at org.springframework.web.filter.OncePerRequestFilter.doFilter(OncePerRequestFilter.java:116)
	at org.springframework.test.web.servlet.setup.MockMvcFilterDecorator.doFilter(MockMvcFilterDecorator.java:162)
	at org.springframework.mock.web.MockFilterChain.doFilter(MockFilterChain.java:132)
	at org.springframework.web.filter.FormContentFilter.doFilterInternal(FormContentFilter.java:93)
	at org.springframework.web.filter.OncePerRequestFilter.doFilter(OncePerRequestFilter.java:116)
	at org.springframework.test.web.servlet.setup.MockMvcFilterDecorator.doFilter(MockMvcFilterDecorator.java:162)
	at org.springframework.mock.web.MockFilterChain.doFilter(MockFilterChain.java:132)
	at org.springframework.web.filter.CharacterEncodingFilter.doFilterInternal(CharacterEncodingFilter.java:201)
	at org.springframework.web.filter.OncePerRequestFilter.doFilter(OncePerRequestFilter.java:116)
	at org.springframework.test.web.servlet.setup.MockMvcFilterDecorator.doFilter(MockMvcFilterDecorator.java:162)
	at org.springframework.mock.web.MockFilterChain.doFilter(MockFilterChain.java:132)
	at org.springframework.test.web.servlet.MockMvc.perform(MockMvc.java:201)
	at com.sprint.mission.discodeit.controller.BinaryContentControllerTest.find_Failure_BinaryContentNotFound(BinaryContentControllerTest.java:77)
	at java.base/jdk.internal.reflect.NativeMethodAccessorImpl.invoke0(Native Method)
	at java.base/jdk.internal.reflect.NativeMethodAccessorImpl.invoke(NativeMethodAccessorImpl.java:77)
	at java.base/jdk.internal.reflect.DelegatingMethodAccessorImpl.invoke(DelegatingMethodAccessorImpl.java:43)
	at java.base/java.lang.reflect.Method.invoke(Method.java:569)
	at org.junit.platform.commons.util.ReflectionUtils.invokeMethod(ReflectionUtils.java:767)
	at org.junit.jupiter.engine.execution.MethodInvocation.proceed(MethodInvocation.java:60)
	at org.junit.jupiter.engine.execution.InvocationInterceptorChain$ValidatingInvocation.proceed(InvocationInterceptorChain.java:131)
	at org.junit.jupiter.engine.extension.TimeoutExtension.intercept(TimeoutExtension.java:156)
	at org.junit.jupiter.engine.extension.TimeoutExtension.interceptTestableMethod(TimeoutExtension.java:147)
	at org.junit.jupiter.engine.extension.TimeoutExtension.interceptTestMethod(TimeoutExtension.java:86)
	at org.junit.jupiter.engine.execution.InterceptingExecutableInvoker$ReflectiveInterceptorCall.lambda$ofVoidMethod$0(InterceptingExecutableInvoker.java:103)
	at org.junit.jupiter.engine.execution.InterceptingExecutableInvoker.lambda$invoke$0(InterceptingExecutableInvoker.java:93)
	at org.junit.jupiter.engine.execution.InvocationInterceptorChain$InterceptedInvocation.proceed(InvocationInterceptorChain.java:106)
	at org.junit.jupiter.engine.execution.InvocationInterceptorChain.proceed(InvocationInterceptorChain.java:64)
	at org.junit.jupiter.engine.execution.InvocationInterceptorChain.chainAndInvoke(InvocationInterceptorChain.java:45)
	at org.junit.jupiter.engine.execution.InvocationInterceptorChain.invoke(InvocationInterceptorChain.java:37)
	at org.junit.jupiter.engine.execution.InterceptingExecutableInvoker.invoke(InterceptingExecutableInvoker.java:92)
	at org.junit.jupiter.engine.execution.InterceptingExecutableInvoker.invoke(InterceptingExecutableInvoker.java:86)
	at org.junit.jupiter.engine.descriptor.TestMethodTestDescriptor.lambda$invokeTestMethod$8(TestMethodTestDescriptor.java:217)
	at org.junit.platform.engine.support.hierarchical.ThrowableCollector.execute(ThrowableCollector.java:73)
	at org.junit.jupiter.engine.descriptor.TestMethodTestDescriptor.invokeTestMethod(TestMethodTestDescriptor.java:213)
	at org.junit.jupiter.engine.descriptor.TestMethodTestDescriptor.execute(TestMethodTestDescriptor.java:138)
	at org.junit.jupiter.engine.descriptor.TestMethodTestDescriptor.execute(TestMethodTestDescriptor.java:68)
	at org.junit.platform.engine.support.hierarchical.NodeTestTask.lambda$executeRecursively$6(NodeTestTask.java:156)
	at org.junit.platform.engine.support.hierarchical.ThrowableCollector.execute(ThrowableCollector.java:73)
	at org.junit.platform.engine.support.hierarchical.NodeTestTask.lambda$executeRecursively$8(NodeTestTask.java:146)
	at org.junit.platform.engine.support.hierarchical.Node.around(Node.java:137)
	at org.junit.platform.engine.support.hierarchical.NodeTestTask.lambda$executeRecursively$9(NodeTestTask.java:144)
	at org.junit.platform.engine.support.hierarchical.ThrowableCollector.execute(ThrowableCollector.java:73)
	at org.junit.platform.engine.support.hierarchical.NodeTestTask.executeRecursively(NodeTestTask.java:143)
	at org.junit.platform.engine.support.hierarchical.NodeTestTask.execute(NodeTestTask.java:100)
	at java.base/java.util.ArrayList.forEach(ArrayList.java:1511)
	at org.junit.platform.engine.support.hierarchical.SameThreadHierarchicalTestExecutorService.invokeAll(SameThreadHierarchicalTestExecutorService.java:41)
	at org.junit.platform.engine.support.hierarchical.NodeTestTask.lambda$executeRecursively$6(NodeTestTask.java:160)
	at org.junit.platform.engine.support.hierarchical.ThrowableCollector.execute(ThrowableCollector.java:73)
	at org.junit.platform.engine.support.hierarchical.NodeTestTask.lambda$executeRecursively$8(NodeTestTask.java:146)
	at org.junit.platform.engine.support.hierarchical.Node.around(Node.java:137)
	at org.junit.platform.engine.support.hierarchical.NodeTestTask.lambda$executeRecursively$9(NodeTestTask.java:144)
	at org.junit.platform.engine.support.hierarchical.ThrowableCollector.execute(ThrowableCollector.java:73)
	at org.junit.platform.engine.support.hierarchical.NodeTestTask.executeRecursively(NodeTestTask.java:143)
	at org.junit.platform.engine.support.hierarchical.NodeTestTask.execute(NodeTestTask.java:100)
	at java.base/java.util.ArrayList.forEach(ArrayList.java:1511)
	at org.junit.platform.engine.support.hierarchical.SameThreadHierarchicalTestExecutorService.invokeAll(SameThreadHierarchicalTestExecutorService.java:41)
	at org.junit.platform.engine.support.hierarchical.NodeTestTask.lambda$executeRecursively$6(NodeTestTask.java:160)
	at org.junit.platform.engine.support.hierarchical.ThrowableCollector.execute(ThrowableCollector.java:73)
	at org.junit.platform.engine.support.hierarchical.NodeTestTask.lambda$executeRecursively$8(NodeTestTask.java:146)
	at org.junit.platform.engine.support.hierarchical.Node.around(Node.java:137)
	at org.junit.platform.engine.support.hierarchical.NodeTestTask.lambda$executeRecursively$9(NodeTestTask.java:144)
	at org.junit.platform.engine.support.hierarchical.ThrowableCollector.execute(ThrowableCollector.java:73)
	at org.junit.platform.engine.support.hierarchical.NodeTestTask.executeRecursively(NodeTestTask.java:143)
	at org.junit.platform.engine.support.hierarchical.NodeTestTask.execute(NodeTestTask.java:100)
	at org.junit.platform.engine.support.hierarchical.SameThreadHierarchicalTestExecutorService.submit(SameThreadHierarchicalTestExecutorService.java:35)
	at org.junit.platform.engine.support.hierarchical.HierarchicalTestExecutor.execute(HierarchicalTestExecutor.java:57)
	at org.junit.platform.engine.support.hierarchical.HierarchicalTestEngine.execute(HierarchicalTestEngine.java:54)
	at org.junit.platform.launcher.core.EngineExecutionOrchestrator.execute(EngineExecutionOrchestrator.java:198)
	at org.junit.platform.launcher.core.EngineExecutionOrchestrator.execute(EngineExecutionOrchestrator.java:169)
	at org.junit.platform.launcher.core.EngineExecutionOrchestrator.execute(EngineExecutionOrchestrator.java:93)
	at org.junit.platform.launcher.core.EngineExecutionOrchestrator.lambda$execute$0(EngineExecutionOrchestrator.java:58)
	at org.junit.platform.launcher.core.EngineExecutionOrchestrator.withInterceptedStreams(EngineExecutionOrchestrator.java:141)
	at org.junit.platform.launcher.core.EngineExecutionOrchestrator.execute(EngineExecutionOrchestrator.java:57)
	at org.junit.platform.launcher.core.DefaultLauncher.execute(DefaultLauncher.java:103)
	at org.junit.platform.launcher.core.DefaultLauncher.execute(DefaultLauncher.java:85)
	at org.junit.platform.launcher.core.DelegatingLauncher.execute(DelegatingLauncher.java:47)
	at org.gradle.api.internal.tasks.testing.junitplatform.JUnitPlatformTestClassProcessor$CollectAllTestClassesExecutor.processAllTestClasses(JUnitPlatformTestClassProcessor.java:124)
	at org.gradle.api.internal.tasks.testing.junitplatform.JUnitPlatformTestClassProcessor$CollectAllTestClassesExecutor.access$000(JUnitPlatformTestClassProcessor.java:99)
	at org.gradle.api.internal.tasks.testing.junitplatform.JUnitPlatformTestClassProcessor.stop(JUnitPlatformTestClassProcessor.java:94)
	at org.gradle.api.internal.tasks.testing.SuiteTestClassProcessor.stop(SuiteTestClassProcessor.java:63)
	at java.base/jdk.internal.reflect.NativeMethodAccessorImpl.invoke0(Native Method)
	at java.base/jdk.internal.reflect.NativeMethodAccessorImpl.invoke(NativeMethodAccessorImpl.java:77)
	at java.base/jdk.internal.reflect.DelegatingMethodAccessorImpl.invoke(DelegatingMethodAccessorImpl.java:43)
	at java.base/java.lang.reflect.Method.invoke(Method.java:569)
	at org.gradle.internal.dispatch.ReflectionDispatch.dispatch(ReflectionDispatch.java:36)
	at org.gradle.internal.dispatch.ReflectionDispatch.dispatch(ReflectionDispatch.java:24)
	at org.gradle.internal.dispatch.ContextClassLoaderDispatch.dispatch(ContextClassLoaderDispatch.java:33)
	at org.gradle.internal.dispatch.ProxyDispatchAdapter$DispatchingInvocationHandler.invoke(ProxyDispatchAdapter.java:92)
	at jdk.proxy2/jdk.proxy2.$Proxy6.stop(Unknown Source)
	at org.gradle.api.internal.tasks.testing.worker.TestWorker$3.run(TestWorker.java:200)
	at org.gradle.api.internal.tasks.testing.worker.TestWorker.executeAndMaintainThreadName(TestWorker.java:132)
	at org.gradle.api.internal.tasks.testing.worker.TestWorker.execute(TestWorker.java:103)
	at org.gradle.api.internal.tasks.testing.worker.TestWorker.execute(TestWorker.java:63)
	at org.gradle.process.internal.worker.child.ActionExecutionWorker.execute(ActionExecutionWorker.java:56)
	at org.gradle.process.internal.worker.child.SystemApplicationClassLoaderWorker.call(SystemApplicationClassLoaderWorker.java:121)
	at org.gradle.process.internal.worker.child.SystemApplicationClassLoaderWorker.call(SystemApplicationClassLoaderWorker.java:71)
	at worker.org.gradle.process.internal.worker.GradleWorkerMain.run(GradleWorkerMain.java:69)
	at worker.org.gradle.process.internal.worker.GradleWorkerMain.main(GradleWorkerMain.java:74)
25-05-20 14:47:46.893 [Test worker] DEBUG c.s.m.d.config.MDCLoggingInterceptor [0e87e9402bc14d3baa31dedcc539bd2a | GET | /api/binaryContents/c1101c54-68ab-454a-9ceb-11b8288ba4e5] - Request completed
25-05-20 14:47:46.903 [Test worker] DEBUG c.s.m.d.config.MDCLoggingInterceptor [ef4867689976471b803dde4b6a7bce01 | GET | /api/binaryContents] - Request started
25-05-20 14:47:46.906 [Test worker] INFO  c.s.m.d.c.BinaryContentController    [ef4867689976471b803dde4b6a7bce01 | GET | /api/binaryContents] - 바이너리 컨텐츠 목록 조회 요청: ids=[c975e8d5-5de0-41a6-9ad8-b7ecb1ed6c7f, f031e7d3-e88e-499a-b925-3a7bceafe14b]
25-05-20 14:47:46.907 [Test worker] DEBUG c.s.m.d.c.BinaryContentController    [ef4867689976471b803dde4b6a7bce01 | GET | /api/binaryContents] - 바이너리 컨텐츠 목록 조회 응답: count=2
25-05-20 14:47:46.918 [Test worker] DEBUG c.s.m.d.config.MDCLoggingInterceptor [ef4867689976471b803dde4b6a7bce01 | GET | /api/binaryContents] - Request completed
25-05-20 14:47:46.928 [Test worker] DEBUG c.s.m.d.config.MDCLoggingInterceptor [0c576581fa2746cd9278d818e8dc08b1 | GET | /api/binaryContents/adfe1a61-5ecc-412e-99e5-857ac5c2a87c/download] - Request started
25-05-20 14:47:46.929 [Test worker] INFO  c.s.m.d.c.BinaryContentController    [0c576581fa2746cd9278d818e8dc08b1 | GET | /api/binaryContents/adfe1a61-5ecc-412e-99e5-857ac5c2a87c/download] - 바이너리 컨텐츠 다운로드 요청: id=adfe1a61-5ecc-412e-99e5-857ac5c2a87c
25-05-20 14:47:46.930 [Test worker] ERROR c.s.m.d.e.GlobalExceptionHandler     [0c576581fa2746cd9278d818e8dc08b1 | GET | /api/binaryContents/adfe1a61-5ecc-412e-99e5-857ac5c2a87c/download] - 커스텀 예외 발생: code=BINARY_CONTENT_NOT_FOUND, message=바이너리 컨텐츠를 찾을 수 없습니다.
com.sprint.mission.discodeit.exception.binarycontent.BinaryContentNotFoundException: 바이너리 컨텐츠를 찾을 수 없습니다.
	at com.sprint.mission.discodeit.controller.BinaryContentController.download(BinaryContentController.java:54)
	at java.base/jdk.internal.reflect.NativeMethodAccessorImpl.invoke0(Native Method)
	at java.base/jdk.internal.reflect.NativeMethodAccessorImpl.invoke(NativeMethodAccessorImpl.java:77)
	at java.base/jdk.internal.reflect.DelegatingMethodAccessorImpl.invoke(DelegatingMethodAccessorImpl.java:43)
	at java.base/java.lang.reflect.Method.invoke(Method.java:569)
	at org.springframework.web.method.support.InvocableHandlerMethod.doInvoke(InvocableHandlerMethod.java:255)
	at org.springframework.web.method.support.InvocableHandlerMethod.invokeForRequest(InvocableHandlerMethod.java:188)
	at org.springframework.web.servlet.mvc.method.annotation.ServletInvocableHandlerMethod.invokeAndHandle(ServletInvocableHandlerMethod.java:118)
	at org.springframework.web.servlet.mvc.method.annotation.RequestMappingHandlerAdapter.invokeHandlerMethod(RequestMappingHandlerAdapter.java:986)
	at org.springframework.web.servlet.mvc.method.annotation.RequestMappingHandlerAdapter.handleInternal(RequestMappingHandlerAdapter.java:891)
	at org.springframework.web.servlet.mvc.method.AbstractHandlerMethodAdapter.handle(AbstractHandlerMethodAdapter.java:87)
	at org.springframework.web.servlet.DispatcherServlet.doDispatch(DispatcherServlet.java:1088)
	at org.springframework.web.servlet.DispatcherServlet.doService(DispatcherServlet.java:978)
	at org.springframework.web.servlet.FrameworkServlet.processRequest(FrameworkServlet.java:1014)
	at org.springframework.web.servlet.FrameworkServlet.doGet(FrameworkServlet.java:903)
	at jakarta.servlet.http.HttpServlet.service(HttpServlet.java:564)
	at org.springframework.web.servlet.FrameworkServlet.service(FrameworkServlet.java:885)
	at org.springframework.test.web.servlet.TestDispatcherServlet.service(TestDispatcherServlet.java:72)
	at jakarta.servlet.http.HttpServlet.service(HttpServlet.java:658)
	at org.springframework.mock.web.MockFilterChain$ServletFilterProxy.doFilter(MockFilterChain.java:165)
	at org.springframework.mock.web.MockFilterChain.doFilter(MockFilterChain.java:132)
	at org.springframework.web.filter.RequestContextFilter.doFilterInternal(RequestContextFilter.java:100)
	at org.springframework.web.filter.OncePerRequestFilter.doFilter(OncePerRequestFilter.java:116)
	at org.springframework.test.web.servlet.setup.MockMvcFilterDecorator.doFilter(MockMvcFilterDecorator.java:162)
	at org.springframework.mock.web.MockFilterChain.doFilter(MockFilterChain.java:132)
	at org.springframework.web.filter.FormContentFilter.doFilterInternal(FormContentFilter.java:93)
	at org.springframework.web.filter.OncePerRequestFilter.doFilter(OncePerRequestFilter.java:116)
	at org.springframework.test.web.servlet.setup.MockMvcFilterDecorator.doFilter(MockMvcFilterDecorator.java:162)
	at org.springframework.mock.web.MockFilterChain.doFilter(MockFilterChain.java:132)
	at org.springframework.web.filter.CharacterEncodingFilter.doFilterInternal(CharacterEncodingFilter.java:201)
	at org.springframework.web.filter.OncePerRequestFilter.doFilter(OncePerRequestFilter.java:116)
	at org.springframework.test.web.servlet.setup.MockMvcFilterDecorator.doFilter(MockMvcFilterDecorator.java:162)
	at org.springframework.mock.web.MockFilterChain.doFilter(MockFilterChain.java:132)
	at org.springframework.test.web.servlet.MockMvc.perform(MockMvc.java:201)
	at com.sprint.mission.discodeit.controller.BinaryContentControllerTest.download_Failure_BinaryContentNotFound(BinaryContentControllerTest.java:146)
	at java.base/jdk.internal.reflect.NativeMethodAccessorImpl.invoke0(Native Method)
	at java.base/jdk.internal.reflect.NativeMethodAccessorImpl.invoke(NativeMethodAccessorImpl.java:77)
	at java.base/jdk.internal.reflect.DelegatingMethodAccessorImpl.invoke(DelegatingMethodAccessorImpl.java:43)
	at java.base/java.lang.reflect.Method.invoke(Method.java:569)
	at org.junit.platform.commons.util.ReflectionUtils.invokeMethod(ReflectionUtils.java:767)
	at org.junit.jupiter.engine.execution.MethodInvocation.proceed(MethodInvocation.java:60)
	at org.junit.jupiter.engine.execution.InvocationInterceptorChain$ValidatingInvocation.proceed(InvocationInterceptorChain.java:131)
	at org.junit.jupiter.engine.extension.TimeoutExtension.intercept(TimeoutExtension.java:156)
	at org.junit.jupiter.engine.extension.TimeoutExtension.interceptTestableMethod(TimeoutExtension.java:147)
	at org.junit.jupiter.engine.extension.TimeoutExtension.interceptTestMethod(TimeoutExtension.java:86)
	at org.junit.jupiter.engine.execution.InterceptingExecutableInvoker$ReflectiveInterceptorCall.lambda$ofVoidMethod$0(InterceptingExecutableInvoker.java:103)
	at org.junit.jupiter.engine.execution.InterceptingExecutableInvoker.lambda$invoke$0(InterceptingExecutableInvoker.java:93)
	at org.junit.jupiter.engine.execution.InvocationInterceptorChain$InterceptedInvocation.proceed(InvocationInterceptorChain.java:106)
	at org.junit.jupiter.engine.execution.InvocationInterceptorChain.proceed(InvocationInterceptorChain.java:64)
	at org.junit.jupiter.engine.execution.InvocationInterceptorChain.chainAndInvoke(InvocationInterceptorChain.java:45)
	at org.junit.jupiter.engine.execution.InvocationInterceptorChain.invoke(InvocationInterceptorChain.java:37)
	at org.junit.jupiter.engine.execution.InterceptingExecutableInvoker.invoke(InterceptingExecutableInvoker.java:92)
	at org.junit.jupiter.engine.execution.InterceptingExecutableInvoker.invoke(InterceptingExecutableInvoker.java:86)
	at org.junit.jupiter.engine.descriptor.TestMethodTestDescriptor.lambda$invokeTestMethod$8(TestMethodTestDescriptor.java:217)
	at org.junit.platform.engine.support.hierarchical.ThrowableCollector.execute(ThrowableCollector.java:73)
	at org.junit.jupiter.engine.descriptor.TestMethodTestDescriptor.invokeTestMethod(TestMethodTestDescriptor.java:213)
	at org.junit.jupiter.engine.descriptor.TestMethodTestDescriptor.execute(TestMethodTestDescriptor.java:138)
	at org.junit.jupiter.engine.descriptor.TestMethodTestDescriptor.execute(TestMethodTestDescriptor.java:68)
	at org.junit.platform.engine.support.hierarchical.NodeTestTask.lambda$executeRecursively$6(NodeTestTask.java:156)
	at org.junit.platform.engine.support.hierarchical.ThrowableCollector.execute(ThrowableCollector.java:73)
	at org.junit.platform.engine.support.hierarchical.NodeTestTask.lambda$executeRecursively$8(NodeTestTask.java:146)
	at org.junit.platform.engine.support.hierarchical.Node.around(Node.java:137)
	at org.junit.platform.engine.support.hierarchical.NodeTestTask.lambda$executeRecursively$9(NodeTestTask.java:144)
	at org.junit.platform.engine.support.hierarchical.ThrowableCollector.execute(ThrowableCollector.java:73)
	at org.junit.platform.engine.support.hierarchical.NodeTestTask.executeRecursively(NodeTestTask.java:143)
	at org.junit.platform.engine.support.hierarchical.NodeTestTask.execute(NodeTestTask.java:100)
	at java.base/java.util.ArrayList.forEach(ArrayList.java:1511)
	at org.junit.platform.engine.support.hierarchical.SameThreadHierarchicalTestExecutorService.invokeAll(SameThreadHierarchicalTestExecutorService.java:41)
	at org.junit.platform.engine.support.hierarchical.NodeTestTask.lambda$executeRecursively$6(NodeTestTask.java:160)
	at org.junit.platform.engine.support.hierarchical.ThrowableCollector.execute(ThrowableCollector.java:73)
	at org.junit.platform.engine.support.hierarchical.NodeTestTask.lambda$executeRecursively$8(NodeTestTask.java:146)
	at org.junit.platform.engine.support.hierarchical.Node.around(Node.java:137)
	at org.junit.platform.engine.support.hierarchical.NodeTestTask.lambda$executeRecursively$9(NodeTestTask.java:144)
	at org.junit.platform.engine.support.hierarchical.ThrowableCollector.execute(ThrowableCollector.java:73)
	at org.junit.platform.engine.support.hierarchical.NodeTestTask.executeRecursively(NodeTestTask.java:143)
	at org.junit.platform.engine.support.hierarchical.NodeTestTask.execute(NodeTestTask.java:100)
	at java.base/java.util.ArrayList.forEach(ArrayList.java:1511)
	at org.junit.platform.engine.support.hierarchical.SameThreadHierarchicalTestExecutorService.invokeAll(SameThreadHierarchicalTestExecutorService.java:41)
	at org.junit.platform.engine.support.hierarchical.NodeTestTask.lambda$executeRecursively$6(NodeTestTask.java:160)
	at org.junit.platform.engine.support.hierarchical.ThrowableCollector.execute(ThrowableCollector.java:73)
	at org.junit.platform.engine.support.hierarchical.NodeTestTask.lambda$executeRecursively$8(NodeTestTask.java:146)
	at org.junit.platform.engine.support.hierarchical.Node.around(Node.java:137)
	at org.junit.platform.engine.support.hierarchical.NodeTestTask.lambda$executeRecursively$9(NodeTestTask.java:144)
	at org.junit.platform.engine.support.hierarchical.ThrowableCollector.execute(ThrowableCollector.java:73)
	at org.junit.platform.engine.support.hierarchical.NodeTestTask.executeRecursively(NodeTestTask.java:143)
	at org.junit.platform.engine.support.hierarchical.NodeTestTask.execute(NodeTestTask.java:100)
	at org.junit.platform.engine.support.hierarchical.SameThreadHierarchicalTestExecutorService.submit(SameThreadHierarchicalTestExecutorService.java:35)
	at org.junit.platform.engine.support.hierarchical.HierarchicalTestExecutor.execute(HierarchicalTestExecutor.java:57)
	at org.junit.platform.engine.support.hierarchical.HierarchicalTestEngine.execute(HierarchicalTestEngine.java:54)
	at org.junit.platform.launcher.core.EngineExecutionOrchestrator.execute(EngineExecutionOrchestrator.java:198)
	at org.junit.platform.launcher.core.EngineExecutionOrchestrator.execute(EngineExecutionOrchestrator.java:169)
	at org.junit.platform.launcher.core.EngineExecutionOrchestrator.execute(EngineExecutionOrchestrator.java:93)
	at org.junit.platform.launcher.core.EngineExecutionOrchestrator.lambda$execute$0(EngineExecutionOrchestrator.java:58)
	at org.junit.platform.launcher.core.EngineExecutionOrchestrator.withInterceptedStreams(EngineExecutionOrchestrator.java:141)
	at org.junit.platform.launcher.core.EngineExecutionOrchestrator.execute(EngineExecutionOrchestrator.java:57)
	at org.junit.platform.launcher.core.DefaultLauncher.execute(DefaultLauncher.java:103)
	at org.junit.platform.launcher.core.DefaultLauncher.execute(DefaultLauncher.java:85)
	at org.junit.platform.launcher.core.DelegatingLauncher.execute(DelegatingLauncher.java:47)
	at org.gradle.api.internal.tasks.testing.junitplatform.JUnitPlatformTestClassProcessor$CollectAllTestClassesExecutor.processAllTestClasses(JUnitPlatformTestClassProcessor.java:124)
	at org.gradle.api.internal.tasks.testing.junitplatform.JUnitPlatformTestClassProcessor$CollectAllTestClassesExecutor.access$000(JUnitPlatformTestClassProcessor.java:99)
	at org.gradle.api.internal.tasks.testing.junitplatform.JUnitPlatformTestClassProcessor.stop(JUnitPlatformTestClassProcessor.java:94)
	at org.gradle.api.internal.tasks.testing.SuiteTestClassProcessor.stop(SuiteTestClassProcessor.java:63)
	at java.base/jdk.internal.reflect.NativeMethodAccessorImpl.invoke0(Native Method)
	at java.base/jdk.internal.reflect.NativeMethodAccessorImpl.invoke(NativeMethodAccessorImpl.java:77)
	at java.base/jdk.internal.reflect.DelegatingMethodAccessorImpl.invoke(DelegatingMethodAccessorImpl.java:43)
	at java.base/java.lang.reflect.Method.invoke(Method.java:569)
	at org.gradle.internal.dispatch.ReflectionDispatch.dispatch(ReflectionDispatch.java:36)
	at org.gradle.internal.dispatch.ReflectionDispatch.dispatch(ReflectionDispatch.java:24)
	at org.gradle.internal.dispatch.ContextClassLoaderDispatch.dispatch(ContextClassLoaderDispatch.java:33)
	at org.gradle.internal.dispatch.ProxyDispatchAdapter$DispatchingInvocationHandler.invoke(ProxyDispatchAdapter.java:92)
	at jdk.proxy2/jdk.proxy2.$Proxy6.stop(Unknown Source)
	at org.gradle.api.internal.tasks.testing.worker.TestWorker$3.run(TestWorker.java:200)
	at org.gradle.api.internal.tasks.testing.worker.TestWorker.executeAndMaintainThreadName(TestWorker.java:132)
	at org.gradle.api.internal.tasks.testing.worker.TestWorker.execute(TestWorker.java:103)
	at org.gradle.api.internal.tasks.testing.worker.TestWorker.execute(TestWorker.java:63)
	at org.gradle.process.internal.worker.child.ActionExecutionWorker.execute(ActionExecutionWorker.java:56)
	at org.gradle.process.internal.worker.child.SystemApplicationClassLoaderWorker.call(SystemApplicationClassLoaderWorker.java:121)
	at org.gradle.process.internal.worker.child.SystemApplicationClassLoaderWorker.call(SystemApplicationClassLoaderWorker.java:71)
	at worker.org.gradle.process.internal.worker.GradleWorkerMain.run(GradleWorkerMain.java:69)
	at worker.org.gradle.process.internal.worker.GradleWorkerMain.main(GradleWorkerMain.java:74)
25-05-20 14:47:46.935 [Test worker] DEBUG c.s.m.d.config.MDCLoggingInterceptor [0c576581fa2746cd9278d818e8dc08b1 | GET | /api/binaryContents/adfe1a61-5ecc-412e-99e5-857ac5c2a87c/download] - Request completed
25-05-20 14:47:46.948 [Test worker] DEBUG c.s.m.d.config.MDCLoggingInterceptor [f66de5a709e540f5947015326f5a0eb4 | GET | /api/binaryContents/ba5af04f-fa1d-48d9-97f3-9f2dd6c10e5c/download] - Request started
25-05-20 14:47:46.949 [Test worker] INFO  c.s.m.d.c.BinaryContentController    [f66de5a709e540f5947015326f5a0eb4 | GET | /api/binaryContents/ba5af04f-fa1d-48d9-97f3-9f2dd6c10e5c/download] - 바이너리 컨텐츠 다운로드 요청: id=ba5af04f-fa1d-48d9-97f3-9f2dd6c10e5c
25-05-20 14:47:46.949 [Test worker] DEBUG c.s.m.d.c.BinaryContentController    [f66de5a709e540f5947015326f5a0eb4 | GET | /api/binaryContents/ba5af04f-fa1d-48d9-97f3-9f2dd6c10e5c/download] - 바이너리 컨텐츠 다운로드 응답: contentType=image/jpeg, contentLength=-1
25-05-20 14:47:46.951 [Test worker] DEBUG c.s.m.d.config.MDCLoggingInterceptor [f66de5a709e540f5947015326f5a0eb4 | GET | /api/binaryContents/ba5af04f-fa1d-48d9-97f3-9f2dd6c10e5c/download] - Request completed
25-05-20 14:47:46.957 [Test worker] INFO  o.s.t.c.s.AnnotationConfigContextLoaderUtils [ |  | ] - Could not detect default configuration classes for test class [com.sprint.mission.discodeit.controller.ChannelControllerTest]: ChannelControllerTest does not declare any static, non-private, non-final, nested classes annotated with @Configuration.
25-05-20 14:47:46.970 [Test worker] INFO  o.s.b.t.c.SpringBootTestContextBootstrapper [ |  | ] - Found @SpringBootConfiguration com.sprint.mission.discodeit.DiscodeitApplication for test class com.sprint.mission.discodeit.controller.ChannelControllerTest
25-05-20 14:47:47.021 [Test worker] INFO  c.s.m.d.c.ChannelControllerTest      [ |  | ] - Starting ChannelControllerTest using Java 17.0.14 with PID 56020 (started by jasonheo in /Users/jasonheo/2-sprint-mission)
25-05-20 14:47:47.021 [Test worker] DEBUG c.s.m.d.c.ChannelControllerTest      [ |  | ] - Running with Spring Boot v3.4.0, Spring v6.2.0
25-05-20 14:47:47.021 [Test worker] INFO  c.s.m.d.c.ChannelControllerTest      [ |  | ] - The following 1 profile is active: "dev"
25-05-20 14:47:47.265 [Test worker] INFO  o.s.b.a.w.s.WelcomePageHandlerMapping [ |  | ] - Adding welcome page: class path resource [static/index.html]
25-05-20 14:47:47.322 [Test worker] INFO  o.s.b.t.m.w.SpringBootMockServletContext [ |  | ] - Initializing Spring TestDispatcherServlet ''
25-05-20 14:47:47.322 [Test worker] INFO  o.s.t.w.s.TestDispatcherServlet      [ |  | ] - Initializing Servlet ''
25-05-20 14:47:47.323 [Test worker] INFO  o.s.t.w.s.TestDispatcherServlet      [ |  | ] - Completed initialization in 1 ms
25-05-20 14:47:47.335 [Test worker] INFO  c.s.m.d.c.ChannelControllerTest      [ |  | ] - Started ChannelControllerTest in 0.362 seconds (process running for 11.202)
25-05-20 14:47:47.342 [Test worker] DEBUG c.s.m.d.config.MDCLoggingInterceptor [80e26c5f46fd4ec5adaa46ff062e6e84 | DELETE | /api/channels/081f1499-21b6-4b96-9a12-7a738790ae50] - Request started
25-05-20 14:47:47.347 [Test worker] INFO  c.s.m.d.controller.ChannelController [80e26c5f46fd4ec5adaa46ff062e6e84 | DELETE | /api/channels/081f1499-21b6-4b96-9a12-7a738790ae50] - 채널 삭제 요청: id=081f1499-21b6-4b96-9a12-7a738790ae50
25-05-20 14:47:47.347 [Test worker] DEBUG c.s.m.d.controller.ChannelController [80e26c5f46fd4ec5adaa46ff062e6e84 | DELETE | /api/channels/081f1499-21b6-4b96-9a12-7a738790ae50] - 채널 삭제 완료
25-05-20 14:47:47.348 [Test worker] DEBUG c.s.m.d.config.MDCLoggingInterceptor [80e26c5f46fd4ec5adaa46ff062e6e84 | DELETE | /api/channels/081f1499-21b6-4b96-9a12-7a738790ae50] - Request completed
25-05-20 14:47:47.357 [Test worker] DEBUG c.s.m.d.config.MDCLoggingInterceptor [b1972939e8854e3d9aa311b3284417cc | POST | /api/channels/public] - Request started
25-05-20 14:47:47.368 [Test worker] ERROR c.s.m.d.e.GlobalExceptionHandler     [b1972939e8854e3d9aa311b3284417cc | POST | /api/channels/public] - 요청 유효성 검사 실패: Validation failed for argument [0] in public org.springframework.http.ResponseEntity<com.sprint.mission.discodeit.dto.data.ChannelDto> com.sprint.mission.discodeit.controller.ChannelController.create(com.sprint.mission.discodeit.dto.request.PublicChannelCreateRequest): [Field error in object 'publicChannelCreateRequest' on field 'name': rejected value [a]; codes [Size.publicChannelCreateRequest.name,Size.name,Size.java.lang.String,Size]; arguments [org.springframework.context.support.DefaultMessageSourceResolvable: codes [publicChannelCreateRequest.name,name]; arguments []; default message [name],50,2]; default message [채널명은 2자 이상 50자 이하여야 합니다]] 
25-05-20 14:47:47.373 [Test worker] DEBUG c.s.m.d.config.MDCLoggingInterceptor [b1972939e8854e3d9aa311b3284417cc | POST | /api/channels/public] - Request completed
25-05-20 14:47:47.380 [Test worker] DEBUG c.s.m.d.config.MDCLoggingInterceptor [fc2a30de981f41108ea720a5c32a57f0 | DELETE | /api/channels/2bbe1f00-e182-4d20-b8e9-7f36a0dc24cb] - Request started
25-05-20 14:47:47.381 [Test worker] INFO  c.s.m.d.controller.ChannelController [fc2a30de981f41108ea720a5c32a57f0 | DELETE | /api/channels/2bbe1f00-e182-4d20-b8e9-7f36a0dc24cb] - 채널 삭제 요청: id=2bbe1f00-e182-4d20-b8e9-7f36a0dc24cb
25-05-20 14:47:47.382 [Test worker] ERROR c.s.m.d.e.GlobalExceptionHandler     [fc2a30de981f41108ea720a5c32a57f0 | DELETE | /api/channels/2bbe1f00-e182-4d20-b8e9-7f36a0dc24cb] - 커스텀 예외 발생: code=CHANNEL_NOT_FOUND, message=채널을 찾을 수 없습니다.
com.sprint.mission.discodeit.exception.channel.ChannelNotFoundException: 채널을 찾을 수 없습니다.
	at com.sprint.mission.discodeit.controller.ChannelController.delete(ChannelController.java:69)
	at java.base/jdk.internal.reflect.NativeMethodAccessorImpl.invoke0(Native Method)
	at java.base/jdk.internal.reflect.NativeMethodAccessorImpl.invoke(NativeMethodAccessorImpl.java:77)
	at java.base/jdk.internal.reflect.DelegatingMethodAccessorImpl.invoke(DelegatingMethodAccessorImpl.java:43)
	at java.base/java.lang.reflect.Method.invoke(Method.java:569)
	at org.springframework.web.method.support.InvocableHandlerMethod.doInvoke(InvocableHandlerMethod.java:255)
	at org.springframework.web.method.support.InvocableHandlerMethod.invokeForRequest(InvocableHandlerMethod.java:188)
	at org.springframework.web.servlet.mvc.method.annotation.ServletInvocableHandlerMethod.invokeAndHandle(ServletInvocableHandlerMethod.java:118)
	at org.springframework.web.servlet.mvc.method.annotation.RequestMappingHandlerAdapter.invokeHandlerMethod(RequestMappingHandlerAdapter.java:986)
	at org.springframework.web.servlet.mvc.method.annotation.RequestMappingHandlerAdapter.handleInternal(RequestMappingHandlerAdapter.java:891)
	at org.springframework.web.servlet.mvc.method.AbstractHandlerMethodAdapter.handle(AbstractHandlerMethodAdapter.java:87)
	at org.springframework.web.servlet.DispatcherServlet.doDispatch(DispatcherServlet.java:1088)
	at org.springframework.web.servlet.DispatcherServlet.doService(DispatcherServlet.java:978)
	at org.springframework.web.servlet.FrameworkServlet.processRequest(FrameworkServlet.java:1014)
	at org.springframework.web.servlet.FrameworkServlet.doDelete(FrameworkServlet.java:936)
	at jakarta.servlet.http.HttpServlet.service(HttpServlet.java:596)
	at org.springframework.web.servlet.FrameworkServlet.service(FrameworkServlet.java:885)
	at org.springframework.test.web.servlet.TestDispatcherServlet.service(TestDispatcherServlet.java:72)
	at jakarta.servlet.http.HttpServlet.service(HttpServlet.java:658)
	at org.springframework.mock.web.MockFilterChain$ServletFilterProxy.doFilter(MockFilterChain.java:165)
	at org.springframework.mock.web.MockFilterChain.doFilter(MockFilterChain.java:132)
	at org.springframework.web.filter.RequestContextFilter.doFilterInternal(RequestContextFilter.java:100)
	at org.springframework.web.filter.OncePerRequestFilter.doFilter(OncePerRequestFilter.java:116)
	at org.springframework.test.web.servlet.setup.MockMvcFilterDecorator.doFilter(MockMvcFilterDecorator.java:162)
	at org.springframework.mock.web.MockFilterChain.doFilter(MockFilterChain.java:132)
	at org.springframework.web.filter.FormContentFilter.doFilterInternal(FormContentFilter.java:93)
	at org.springframework.web.filter.OncePerRequestFilter.doFilter(OncePerRequestFilter.java:116)
	at org.springframework.test.web.servlet.setup.MockMvcFilterDecorator.doFilter(MockMvcFilterDecorator.java:162)
	at org.springframework.mock.web.MockFilterChain.doFilter(MockFilterChain.java:132)
	at org.springframework.web.filter.CharacterEncodingFilter.doFilterInternal(CharacterEncodingFilter.java:201)
	at org.springframework.web.filter.OncePerRequestFilter.doFilter(OncePerRequestFilter.java:116)
	at org.springframework.test.web.servlet.setup.MockMvcFilterDecorator.doFilter(MockMvcFilterDecorator.java:162)
	at org.springframework.mock.web.MockFilterChain.doFilter(MockFilterChain.java:132)
	at org.springframework.test.web.servlet.MockMvc.perform(MockMvc.java:201)
	at com.sprint.mission.discodeit.controller.ChannelControllerTest.deleteChannel_Failure_ChannelNotFound(ChannelControllerTest.java:229)
	at java.base/jdk.internal.reflect.NativeMethodAccessorImpl.invoke0(Native Method)
	at java.base/jdk.internal.reflect.NativeMethodAccessorImpl.invoke(NativeMethodAccessorImpl.java:77)
	at java.base/jdk.internal.reflect.DelegatingMethodAccessorImpl.invoke(DelegatingMethodAccessorImpl.java:43)
	at java.base/java.lang.reflect.Method.invoke(Method.java:569)
	at org.junit.platform.commons.util.ReflectionUtils.invokeMethod(ReflectionUtils.java:767)
	at org.junit.jupiter.engine.execution.MethodInvocation.proceed(MethodInvocation.java:60)
	at org.junit.jupiter.engine.execution.InvocationInterceptorChain$ValidatingInvocation.proceed(InvocationInterceptorChain.java:131)
	at org.junit.jupiter.engine.extension.TimeoutExtension.intercept(TimeoutExtension.java:156)
	at org.junit.jupiter.engine.extension.TimeoutExtension.interceptTestableMethod(TimeoutExtension.java:147)
	at org.junit.jupiter.engine.extension.TimeoutExtension.interceptTestMethod(TimeoutExtension.java:86)
	at org.junit.jupiter.engine.execution.InterceptingExecutableInvoker$ReflectiveInterceptorCall.lambda$ofVoidMethod$0(InterceptingExecutableInvoker.java:103)
	at org.junit.jupiter.engine.execution.InterceptingExecutableInvoker.lambda$invoke$0(InterceptingExecutableInvoker.java:93)
	at org.junit.jupiter.engine.execution.InvocationInterceptorChain$InterceptedInvocation.proceed(InvocationInterceptorChain.java:106)
	at org.junit.jupiter.engine.execution.InvocationInterceptorChain.proceed(InvocationInterceptorChain.java:64)
	at org.junit.jupiter.engine.execution.InvocationInterceptorChain.chainAndInvoke(InvocationInterceptorChain.java:45)
	at org.junit.jupiter.engine.execution.InvocationInterceptorChain.invoke(InvocationInterceptorChain.java:37)
	at org.junit.jupiter.engine.execution.InterceptingExecutableInvoker.invoke(InterceptingExecutableInvoker.java:92)
	at org.junit.jupiter.engine.execution.InterceptingExecutableInvoker.invoke(InterceptingExecutableInvoker.java:86)
	at org.junit.jupiter.engine.descriptor.TestMethodTestDescriptor.lambda$invokeTestMethod$8(TestMethodTestDescriptor.java:217)
	at org.junit.platform.engine.support.hierarchical.ThrowableCollector.execute(ThrowableCollector.java:73)
	at org.junit.jupiter.engine.descriptor.TestMethodTestDescriptor.invokeTestMethod(TestMethodTestDescriptor.java:213)
	at org.junit.jupiter.engine.descriptor.TestMethodTestDescriptor.execute(TestMethodTestDescriptor.java:138)
	at org.junit.jupiter.engine.descriptor.TestMethodTestDescriptor.execute(TestMethodTestDescriptor.java:68)
	at org.junit.platform.engine.support.hierarchical.NodeTestTask.lambda$executeRecursively$6(NodeTestTask.java:156)
	at org.junit.platform.engine.support.hierarchical.ThrowableCollector.execute(ThrowableCollector.java:73)
	at org.junit.platform.engine.support.hierarchical.NodeTestTask.lambda$executeRecursively$8(NodeTestTask.java:146)
	at org.junit.platform.engine.support.hierarchical.Node.around(Node.java:137)
	at org.junit.platform.engine.support.hierarchical.NodeTestTask.lambda$executeRecursively$9(NodeTestTask.java:144)
	at org.junit.platform.engine.support.hierarchical.ThrowableCollector.execute(ThrowableCollector.java:73)
	at org.junit.platform.engine.support.hierarchical.NodeTestTask.executeRecursively(NodeTestTask.java:143)
	at org.junit.platform.engine.support.hierarchical.NodeTestTask.execute(NodeTestTask.java:100)
	at java.base/java.util.ArrayList.forEach(ArrayList.java:1511)
	at org.junit.platform.engine.support.hierarchical.SameThreadHierarchicalTestExecutorService.invokeAll(SameThreadHierarchicalTestExecutorService.java:41)
	at org.junit.platform.engine.support.hierarchical.NodeTestTask.lambda$executeRecursively$6(NodeTestTask.java:160)
	at org.junit.platform.engine.support.hierarchical.ThrowableCollector.execute(ThrowableCollector.java:73)
	at org.junit.platform.engine.support.hierarchical.NodeTestTask.lambda$executeRecursively$8(NodeTestTask.java:146)
	at org.junit.platform.engine.support.hierarchical.Node.around(Node.java:137)
	at org.junit.platform.engine.support.hierarchical.NodeTestTask.lambda$executeRecursively$9(NodeTestTask.java:144)
	at org.junit.platform.engine.support.hierarchical.ThrowableCollector.execute(ThrowableCollector.java:73)
	at org.junit.platform.engine.support.hierarchical.NodeTestTask.executeRecursively(NodeTestTask.java:143)
	at org.junit.platform.engine.support.hierarchical.NodeTestTask.execute(NodeTestTask.java:100)
	at java.base/java.util.ArrayList.forEach(ArrayList.java:1511)
	at org.junit.platform.engine.support.hierarchical.SameThreadHierarchicalTestExecutorService.invokeAll(SameThreadHierarchicalTestExecutorService.java:41)
	at org.junit.platform.engine.support.hierarchical.NodeTestTask.lambda$executeRecursively$6(NodeTestTask.java:160)
	at org.junit.platform.engine.support.hierarchical.ThrowableCollector.execute(ThrowableCollector.java:73)
	at org.junit.platform.engine.support.hierarchical.NodeTestTask.lambda$executeRecursively$8(NodeTestTask.java:146)
	at org.junit.platform.engine.support.hierarchical.Node.around(Node.java:137)
	at org.junit.platform.engine.support.hierarchical.NodeTestTask.lambda$executeRecursively$9(NodeTestTask.java:144)
	at org.junit.platform.engine.support.hierarchical.ThrowableCollector.execute(ThrowableCollector.java:73)
	at org.junit.platform.engine.support.hierarchical.NodeTestTask.executeRecursively(NodeTestTask.java:143)
	at org.junit.platform.engine.support.hierarchical.NodeTestTask.execute(NodeTestTask.java:100)
	at org.junit.platform.engine.support.hierarchical.SameThreadHierarchicalTestExecutorService.submit(SameThreadHierarchicalTestExecutorService.java:35)
	at org.junit.platform.engine.support.hierarchical.HierarchicalTestExecutor.execute(HierarchicalTestExecutor.java:57)
	at org.junit.platform.engine.support.hierarchical.HierarchicalTestEngine.execute(HierarchicalTestEngine.java:54)
	at org.junit.platform.launcher.core.EngineExecutionOrchestrator.execute(EngineExecutionOrchestrator.java:198)
	at org.junit.platform.launcher.core.EngineExecutionOrchestrator.execute(EngineExecutionOrchestrator.java:169)
	at org.junit.platform.launcher.core.EngineExecutionOrchestrator.execute(EngineExecutionOrchestrator.java:93)
	at org.junit.platform.launcher.core.EngineExecutionOrchestrator.lambda$execute$0(EngineExecutionOrchestrator.java:58)
	at org.junit.platform.launcher.core.EngineExecutionOrchestrator.withInterceptedStreams(EngineExecutionOrchestrator.java:141)
	at org.junit.platform.launcher.core.EngineExecutionOrchestrator.execute(EngineExecutionOrchestrator.java:57)
	at org.junit.platform.launcher.core.DefaultLauncher.execute(DefaultLauncher.java:103)
	at org.junit.platform.launcher.core.DefaultLauncher.execute(DefaultLauncher.java:85)
	at org.junit.platform.launcher.core.DelegatingLauncher.execute(DelegatingLauncher.java:47)
	at org.gradle.api.internal.tasks.testing.junitplatform.JUnitPlatformTestClassProcessor$CollectAllTestClassesExecutor.processAllTestClasses(JUnitPlatformTestClassProcessor.java:124)
	at org.gradle.api.internal.tasks.testing.junitplatform.JUnitPlatformTestClassProcessor$CollectAllTestClassesExecutor.access$000(JUnitPlatformTestClassProcessor.java:99)
	at org.gradle.api.internal.tasks.testing.junitplatform.JUnitPlatformTestClassProcessor.stop(JUnitPlatformTestClassProcessor.java:94)
	at org.gradle.api.internal.tasks.testing.SuiteTestClassProcessor.stop(SuiteTestClassProcessor.java:63)
	at java.base/jdk.internal.reflect.NativeMethodAccessorImpl.invoke0(Native Method)
	at java.base/jdk.internal.reflect.NativeMethodAccessorImpl.invoke(NativeMethodAccessorImpl.java:77)
	at java.base/jdk.internal.reflect.DelegatingMethodAccessorImpl.invoke(DelegatingMethodAccessorImpl.java:43)
	at java.base/java.lang.reflect.Method.invoke(Method.java:569)
	at org.gradle.internal.dispatch.ReflectionDispatch.dispatch(ReflectionDispatch.java:36)
	at org.gradle.internal.dispatch.ReflectionDispatch.dispatch(ReflectionDispatch.java:24)
	at org.gradle.internal.dispatch.ContextClassLoaderDispatch.dispatch(ContextClassLoaderDispatch.java:33)
	at org.gradle.internal.dispatch.ProxyDispatchAdapter$DispatchingInvocationHandler.invoke(ProxyDispatchAdapter.java:92)
	at jdk.proxy2/jdk.proxy2.$Proxy6.stop(Unknown Source)
	at org.gradle.api.internal.tasks.testing.worker.TestWorker$3.run(TestWorker.java:200)
	at org.gradle.api.internal.tasks.testing.worker.TestWorker.executeAndMaintainThreadName(TestWorker.java:132)
	at org.gradle.api.internal.tasks.testing.worker.TestWorker.execute(TestWorker.java:103)
	at org.gradle.api.internal.tasks.testing.worker.TestWorker.execute(TestWorker.java:63)
	at org.gradle.process.internal.worker.child.ActionExecutionWorker.execute(ActionExecutionWorker.java:56)
	at org.gradle.process.internal.worker.child.SystemApplicationClassLoaderWorker.call(SystemApplicationClassLoaderWorker.java:121)
	at org.gradle.process.internal.worker.child.SystemApplicationClassLoaderWorker.call(SystemApplicationClassLoaderWorker.java:71)
	at worker.org.gradle.process.internal.worker.GradleWorkerMain.run(GradleWorkerMain.java:69)
	at worker.org.gradle.process.internal.worker.GradleWorkerMain.main(GradleWorkerMain.java:74)
25-05-20 14:47:47.391 [Test worker] DEBUG c.s.m.d.config.MDCLoggingInterceptor [fc2a30de981f41108ea720a5c32a57f0 | DELETE | /api/channels/2bbe1f00-e182-4d20-b8e9-7f36a0dc24cb] - Request completed
25-05-20 14:47:47.407 [Test worker] DEBUG c.s.m.d.config.MDCLoggingInterceptor [c9c96db45298459391070083c2fe1c07 | POST | /api/channels/private] - Request started
25-05-20 14:47:47.422 [Test worker] INFO  c.s.m.d.controller.ChannelController [c9c96db45298459391070083c2fe1c07 | POST | /api/channels/private] - 비공개 채널 생성 요청: PrivateChannelCreateRequest[participantIds=[7df42d07-61d5-442a-9967-a5dfcce16e51, c0b80a2f-0438-4487-96c6-53f1cc3c1ec4]]
25-05-20 14:47:47.425 [Test worker] DEBUG c.s.m.d.controller.ChannelController [c9c96db45298459391070083c2fe1c07 | POST | /api/channels/private] - 비공개 채널 생성 응답: ChannelDto[id=9ae324e8-afa3-4f11-9315-3e1f43c8c37f, type=PRIVATE, name=null, description=null, participants=[UserDto[id=7df42d07-61d5-442a-9967-a5dfcce16e51, username=user-7df42, email=user7df42@example.com, profile=null, online=false], UserDto[id=c0b80a2f-0438-4487-96c6-53f1cc3c1ec4, username=user-c0b80, email=userc0b80@example.com, profile=null, online=false]], lastMessageAt=2025-05-20T05:47:47.401768Z]
25-05-20 14:47:47.442 [Test worker] DEBUG c.s.m.d.config.MDCLoggingInterceptor [c9c96db45298459391070083c2fe1c07 | POST | /api/channels/private] - Request completed
25-05-20 14:47:47.468 [Test worker] DEBUG c.s.m.d.config.MDCLoggingInterceptor [c963978f77434cd1a79db3e4a7d225d9 | PATCH | /api/channels/48bfa52a-bf97-44a1-8e17-09809d27db3a] - Request started
25-05-20 14:47:47.472 [Test worker] INFO  c.s.m.d.controller.ChannelController [c963978f77434cd1a79db3e4a7d225d9 | PATCH | /api/channels/48bfa52a-bf97-44a1-8e17-09809d27db3a] - 채널 수정 요청: id=48bfa52a-bf97-44a1-8e17-09809d27db3a, request=PublicChannelUpdateRequest[newName=updated-channel, newDescription=업데이트된 채널 설명입니다.]
25-05-20 14:47:47.473 [Test worker] DEBUG c.s.m.d.controller.ChannelController [c963978f77434cd1a79db3e4a7d225d9 | PATCH | /api/channels/48bfa52a-bf97-44a1-8e17-09809d27db3a] - 채널 수정 응답: ChannelDto[id=48bfa52a-bf97-44a1-8e17-09809d27db3a, type=PUBLIC, name=updated-channel, description=업데이트된 채널 설명입니다., participants=[], lastMessageAt=2025-05-20T05:47:47.466214Z]
25-05-20 14:47:47.474 [Test worker] DEBUG c.s.m.d.config.MDCLoggingInterceptor [c963978f77434cd1a79db3e4a7d225d9 | PATCH | /api/channels/48bfa52a-bf97-44a1-8e17-09809d27db3a] - Request completed
25-05-20 14:47:47.480 [Test worker] DEBUG c.s.m.d.config.MDCLoggingInterceptor [8d4e6f434db64d34a46f1c568ede248c | PATCH | /api/channels/63ddf5d0-873b-448c-a566-34e687c336cf] - Request started
25-05-20 14:47:47.481 [Test worker] INFO  c.s.m.d.controller.ChannelController [8d4e6f434db64d34a46f1c568ede248c | PATCH | /api/channels/63ddf5d0-873b-448c-a566-34e687c336cf] - 채널 수정 요청: id=63ddf5d0-873b-448c-a566-34e687c336cf, request=PublicChannelUpdateRequest[newName=updated-channel, newDescription=업데이트된 채널 설명입니다.]
25-05-20 14:47:47.482 [Test worker] ERROR c.s.m.d.e.GlobalExceptionHandler     [8d4e6f434db64d34a46f1c568ede248c | PATCH | /api/channels/63ddf5d0-873b-448c-a566-34e687c336cf] - 커스텀 예외 발생: code=CHANNEL_NOT_FOUND, message=채널을 찾을 수 없습니다.
com.sprint.mission.discodeit.exception.channel.ChannelNotFoundException: 채널을 찾을 수 없습니다.
	at com.sprint.mission.discodeit.controller.ChannelController.update(ChannelController.java:59)
	at java.base/jdk.internal.reflect.NativeMethodAccessorImpl.invoke0(Native Method)
	at java.base/jdk.internal.reflect.NativeMethodAccessorImpl.invoke(NativeMethodAccessorImpl.java:77)
	at java.base/jdk.internal.reflect.DelegatingMethodAccessorImpl.invoke(DelegatingMethodAccessorImpl.java:43)
	at java.base/java.lang.reflect.Method.invoke(Method.java:569)
	at org.springframework.web.method.support.InvocableHandlerMethod.doInvoke(InvocableHandlerMethod.java:255)
	at org.springframework.web.method.support.InvocableHandlerMethod.invokeForRequest(InvocableHandlerMethod.java:188)
	at org.springframework.web.servlet.mvc.method.annotation.ServletInvocableHandlerMethod.invokeAndHandle(ServletInvocableHandlerMethod.java:118)
	at org.springframework.web.servlet.mvc.method.annotation.RequestMappingHandlerAdapter.invokeHandlerMethod(RequestMappingHandlerAdapter.java:986)
	at org.springframework.web.servlet.mvc.method.annotation.RequestMappingHandlerAdapter.handleInternal(RequestMappingHandlerAdapter.java:891)
	at org.springframework.web.servlet.mvc.method.AbstractHandlerMethodAdapter.handle(AbstractHandlerMethodAdapter.java:87)
	at org.springframework.web.servlet.DispatcherServlet.doDispatch(DispatcherServlet.java:1088)
	at org.springframework.web.servlet.DispatcherServlet.doService(DispatcherServlet.java:978)
	at org.springframework.web.servlet.FrameworkServlet.processRequest(FrameworkServlet.java:1014)
	at org.springframework.web.servlet.FrameworkServlet.service(FrameworkServlet.java:888)
	at org.springframework.test.web.servlet.TestDispatcherServlet.service(TestDispatcherServlet.java:72)
	at jakarta.servlet.http.HttpServlet.service(HttpServlet.java:658)
	at org.springframework.mock.web.MockFilterChain$ServletFilterProxy.doFilter(MockFilterChain.java:165)
	at org.springframework.mock.web.MockFilterChain.doFilter(MockFilterChain.java:132)
	at org.springframework.web.filter.RequestContextFilter.doFilterInternal(RequestContextFilter.java:100)
	at org.springframework.web.filter.OncePerRequestFilter.doFilter(OncePerRequestFilter.java:116)
	at org.springframework.test.web.servlet.setup.MockMvcFilterDecorator.doFilter(MockMvcFilterDecorator.java:162)
	at org.springframework.mock.web.MockFilterChain.doFilter(MockFilterChain.java:132)
	at org.springframework.web.filter.FormContentFilter.doFilterInternal(FormContentFilter.java:93)
	at org.springframework.web.filter.OncePerRequestFilter.doFilter(OncePerRequestFilter.java:116)
	at org.springframework.test.web.servlet.setup.MockMvcFilterDecorator.doFilter(MockMvcFilterDecorator.java:162)
	at org.springframework.mock.web.MockFilterChain.doFilter(MockFilterChain.java:132)
	at org.springframework.web.filter.CharacterEncodingFilter.doFilterInternal(CharacterEncodingFilter.java:201)
	at org.springframework.web.filter.OncePerRequestFilter.doFilter(OncePerRequestFilter.java:116)
	at org.springframework.test.web.servlet.setup.MockMvcFilterDecorator.doFilter(MockMvcFilterDecorator.java:162)
	at org.springframework.mock.web.MockFilterChain.doFilter(MockFilterChain.java:132)
	at org.springframework.test.web.servlet.MockMvc.perform(MockMvc.java:201)
	at com.sprint.mission.discodeit.controller.ChannelControllerTest.updateChannel_Failure_ChannelNotFound(ChannelControllerTest.java:181)
	at java.base/jdk.internal.reflect.NativeMethodAccessorImpl.invoke0(Native Method)
	at java.base/jdk.internal.reflect.NativeMethodAccessorImpl.invoke(NativeMethodAccessorImpl.java:77)
	at java.base/jdk.internal.reflect.DelegatingMethodAccessorImpl.invoke(DelegatingMethodAccessorImpl.java:43)
	at java.base/java.lang.reflect.Method.invoke(Method.java:569)
	at org.junit.platform.commons.util.ReflectionUtils.invokeMethod(ReflectionUtils.java:767)
	at org.junit.jupiter.engine.execution.MethodInvocation.proceed(MethodInvocation.java:60)
	at org.junit.jupiter.engine.execution.InvocationInterceptorChain$ValidatingInvocation.proceed(InvocationInterceptorChain.java:131)
	at org.junit.jupiter.engine.extension.TimeoutExtension.intercept(TimeoutExtension.java:156)
	at org.junit.jupiter.engine.extension.TimeoutExtension.interceptTestableMethod(TimeoutExtension.java:147)
	at org.junit.jupiter.engine.extension.TimeoutExtension.interceptTestMethod(TimeoutExtension.java:86)
	at org.junit.jupiter.engine.execution.InterceptingExecutableInvoker$ReflectiveInterceptorCall.lambda$ofVoidMethod$0(InterceptingExecutableInvoker.java:103)
	at org.junit.jupiter.engine.execution.InterceptingExecutableInvoker.lambda$invoke$0(InterceptingExecutableInvoker.java:93)
	at org.junit.jupiter.engine.execution.InvocationInterceptorChain$InterceptedInvocation.proceed(InvocationInterceptorChain.java:106)
	at org.junit.jupiter.engine.execution.InvocationInterceptorChain.proceed(InvocationInterceptorChain.java:64)
	at org.junit.jupiter.engine.execution.InvocationInterceptorChain.chainAndInvoke(InvocationInterceptorChain.java:45)
	at org.junit.jupiter.engine.execution.InvocationInterceptorChain.invoke(InvocationInterceptorChain.java:37)
	at org.junit.jupiter.engine.execution.InterceptingExecutableInvoker.invoke(InterceptingExecutableInvoker.java:92)
	at org.junit.jupiter.engine.execution.InterceptingExecutableInvoker.invoke(InterceptingExecutableInvoker.java:86)
	at org.junit.jupiter.engine.descriptor.TestMethodTestDescriptor.lambda$invokeTestMethod$8(TestMethodTestDescriptor.java:217)
	at org.junit.platform.engine.support.hierarchical.ThrowableCollector.execute(ThrowableCollector.java:73)
	at org.junit.jupiter.engine.descriptor.TestMethodTestDescriptor.invokeTestMethod(TestMethodTestDescriptor.java:213)
	at org.junit.jupiter.engine.descriptor.TestMethodTestDescriptor.execute(TestMethodTestDescriptor.java:138)
	at org.junit.jupiter.engine.descriptor.TestMethodTestDescriptor.execute(TestMethodTestDescriptor.java:68)
	at org.junit.platform.engine.support.hierarchical.NodeTestTask.lambda$executeRecursively$6(NodeTestTask.java:156)
	at org.junit.platform.engine.support.hierarchical.ThrowableCollector.execute(ThrowableCollector.java:73)
	at org.junit.platform.engine.support.hierarchical.NodeTestTask.lambda$executeRecursively$8(NodeTestTask.java:146)
	at org.junit.platform.engine.support.hierarchical.Node.around(Node.java:137)
	at org.junit.platform.engine.support.hierarchical.NodeTestTask.lambda$executeRecursively$9(NodeTestTask.java:144)
	at org.junit.platform.engine.support.hierarchical.ThrowableCollector.execute(ThrowableCollector.java:73)
	at org.junit.platform.engine.support.hierarchical.NodeTestTask.executeRecursively(NodeTestTask.java:143)
	at org.junit.platform.engine.support.hierarchical.NodeTestTask.execute(NodeTestTask.java:100)
	at java.base/java.util.ArrayList.forEach(ArrayList.java:1511)
	at org.junit.platform.engine.support.hierarchical.SameThreadHierarchicalTestExecutorService.invokeAll(SameThreadHierarchicalTestExecutorService.java:41)
	at org.junit.platform.engine.support.hierarchical.NodeTestTask.lambda$executeRecursively$6(NodeTestTask.java:160)
	at org.junit.platform.engine.support.hierarchical.ThrowableCollector.execute(ThrowableCollector.java:73)
	at org.junit.platform.engine.support.hierarchical.NodeTestTask.lambda$executeRecursively$8(NodeTestTask.java:146)
	at org.junit.platform.engine.support.hierarchical.Node.around(Node.java:137)
	at org.junit.platform.engine.support.hierarchical.NodeTestTask.lambda$executeRecursively$9(NodeTestTask.java:144)
	at org.junit.platform.engine.support.hierarchical.ThrowableCollector.execute(ThrowableCollector.java:73)
	at org.junit.platform.engine.support.hierarchical.NodeTestTask.executeRecursively(NodeTestTask.java:143)
	at org.junit.platform.engine.support.hierarchical.NodeTestTask.execute(NodeTestTask.java:100)
	at java.base/java.util.ArrayList.forEach(ArrayList.java:1511)
	at org.junit.platform.engine.support.hierarchical.SameThreadHierarchicalTestExecutorService.invokeAll(SameThreadHierarchicalTestExecutorService.java:41)
	at org.junit.platform.engine.support.hierarchical.NodeTestTask.lambda$executeRecursively$6(NodeTestTask.java:160)
	at org.junit.platform.engine.support.hierarchical.ThrowableCollector.execute(ThrowableCollector.java:73)
	at org.junit.platform.engine.support.hierarchical.NodeTestTask.lambda$executeRecursively$8(NodeTestTask.java:146)
	at org.junit.platform.engine.support.hierarchical.Node.around(Node.java:137)
	at org.junit.platform.engine.support.hierarchical.NodeTestTask.lambda$executeRecursively$9(NodeTestTask.java:144)
	at org.junit.platform.engine.support.hierarchical.ThrowableCollector.execute(ThrowableCollector.java:73)
	at org.junit.platform.engine.support.hierarchical.NodeTestTask.executeRecursively(NodeTestTask.java:143)
	at org.junit.platform.engine.support.hierarchical.NodeTestTask.execute(NodeTestTask.java:100)
	at org.junit.platform.engine.support.hierarchical.SameThreadHierarchicalTestExecutorService.submit(SameThreadHierarchicalTestExecutorService.java:35)
	at org.junit.platform.engine.support.hierarchical.HierarchicalTestExecutor.execute(HierarchicalTestExecutor.java:57)
	at org.junit.platform.engine.support.hierarchical.HierarchicalTestEngine.execute(HierarchicalTestEngine.java:54)
	at org.junit.platform.launcher.core.EngineExecutionOrchestrator.execute(EngineExecutionOrchestrator.java:198)
	at org.junit.platform.launcher.core.EngineExecutionOrchestrator.execute(EngineExecutionOrchestrator.java:169)
	at org.junit.platform.launcher.core.EngineExecutionOrchestrator.execute(EngineExecutionOrchestrator.java:93)
	at org.junit.platform.launcher.core.EngineExecutionOrchestrator.lambda$execute$0(EngineExecutionOrchestrator.java:58)
	at org.junit.platform.launcher.core.EngineExecutionOrchestrator.withInterceptedStreams(EngineExecutionOrchestrator.java:141)
	at org.junit.platform.launcher.core.EngineExecutionOrchestrator.execute(EngineExecutionOrchestrator.java:57)
	at org.junit.platform.launcher.core.DefaultLauncher.execute(DefaultLauncher.java:103)
	at org.junit.platform.launcher.core.DefaultLauncher.execute(DefaultLauncher.java:85)
	at org.junit.platform.launcher.core.DelegatingLauncher.execute(DelegatingLauncher.java:47)
	at org.gradle.api.internal.tasks.testing.junitplatform.JUnitPlatformTestClassProcessor$CollectAllTestClassesExecutor.processAllTestClasses(JUnitPlatformTestClassProcessor.java:124)
	at org.gradle.api.internal.tasks.testing.junitplatform.JUnitPlatformTestClassProcessor$CollectAllTestClassesExecutor.access$000(JUnitPlatformTestClassProcessor.java:99)
	at org.gradle.api.internal.tasks.testing.junitplatform.JUnitPlatformTestClassProcessor.stop(JUnitPlatformTestClassProcessor.java:94)
	at org.gradle.api.internal.tasks.testing.SuiteTestClassProcessor.stop(SuiteTestClassProcessor.java:63)
	at java.base/jdk.internal.reflect.NativeMethodAccessorImpl.invoke0(Native Method)
	at java.base/jdk.internal.reflect.NativeMethodAccessorImpl.invoke(NativeMethodAccessorImpl.java:77)
	at java.base/jdk.internal.reflect.DelegatingMethodAccessorImpl.invoke(DelegatingMethodAccessorImpl.java:43)
	at java.base/java.lang.reflect.Method.invoke(Method.java:569)
	at org.gradle.internal.dispatch.ReflectionDispatch.dispatch(ReflectionDispatch.java:36)
	at org.gradle.internal.dispatch.ReflectionDispatch.dispatch(ReflectionDispatch.java:24)
	at org.gradle.internal.dispatch.ContextClassLoaderDispatch.dispatch(ContextClassLoaderDispatch.java:33)
	at org.gradle.internal.dispatch.ProxyDispatchAdapter$DispatchingInvocationHandler.invoke(ProxyDispatchAdapter.java:92)
	at jdk.proxy2/jdk.proxy2.$Proxy6.stop(Unknown Source)
	at org.gradle.api.internal.tasks.testing.worker.TestWorker$3.run(TestWorker.java:200)
	at org.gradle.api.internal.tasks.testing.worker.TestWorker.executeAndMaintainThreadName(TestWorker.java:132)
	at org.gradle.api.internal.tasks.testing.worker.TestWorker.execute(TestWorker.java:103)
	at org.gradle.api.internal.tasks.testing.worker.TestWorker.execute(TestWorker.java:63)
	at org.gradle.process.internal.worker.child.ActionExecutionWorker.execute(ActionExecutionWorker.java:56)
	at org.gradle.process.internal.worker.child.SystemApplicationClassLoaderWorker.call(SystemApplicationClassLoaderWorker.java:121)
	at org.gradle.process.internal.worker.child.SystemApplicationClassLoaderWorker.call(SystemApplicationClassLoaderWorker.java:71)
	at worker.org.gradle.process.internal.worker.GradleWorkerMain.run(GradleWorkerMain.java:69)
	at worker.org.gradle.process.internal.worker.GradleWorkerMain.main(GradleWorkerMain.java:74)
25-05-20 14:47:47.488 [Test worker] DEBUG c.s.m.d.config.MDCLoggingInterceptor [8d4e6f434db64d34a46f1c568ede248c | PATCH | /api/channels/63ddf5d0-873b-448c-a566-34e687c336cf] - Request completed
25-05-20 14:47:47.496 [Test worker] DEBUG c.s.m.d.config.MDCLoggingInterceptor [1c75410eb6d24db4bb7059d6daf5e6ae | GET | /api/channels] - Request started
25-05-20 14:47:47.497 [Test worker] INFO  c.s.m.d.controller.ChannelController [1c75410eb6d24db4bb7059d6daf5e6ae | GET | /api/channels] - 사용자별 채널 목록 조회 요청: userId=72e912b4-b1bf-4998-a6f1-c87e86c87cc6
25-05-20 14:47:47.498 [Test worker] DEBUG c.s.m.d.controller.ChannelController [1c75410eb6d24db4bb7059d6daf5e6ae | GET | /api/channels] - 사용자별 채널 목록 조회 응답: count=2
25-05-20 14:47:47.504 [Test worker] DEBUG c.s.m.d.config.MDCLoggingInterceptor [1c75410eb6d24db4bb7059d6daf5e6ae | GET | /api/channels] - Request completed
25-05-20 14:47:47.513 [Test worker] DEBUG c.s.m.d.config.MDCLoggingInterceptor [eba5dcc1dae54007b84269c784b48fd9 | PATCH | /api/channels/557bc72a-23a0-44cb-94ab-8bcc8e95f386] - Request started
25-05-20 14:47:47.514 [Test worker] INFO  c.s.m.d.controller.ChannelController [eba5dcc1dae54007b84269c784b48fd9 | PATCH | /api/channels/557bc72a-23a0-44cb-94ab-8bcc8e95f386] - 채널 수정 요청: id=557bc72a-23a0-44cb-94ab-8bcc8e95f386, request=PublicChannelUpdateRequest[newName=updated-channel, newDescription=업데이트된 채널 설명입니다.]
25-05-20 14:47:47.517 [Test worker] ERROR c.s.m.d.e.GlobalExceptionHandler     [eba5dcc1dae54007b84269c784b48fd9 | PATCH | /api/channels/557bc72a-23a0-44cb-94ab-8bcc8e95f386] - 커스텀 예외 발생: code=PRIVATE_CHANNEL_UPDATE, message=비공개 채널은 수정할 수 없습니다.
com.sprint.mission.discodeit.exception.channel.PrivateChannelUpdateException: 비공개 채널은 수정할 수 없습니다.
	at com.sprint.mission.discodeit.controller.ChannelController.update(ChannelController.java:59)
	at java.base/jdk.internal.reflect.NativeMethodAccessorImpl.invoke0(Native Method)
	at java.base/jdk.internal.reflect.NativeMethodAccessorImpl.invoke(NativeMethodAccessorImpl.java:77)
	at java.base/jdk.internal.reflect.DelegatingMethodAccessorImpl.invoke(DelegatingMethodAccessorImpl.java:43)
	at java.base/java.lang.reflect.Method.invoke(Method.java:569)
	at org.springframework.web.method.support.InvocableHandlerMethod.doInvoke(InvocableHandlerMethod.java:255)
	at org.springframework.web.method.support.InvocableHandlerMethod.invokeForRequest(InvocableHandlerMethod.java:188)
	at org.springframework.web.servlet.mvc.method.annotation.ServletInvocableHandlerMethod.invokeAndHandle(ServletInvocableHandlerMethod.java:118)
	at org.springframework.web.servlet.mvc.method.annotation.RequestMappingHandlerAdapter.invokeHandlerMethod(RequestMappingHandlerAdapter.java:986)
	at org.springframework.web.servlet.mvc.method.annotation.RequestMappingHandlerAdapter.handleInternal(RequestMappingHandlerAdapter.java:891)
	at org.springframework.web.servlet.mvc.method.AbstractHandlerMethodAdapter.handle(AbstractHandlerMethodAdapter.java:87)
	at org.springframework.web.servlet.DispatcherServlet.doDispatch(DispatcherServlet.java:1088)
	at org.springframework.web.servlet.DispatcherServlet.doService(DispatcherServlet.java:978)
	at org.springframework.web.servlet.FrameworkServlet.processRequest(FrameworkServlet.java:1014)
	at org.springframework.web.servlet.FrameworkServlet.service(FrameworkServlet.java:888)
	at org.springframework.test.web.servlet.TestDispatcherServlet.service(TestDispatcherServlet.java:72)
	at jakarta.servlet.http.HttpServlet.service(HttpServlet.java:658)
	at org.springframework.mock.web.MockFilterChain$ServletFilterProxy.doFilter(MockFilterChain.java:165)
	at org.springframework.mock.web.MockFilterChain.doFilter(MockFilterChain.java:132)
	at org.springframework.web.filter.RequestContextFilter.doFilterInternal(RequestContextFilter.java:100)
	at org.springframework.web.filter.OncePerRequestFilter.doFilter(OncePerRequestFilter.java:116)
	at org.springframework.test.web.servlet.setup.MockMvcFilterDecorator.doFilter(MockMvcFilterDecorator.java:162)
	at org.springframework.mock.web.MockFilterChain.doFilter(MockFilterChain.java:132)
	at org.springframework.web.filter.FormContentFilter.doFilterInternal(FormContentFilter.java:93)
	at org.springframework.web.filter.OncePerRequestFilter.doFilter(OncePerRequestFilter.java:116)
	at org.springframework.test.web.servlet.setup.MockMvcFilterDecorator.doFilter(MockMvcFilterDecorator.java:162)
	at org.springframework.mock.web.MockFilterChain.doFilter(MockFilterChain.java:132)
	at org.springframework.web.filter.CharacterEncodingFilter.doFilterInternal(CharacterEncodingFilter.java:201)
	at org.springframework.web.filter.OncePerRequestFilter.doFilter(OncePerRequestFilter.java:116)
	at org.springframework.test.web.servlet.setup.MockMvcFilterDecorator.doFilter(MockMvcFilterDecorator.java:162)
	at org.springframework.mock.web.MockFilterChain.doFilter(MockFilterChain.java:132)
	at org.springframework.test.web.servlet.MockMvc.perform(MockMvc.java:201)
	at com.sprint.mission.discodeit.controller.ChannelControllerTest.updateChannel_Failure_PrivateChannelUpdate(ChannelControllerTest.java:201)
	at java.base/jdk.internal.reflect.NativeMethodAccessorImpl.invoke0(Native Method)
	at java.base/jdk.internal.reflect.NativeMethodAccessorImpl.invoke(NativeMethodAccessorImpl.java:77)
	at java.base/jdk.internal.reflect.DelegatingMethodAccessorImpl.invoke(DelegatingMethodAccessorImpl.java:43)
	at java.base/java.lang.reflect.Method.invoke(Method.java:569)
	at org.junit.platform.commons.util.ReflectionUtils.invokeMethod(ReflectionUtils.java:767)
	at org.junit.jupiter.engine.execution.MethodInvocation.proceed(MethodInvocation.java:60)
	at org.junit.jupiter.engine.execution.InvocationInterceptorChain$ValidatingInvocation.proceed(InvocationInterceptorChain.java:131)
	at org.junit.jupiter.engine.extension.TimeoutExtension.intercept(TimeoutExtension.java:156)
	at org.junit.jupiter.engine.extension.TimeoutExtension.interceptTestableMethod(TimeoutExtension.java:147)
	at org.junit.jupiter.engine.extension.TimeoutExtension.interceptTestMethod(TimeoutExtension.java:86)
	at org.junit.jupiter.engine.execution.InterceptingExecutableInvoker$ReflectiveInterceptorCall.lambda$ofVoidMethod$0(InterceptingExecutableInvoker.java:103)
	at org.junit.jupiter.engine.execution.InterceptingExecutableInvoker.lambda$invoke$0(InterceptingExecutableInvoker.java:93)
	at org.junit.jupiter.engine.execution.InvocationInterceptorChain$InterceptedInvocation.proceed(InvocationInterceptorChain.java:106)
	at org.junit.jupiter.engine.execution.InvocationInterceptorChain.proceed(InvocationInterceptorChain.java:64)
	at org.junit.jupiter.engine.execution.InvocationInterceptorChain.chainAndInvoke(InvocationInterceptorChain.java:45)
	at org.junit.jupiter.engine.execution.InvocationInterceptorChain.invoke(InvocationInterceptorChain.java:37)
	at org.junit.jupiter.engine.execution.InterceptingExecutableInvoker.invoke(InterceptingExecutableInvoker.java:92)
	at org.junit.jupiter.engine.execution.InterceptingExecutableInvoker.invoke(InterceptingExecutableInvoker.java:86)
	at org.junit.jupiter.engine.descriptor.TestMethodTestDescriptor.lambda$invokeTestMethod$8(TestMethodTestDescriptor.java:217)
	at org.junit.platform.engine.support.hierarchical.ThrowableCollector.execute(ThrowableCollector.java:73)
	at org.junit.jupiter.engine.descriptor.TestMethodTestDescriptor.invokeTestMethod(TestMethodTestDescriptor.java:213)
	at org.junit.jupiter.engine.descriptor.TestMethodTestDescriptor.execute(TestMethodTestDescriptor.java:138)
	at org.junit.jupiter.engine.descriptor.TestMethodTestDescriptor.execute(TestMethodTestDescriptor.java:68)
	at org.junit.platform.engine.support.hierarchical.NodeTestTask.lambda$executeRecursively$6(NodeTestTask.java:156)
	at org.junit.platform.engine.support.hierarchical.ThrowableCollector.execute(ThrowableCollector.java:73)
	at org.junit.platform.engine.support.hierarchical.NodeTestTask.lambda$executeRecursively$8(NodeTestTask.java:146)
	at org.junit.platform.engine.support.hierarchical.Node.around(Node.java:137)
	at org.junit.platform.engine.support.hierarchical.NodeTestTask.lambda$executeRecursively$9(NodeTestTask.java:144)
	at org.junit.platform.engine.support.hierarchical.ThrowableCollector.execute(ThrowableCollector.java:73)
	at org.junit.platform.engine.support.hierarchical.NodeTestTask.executeRecursively(NodeTestTask.java:143)
	at org.junit.platform.engine.support.hierarchical.NodeTestTask.execute(NodeTestTask.java:100)
	at java.base/java.util.ArrayList.forEach(ArrayList.java:1511)
	at org.junit.platform.engine.support.hierarchical.SameThreadHierarchicalTestExecutorService.invokeAll(SameThreadHierarchicalTestExecutorService.java:41)
	at org.junit.platform.engine.support.hierarchical.NodeTestTask.lambda$executeRecursively$6(NodeTestTask.java:160)
	at org.junit.platform.engine.support.hierarchical.ThrowableCollector.execute(ThrowableCollector.java:73)
	at org.junit.platform.engine.support.hierarchical.NodeTestTask.lambda$executeRecursively$8(NodeTestTask.java:146)
	at org.junit.platform.engine.support.hierarchical.Node.around(Node.java:137)
	at org.junit.platform.engine.support.hierarchical.NodeTestTask.lambda$executeRecursively$9(NodeTestTask.java:144)
	at org.junit.platform.engine.support.hierarchical.ThrowableCollector.execute(ThrowableCollector.java:73)
	at org.junit.platform.engine.support.hierarchical.NodeTestTask.executeRecursively(NodeTestTask.java:143)
	at org.junit.platform.engine.support.hierarchical.NodeTestTask.execute(NodeTestTask.java:100)
	at java.base/java.util.ArrayList.forEach(ArrayList.java:1511)
	at org.junit.platform.engine.support.hierarchical.SameThreadHierarchicalTestExecutorService.invokeAll(SameThreadHierarchicalTestExecutorService.java:41)
	at org.junit.platform.engine.support.hierarchical.NodeTestTask.lambda$executeRecursively$6(NodeTestTask.java:160)
	at org.junit.platform.engine.support.hierarchical.ThrowableCollector.execute(ThrowableCollector.java:73)
	at org.junit.platform.engine.support.hierarchical.NodeTestTask.lambda$executeRecursively$8(NodeTestTask.java:146)
	at org.junit.platform.engine.support.hierarchical.Node.around(Node.java:137)
	at org.junit.platform.engine.support.hierarchical.NodeTestTask.lambda$executeRecursively$9(NodeTestTask.java:144)
	at org.junit.platform.engine.support.hierarchical.ThrowableCollector.execute(ThrowableCollector.java:73)
	at org.junit.platform.engine.support.hierarchical.NodeTestTask.executeRecursively(NodeTestTask.java:143)
	at org.junit.platform.engine.support.hierarchical.NodeTestTask.execute(NodeTestTask.java:100)
	at org.junit.platform.engine.support.hierarchical.SameThreadHierarchicalTestExecutorService.submit(SameThreadHierarchicalTestExecutorService.java:35)
	at org.junit.platform.engine.support.hierarchical.HierarchicalTestExecutor.execute(HierarchicalTestExecutor.java:57)
	at org.junit.platform.engine.support.hierarchical.HierarchicalTestEngine.execute(HierarchicalTestEngine.java:54)
	at org.junit.platform.launcher.core.EngineExecutionOrchestrator.execute(EngineExecutionOrchestrator.java:198)
	at org.junit.platform.launcher.core.EngineExecutionOrchestrator.execute(EngineExecutionOrchestrator.java:169)
	at org.junit.platform.launcher.core.EngineExecutionOrchestrator.execute(EngineExecutionOrchestrator.java:93)
	at org.junit.platform.launcher.core.EngineExecutionOrchestrator.lambda$execute$0(EngineExecutionOrchestrator.java:58)
	at org.junit.platform.launcher.core.EngineExecutionOrchestrator.withInterceptedStreams(EngineExecutionOrchestrator.java:141)
	at org.junit.platform.launcher.core.EngineExecutionOrchestrator.execute(EngineExecutionOrchestrator.java:57)
	at org.junit.platform.launcher.core.DefaultLauncher.execute(DefaultLauncher.java:103)
	at org.junit.platform.launcher.core.DefaultLauncher.execute(DefaultLauncher.java:85)
	at org.junit.platform.launcher.core.DelegatingLauncher.execute(DelegatingLauncher.java:47)
	at org.gradle.api.internal.tasks.testing.junitplatform.JUnitPlatformTestClassProcessor$CollectAllTestClassesExecutor.processAllTestClasses(JUnitPlatformTestClassProcessor.java:124)
	at org.gradle.api.internal.tasks.testing.junitplatform.JUnitPlatformTestClassProcessor$CollectAllTestClassesExecutor.access$000(JUnitPlatformTestClassProcessor.java:99)
	at org.gradle.api.internal.tasks.testing.junitplatform.JUnitPlatformTestClassProcessor.stop(JUnitPlatformTestClassProcessor.java:94)
	at org.gradle.api.internal.tasks.testing.SuiteTestClassProcessor.stop(SuiteTestClassProcessor.java:63)
	at java.base/jdk.internal.reflect.NativeMethodAccessorImpl.invoke0(Native Method)
	at java.base/jdk.internal.reflect.NativeMethodAccessorImpl.invoke(NativeMethodAccessorImpl.java:77)
	at java.base/jdk.internal.reflect.DelegatingMethodAccessorImpl.invoke(DelegatingMethodAccessorImpl.java:43)
	at java.base/java.lang.reflect.Method.invoke(Method.java:569)
	at org.gradle.internal.dispatch.ReflectionDispatch.dispatch(ReflectionDispatch.java:36)
	at org.gradle.internal.dispatch.ReflectionDispatch.dispatch(ReflectionDispatch.java:24)
	at org.gradle.internal.dispatch.ContextClassLoaderDispatch.dispatch(ContextClassLoaderDispatch.java:33)
	at org.gradle.internal.dispatch.ProxyDispatchAdapter$DispatchingInvocationHandler.invoke(ProxyDispatchAdapter.java:92)
	at jdk.proxy2/jdk.proxy2.$Proxy6.stop(Unknown Source)
	at org.gradle.api.internal.tasks.testing.worker.TestWorker$3.run(TestWorker.java:200)
	at org.gradle.api.internal.tasks.testing.worker.TestWorker.executeAndMaintainThreadName(TestWorker.java:132)
	at org.gradle.api.internal.tasks.testing.worker.TestWorker.execute(TestWorker.java:103)
	at org.gradle.api.internal.tasks.testing.worker.TestWorker.execute(TestWorker.java:63)
	at org.gradle.process.internal.worker.child.ActionExecutionWorker.execute(ActionExecutionWorker.java:56)
	at org.gradle.process.internal.worker.child.SystemApplicationClassLoaderWorker.call(SystemApplicationClassLoaderWorker.java:121)
	at org.gradle.process.internal.worker.child.SystemApplicationClassLoaderWorker.call(SystemApplicationClassLoaderWorker.java:71)
	at worker.org.gradle.process.internal.worker.GradleWorkerMain.run(GradleWorkerMain.java:69)
	at worker.org.gradle.process.internal.worker.GradleWorkerMain.main(GradleWorkerMain.java:74)
25-05-20 14:47:47.523 [Test worker] DEBUG c.s.m.d.config.MDCLoggingInterceptor [eba5dcc1dae54007b84269c784b48fd9 | PATCH | /api/channels/557bc72a-23a0-44cb-94ab-8bcc8e95f386] - Request completed
25-05-20 14:47:47.531 [Test worker] DEBUG c.s.m.d.config.MDCLoggingInterceptor [88ab7c2d6adb45f399b3472ba7f75d69 | POST | /api/channels/public] - Request started
25-05-20 14:47:47.533 [Test worker] INFO  c.s.m.d.controller.ChannelController [88ab7c2d6adb45f399b3472ba7f75d69 | POST | /api/channels/public] - 공개 채널 생성 요청: PublicChannelCreateRequest[name=test-channel, description=채널 설명입니다.]
25-05-20 14:47:47.533 [Test worker] DEBUG c.s.m.d.controller.ChannelController [88ab7c2d6adb45f399b3472ba7f75d69 | POST | /api/channels/public] - 공개 채널 생성 응답: ChannelDto[id=dc039989-ce95-49e7-a520-9883829c5173, type=PUBLIC, name=test-channel, description=채널 설명입니다., participants=[], lastMessageAt=2025-05-20T05:47:47.530742Z]
25-05-20 14:47:47.534 [Test worker] DEBUG c.s.m.d.config.MDCLoggingInterceptor [88ab7c2d6adb45f399b3472ba7f75d69 | POST | /api/channels/public] - Request completed
25-05-20 14:47:47.541 [Test worker] INFO  o.s.t.c.s.AnnotationConfigContextLoaderUtils [ |  | ] - Could not detect default configuration classes for test class [com.sprint.mission.discodeit.controller.MessageControllerTest]: MessageControllerTest does not declare any static, non-private, non-final, nested classes annotated with @Configuration.
25-05-20 14:47:47.553 [Test worker] INFO  o.s.b.t.c.SpringBootTestContextBootstrapper [ |  | ] - Found @SpringBootConfiguration com.sprint.mission.discodeit.DiscodeitApplication for test class com.sprint.mission.discodeit.controller.MessageControllerTest
25-05-20 14:47:47.606 [Test worker] INFO  c.s.m.d.c.MessageControllerTest      [ |  | ] - Starting MessageControllerTest using Java 17.0.14 with PID 56020 (started by jasonheo in /Users/jasonheo/2-sprint-mission)
25-05-20 14:47:47.606 [Test worker] DEBUG c.s.m.d.c.MessageControllerTest      [ |  | ] - Running with Spring Boot v3.4.0, Spring v6.2.0
25-05-20 14:47:47.606 [Test worker] INFO  c.s.m.d.c.MessageControllerTest      [ |  | ] - The following 1 profile is active: "dev"
25-05-20 14:47:47.844 [Test worker] INFO  o.s.b.a.w.s.WelcomePageHandlerMapping [ |  | ] - Adding welcome page: class path resource [static/index.html]
25-05-20 14:47:47.896 [Test worker] INFO  o.s.b.t.m.w.SpringBootMockServletContext [ |  | ] - Initializing Spring TestDispatcherServlet ''
25-05-20 14:47:47.897 [Test worker] INFO  o.s.t.w.s.TestDispatcherServlet      [ |  | ] - Initializing Servlet ''
25-05-20 14:47:47.898 [Test worker] INFO  o.s.t.w.s.TestDispatcherServlet      [ |  | ] - Completed initialization in 1 ms
25-05-20 14:47:47.905 [Test worker] INFO  c.s.m.d.c.MessageControllerTest      [ |  | ] - Started MessageControllerTest in 0.35 seconds (process running for 11.772)
25-05-20 14:47:47.912 [Test worker] DEBUG c.s.m.d.config.MDCLoggingInterceptor [a1f8e61437254452a21cc533942c7782 | GET | /api/messages] - Request started
25-05-20 14:47:47.925 [Test worker] INFO  c.s.m.d.controller.MessageController [a1f8e61437254452a21cc533942c7782 | GET | /api/messages] - 채널별 메시지 목록 조회 요청: channelId=dd46d6ee-950c-48ec-bd77-28528ed4bf07, cursor=2025-05-20T05:47:47.909922Z, pageable=Page request [number: 0, size 50, sort: createdAt: DESC]
25-05-20 14:47:47.926 [Test worker] DEBUG c.s.m.d.controller.MessageController [a1f8e61437254452a21cc533942c7782 | GET | /api/messages] - 채널별 메시지 목록 조회 응답: totalElements=2
25-05-20 14:47:47.935 [Test worker] DEBUG c.s.m.d.config.MDCLoggingInterceptor [a1f8e61437254452a21cc533942c7782 | GET | /api/messages] - Request completed
25-05-20 14:47:47.944 [Test worker] DEBUG c.s.m.d.config.MDCLoggingInterceptor [25cea9a0a8954d839fe15162655e871c | DELETE | /api/messages/2602b052-426b-410d-b93d-2dd9178ed0b4] - Request started
25-05-20 14:47:47.946 [Test worker] INFO  c.s.m.d.controller.MessageController [25cea9a0a8954d839fe15162655e871c | DELETE | /api/messages/2602b052-426b-410d-b93d-2dd9178ed0b4] - 메시지 삭제 요청: id=2602b052-426b-410d-b93d-2dd9178ed0b4
25-05-20 14:47:47.946 [Test worker] DEBUG c.s.m.d.controller.MessageController [25cea9a0a8954d839fe15162655e871c | DELETE | /api/messages/2602b052-426b-410d-b93d-2dd9178ed0b4] - 메시지 삭제 완료
25-05-20 14:47:47.948 [Test worker] DEBUG c.s.m.d.config.MDCLoggingInterceptor [25cea9a0a8954d839fe15162655e871c | DELETE | /api/messages/2602b052-426b-410d-b93d-2dd9178ed0b4] - Request completed
25-05-20 14:47:47.964 [Test worker] DEBUG c.s.m.d.config.MDCLoggingInterceptor [71242f3e9a824359818dbe521b013424 | POST | /api/messages] - Request started
25-05-20 14:47:47.980 [Test worker] INFO  c.s.m.d.controller.MessageController [71242f3e9a824359818dbe521b013424 | POST | /api/messages] - 메시지 생성 요청: request=MessageCreateRequest[content=안녕하세요, 테스트 메시지입니다., channelId=7e728b0f-cc9b-457b-8f66-f3810203aa47, authorId=48fd61ad-e6f8-4a86-b988-064f584ff0c9], attachmentCount=1
25-05-20 14:47:47.983 [Test worker] DEBUG c.s.m.d.controller.MessageController [71242f3e9a824359818dbe521b013424 | POST | /api/messages] - 메시지 생성 응답: MessageDto[id=09cebd69-19b7-4a60-bc45-a16889c354fa, createdAt=2025-05-20T05:47:47.956044Z, updatedAt=2025-05-20T05:47:47.956044Z, content=안녕하세요, 테스트 메시지입니다., channelId=7e728b0f-cc9b-457b-8f66-f3810203aa47, author=UserDto[id=48fd61ad-e6f8-4a86-b988-064f584ff0c9, username=testuser, email=test@example.com, profile=null, online=true], attachments=[BinaryContentDto[id=7091e23d-7ece-4b3a-bcf7-82d393158000, fileName=test.jpg, size=10, contentType=image/jpeg]]]
25-05-20 14:47:48.000 [Test worker] DEBUG c.s.m.d.config.MDCLoggingInterceptor [71242f3e9a824359818dbe521b013424 | POST | /api/messages] - Request completed
25-05-20 14:47:48.010 [Test worker] DEBUG c.s.m.d.config.MDCLoggingInterceptor [b72a16d2d6de4b3c96b48b940460caee | DELETE | /api/messages/cece36b6-2034-413b-a9d1-729f6ff72e35] - Request started
25-05-20 14:47:48.011 [Test worker] INFO  c.s.m.d.controller.MessageController [b72a16d2d6de4b3c96b48b940460caee | DELETE | /api/messages/cece36b6-2034-413b-a9d1-729f6ff72e35] - 메시지 삭제 요청: id=cece36b6-2034-413b-a9d1-729f6ff72e35
25-05-20 14:47:48.015 [Test worker] ERROR c.s.m.d.e.GlobalExceptionHandler     [b72a16d2d6de4b3c96b48b940460caee | DELETE | /api/messages/cece36b6-2034-413b-a9d1-729f6ff72e35] - 커스텀 예외 발생: code=MESSAGE_NOT_FOUND, message=메시지를 찾을 수 없습니다.
com.sprint.mission.discodeit.exception.message.MessageNotFoundException: 메시지를 찾을 수 없습니다.
	at com.sprint.mission.discodeit.controller.MessageController.delete(MessageController.java:90)
	at java.base/jdk.internal.reflect.NativeMethodAccessorImpl.invoke0(Native Method)
	at java.base/jdk.internal.reflect.NativeMethodAccessorImpl.invoke(NativeMethodAccessorImpl.java:77)
	at java.base/jdk.internal.reflect.DelegatingMethodAccessorImpl.invoke(DelegatingMethodAccessorImpl.java:43)
	at java.base/java.lang.reflect.Method.invoke(Method.java:569)
	at org.springframework.web.method.support.InvocableHandlerMethod.doInvoke(InvocableHandlerMethod.java:255)
	at org.springframework.web.method.support.InvocableHandlerMethod.invokeForRequest(InvocableHandlerMethod.java:188)
	at org.springframework.web.servlet.mvc.method.annotation.ServletInvocableHandlerMethod.invokeAndHandle(ServletInvocableHandlerMethod.java:118)
	at org.springframework.web.servlet.mvc.method.annotation.RequestMappingHandlerAdapter.invokeHandlerMethod(RequestMappingHandlerAdapter.java:986)
	at org.springframework.web.servlet.mvc.method.annotation.RequestMappingHandlerAdapter.handleInternal(RequestMappingHandlerAdapter.java:891)
	at org.springframework.web.servlet.mvc.method.AbstractHandlerMethodAdapter.handle(AbstractHandlerMethodAdapter.java:87)
	at org.springframework.web.servlet.DispatcherServlet.doDispatch(DispatcherServlet.java:1088)
	at org.springframework.web.servlet.DispatcherServlet.doService(DispatcherServlet.java:978)
	at org.springframework.web.servlet.FrameworkServlet.processRequest(FrameworkServlet.java:1014)
	at org.springframework.web.servlet.FrameworkServlet.doDelete(FrameworkServlet.java:936)
	at jakarta.servlet.http.HttpServlet.service(HttpServlet.java:596)
	at org.springframework.web.servlet.FrameworkServlet.service(FrameworkServlet.java:885)
	at org.springframework.test.web.servlet.TestDispatcherServlet.service(TestDispatcherServlet.java:72)
	at jakarta.servlet.http.HttpServlet.service(HttpServlet.java:658)
	at org.springframework.mock.web.MockFilterChain$ServletFilterProxy.doFilter(MockFilterChain.java:165)
	at org.springframework.mock.web.MockFilterChain.doFilter(MockFilterChain.java:132)
	at org.springframework.web.filter.RequestContextFilter.doFilterInternal(RequestContextFilter.java:100)
	at org.springframework.web.filter.OncePerRequestFilter.doFilter(OncePerRequestFilter.java:116)
	at org.springframework.test.web.servlet.setup.MockMvcFilterDecorator.doFilter(MockMvcFilterDecorator.java:162)
	at org.springframework.mock.web.MockFilterChain.doFilter(MockFilterChain.java:132)
	at org.springframework.web.filter.FormContentFilter.doFilterInternal(FormContentFilter.java:93)
	at org.springframework.web.filter.OncePerRequestFilter.doFilter(OncePerRequestFilter.java:116)
	at org.springframework.test.web.servlet.setup.MockMvcFilterDecorator.doFilter(MockMvcFilterDecorator.java:162)
	at org.springframework.mock.web.MockFilterChain.doFilter(MockFilterChain.java:132)
	at org.springframework.web.filter.CharacterEncodingFilter.doFilterInternal(CharacterEncodingFilter.java:201)
	at org.springframework.web.filter.OncePerRequestFilter.doFilter(OncePerRequestFilter.java:116)
	at org.springframework.test.web.servlet.setup.MockMvcFilterDecorator.doFilter(MockMvcFilterDecorator.java:162)
	at org.springframework.mock.web.MockFilterChain.doFilter(MockFilterChain.java:132)
	at org.springframework.test.web.servlet.MockMvc.perform(MockMvc.java:201)
	at com.sprint.mission.discodeit.controller.MessageControllerTest.deleteMessage_Failure_MessageNotFound(MessageControllerTest.java:235)
	at java.base/jdk.internal.reflect.NativeMethodAccessorImpl.invoke0(Native Method)
	at java.base/jdk.internal.reflect.NativeMethodAccessorImpl.invoke(NativeMethodAccessorImpl.java:77)
	at java.base/jdk.internal.reflect.DelegatingMethodAccessorImpl.invoke(DelegatingMethodAccessorImpl.java:43)
	at java.base/java.lang.reflect.Method.invoke(Method.java:569)
	at org.junit.platform.commons.util.ReflectionUtils.invokeMethod(ReflectionUtils.java:767)
	at org.junit.jupiter.engine.execution.MethodInvocation.proceed(MethodInvocation.java:60)
	at org.junit.jupiter.engine.execution.InvocationInterceptorChain$ValidatingInvocation.proceed(InvocationInterceptorChain.java:131)
	at org.junit.jupiter.engine.extension.TimeoutExtension.intercept(TimeoutExtension.java:156)
	at org.junit.jupiter.engine.extension.TimeoutExtension.interceptTestableMethod(TimeoutExtension.java:147)
	at org.junit.jupiter.engine.extension.TimeoutExtension.interceptTestMethod(TimeoutExtension.java:86)
	at org.junit.jupiter.engine.execution.InterceptingExecutableInvoker$ReflectiveInterceptorCall.lambda$ofVoidMethod$0(InterceptingExecutableInvoker.java:103)
	at org.junit.jupiter.engine.execution.InterceptingExecutableInvoker.lambda$invoke$0(InterceptingExecutableInvoker.java:93)
	at org.junit.jupiter.engine.execution.InvocationInterceptorChain$InterceptedInvocation.proceed(InvocationInterceptorChain.java:106)
	at org.junit.jupiter.engine.execution.InvocationInterceptorChain.proceed(InvocationInterceptorChain.java:64)
	at org.junit.jupiter.engine.execution.InvocationInterceptorChain.chainAndInvoke(InvocationInterceptorChain.java:45)
	at org.junit.jupiter.engine.execution.InvocationInterceptorChain.invoke(InvocationInterceptorChain.java:37)
	at org.junit.jupiter.engine.execution.InterceptingExecutableInvoker.invoke(InterceptingExecutableInvoker.java:92)
	at org.junit.jupiter.engine.execution.InterceptingExecutableInvoker.invoke(InterceptingExecutableInvoker.java:86)
	at org.junit.jupiter.engine.descriptor.TestMethodTestDescriptor.lambda$invokeTestMethod$8(TestMethodTestDescriptor.java:217)
	at org.junit.platform.engine.support.hierarchical.ThrowableCollector.execute(ThrowableCollector.java:73)
	at org.junit.jupiter.engine.descriptor.TestMethodTestDescriptor.invokeTestMethod(TestMethodTestDescriptor.java:213)
	at org.junit.jupiter.engine.descriptor.TestMethodTestDescriptor.execute(TestMethodTestDescriptor.java:138)
	at org.junit.jupiter.engine.descriptor.TestMethodTestDescriptor.execute(TestMethodTestDescriptor.java:68)
	at org.junit.platform.engine.support.hierarchical.NodeTestTask.lambda$executeRecursively$6(NodeTestTask.java:156)
	at org.junit.platform.engine.support.hierarchical.ThrowableCollector.execute(ThrowableCollector.java:73)
	at org.junit.platform.engine.support.hierarchical.NodeTestTask.lambda$executeRecursively$8(NodeTestTask.java:146)
	at org.junit.platform.engine.support.hierarchical.Node.around(Node.java:137)
	at org.junit.platform.engine.support.hierarchical.NodeTestTask.lambda$executeRecursively$9(NodeTestTask.java:144)
	at org.junit.platform.engine.support.hierarchical.ThrowableCollector.execute(ThrowableCollector.java:73)
	at org.junit.platform.engine.support.hierarchical.NodeTestTask.executeRecursively(NodeTestTask.java:143)
	at org.junit.platform.engine.support.hierarchical.NodeTestTask.execute(NodeTestTask.java:100)
	at java.base/java.util.ArrayList.forEach(ArrayList.java:1511)
	at org.junit.platform.engine.support.hierarchical.SameThreadHierarchicalTestExecutorService.invokeAll(SameThreadHierarchicalTestExecutorService.java:41)
	at org.junit.platform.engine.support.hierarchical.NodeTestTask.lambda$executeRecursively$6(NodeTestTask.java:160)
	at org.junit.platform.engine.support.hierarchical.ThrowableCollector.execute(ThrowableCollector.java:73)
	at org.junit.platform.engine.support.hierarchical.NodeTestTask.lambda$executeRecursively$8(NodeTestTask.java:146)
	at org.junit.platform.engine.support.hierarchical.Node.around(Node.java:137)
	at org.junit.platform.engine.support.hierarchical.NodeTestTask.lambda$executeRecursively$9(NodeTestTask.java:144)
	at org.junit.platform.engine.support.hierarchical.ThrowableCollector.execute(ThrowableCollector.java:73)
	at org.junit.platform.engine.support.hierarchical.NodeTestTask.executeRecursively(NodeTestTask.java:143)
	at org.junit.platform.engine.support.hierarchical.NodeTestTask.execute(NodeTestTask.java:100)
	at java.base/java.util.ArrayList.forEach(ArrayList.java:1511)
	at org.junit.platform.engine.support.hierarchical.SameThreadHierarchicalTestExecutorService.invokeAll(SameThreadHierarchicalTestExecutorService.java:41)
	at org.junit.platform.engine.support.hierarchical.NodeTestTask.lambda$executeRecursively$6(NodeTestTask.java:160)
	at org.junit.platform.engine.support.hierarchical.ThrowableCollector.execute(ThrowableCollector.java:73)
	at org.junit.platform.engine.support.hierarchical.NodeTestTask.lambda$executeRecursively$8(NodeTestTask.java:146)
	at org.junit.platform.engine.support.hierarchical.Node.around(Node.java:137)
	at org.junit.platform.engine.support.hierarchical.NodeTestTask.lambda$executeRecursively$9(NodeTestTask.java:144)
	at org.junit.platform.engine.support.hierarchical.ThrowableCollector.execute(ThrowableCollector.java:73)
	at org.junit.platform.engine.support.hierarchical.NodeTestTask.executeRecursively(NodeTestTask.java:143)
	at org.junit.platform.engine.support.hierarchical.NodeTestTask.execute(NodeTestTask.java:100)
	at org.junit.platform.engine.support.hierarchical.SameThreadHierarchicalTestExecutorService.submit(SameThreadHierarchicalTestExecutorService.java:35)
	at org.junit.platform.engine.support.hierarchical.HierarchicalTestExecutor.execute(HierarchicalTestExecutor.java:57)
	at org.junit.platform.engine.support.hierarchical.HierarchicalTestEngine.execute(HierarchicalTestEngine.java:54)
	at org.junit.platform.launcher.core.EngineExecutionOrchestrator.execute(EngineExecutionOrchestrator.java:198)
	at org.junit.platform.launcher.core.EngineExecutionOrchestrator.execute(EngineExecutionOrchestrator.java:169)
	at org.junit.platform.launcher.core.EngineExecutionOrchestrator.execute(EngineExecutionOrchestrator.java:93)
	at org.junit.platform.launcher.core.EngineExecutionOrchestrator.lambda$execute$0(EngineExecutionOrchestrator.java:58)
	at org.junit.platform.launcher.core.EngineExecutionOrchestrator.withInterceptedStreams(EngineExecutionOrchestrator.java:141)
	at org.junit.platform.launcher.core.EngineExecutionOrchestrator.execute(EngineExecutionOrchestrator.java:57)
	at org.junit.platform.launcher.core.DefaultLauncher.execute(DefaultLauncher.java:103)
	at org.junit.platform.launcher.core.DefaultLauncher.execute(DefaultLauncher.java:85)
	at org.junit.platform.launcher.core.DelegatingLauncher.execute(DelegatingLauncher.java:47)
	at org.gradle.api.internal.tasks.testing.junitplatform.JUnitPlatformTestClassProcessor$CollectAllTestClassesExecutor.processAllTestClasses(JUnitPlatformTestClassProcessor.java:124)
	at org.gradle.api.internal.tasks.testing.junitplatform.JUnitPlatformTestClassProcessor$CollectAllTestClassesExecutor.access$000(JUnitPlatformTestClassProcessor.java:99)
	at org.gradle.api.internal.tasks.testing.junitplatform.JUnitPlatformTestClassProcessor.stop(JUnitPlatformTestClassProcessor.java:94)
	at org.gradle.api.internal.tasks.testing.SuiteTestClassProcessor.stop(SuiteTestClassProcessor.java:63)
	at java.base/jdk.internal.reflect.NativeMethodAccessorImpl.invoke0(Native Method)
	at java.base/jdk.internal.reflect.NativeMethodAccessorImpl.invoke(NativeMethodAccessorImpl.java:77)
	at java.base/jdk.internal.reflect.DelegatingMethodAccessorImpl.invoke(DelegatingMethodAccessorImpl.java:43)
	at java.base/java.lang.reflect.Method.invoke(Method.java:569)
	at org.gradle.internal.dispatch.ReflectionDispatch.dispatch(ReflectionDispatch.java:36)
	at org.gradle.internal.dispatch.ReflectionDispatch.dispatch(ReflectionDispatch.java:24)
	at org.gradle.internal.dispatch.ContextClassLoaderDispatch.dispatch(ContextClassLoaderDispatch.java:33)
	at org.gradle.internal.dispatch.ProxyDispatchAdapter$DispatchingInvocationHandler.invoke(ProxyDispatchAdapter.java:92)
	at jdk.proxy2/jdk.proxy2.$Proxy6.stop(Unknown Source)
	at org.gradle.api.internal.tasks.testing.worker.TestWorker$3.run(TestWorker.java:200)
	at org.gradle.api.internal.tasks.testing.worker.TestWorker.executeAndMaintainThreadName(TestWorker.java:132)
	at org.gradle.api.internal.tasks.testing.worker.TestWorker.execute(TestWorker.java:103)
	at org.gradle.api.internal.tasks.testing.worker.TestWorker.execute(TestWorker.java:63)
	at org.gradle.process.internal.worker.child.ActionExecutionWorker.execute(ActionExecutionWorker.java:56)
	at org.gradle.process.internal.worker.child.SystemApplicationClassLoaderWorker.call(SystemApplicationClassLoaderWorker.java:121)
	at org.gradle.process.internal.worker.child.SystemApplicationClassLoaderWorker.call(SystemApplicationClassLoaderWorker.java:71)
	at worker.org.gradle.process.internal.worker.GradleWorkerMain.run(GradleWorkerMain.java:69)
	at worker.org.gradle.process.internal.worker.GradleWorkerMain.main(GradleWorkerMain.java:74)
25-05-20 14:47:48.029 [Test worker] DEBUG c.s.m.d.config.MDCLoggingInterceptor [b72a16d2d6de4b3c96b48b940460caee | DELETE | /api/messages/cece36b6-2034-413b-a9d1-729f6ff72e35] - Request completed
25-05-20 14:47:48.040 [Test worker] DEBUG c.s.m.d.config.MDCLoggingInterceptor [9263c94093684e6390cd8f37989ec0a4 | PATCH | /api/messages/b1570d7e-667b-4010-9e33-f3d0387e6f8e] - Request started
25-05-20 14:47:48.045 [Test worker] INFO  c.s.m.d.controller.MessageController [9263c94093684e6390cd8f37989ec0a4 | PATCH | /api/messages/b1570d7e-667b-4010-9e33-f3d0387e6f8e] - 메시지 수정 요청: id=b1570d7e-667b-4010-9e33-f3d0387e6f8e, request=MessageUpdateRequest[newContent=수정된 메시지 내용입니다.]
25-05-20 14:47:48.046 [Test worker] ERROR c.s.m.d.e.GlobalExceptionHandler     [9263c94093684e6390cd8f37989ec0a4 | PATCH | /api/messages/b1570d7e-667b-4010-9e33-f3d0387e6f8e] - 커스텀 예외 발생: code=MESSAGE_NOT_FOUND, message=메시지를 찾을 수 없습니다.
com.sprint.mission.discodeit.exception.message.MessageNotFoundException: 메시지를 찾을 수 없습니다.
	at com.sprint.mission.discodeit.controller.MessageController.update(MessageController.java:80)
	at java.base/jdk.internal.reflect.NativeMethodAccessorImpl.invoke0(Native Method)
	at java.base/jdk.internal.reflect.NativeMethodAccessorImpl.invoke(NativeMethodAccessorImpl.java:77)
	at java.base/jdk.internal.reflect.DelegatingMethodAccessorImpl.invoke(DelegatingMethodAccessorImpl.java:43)
	at java.base/java.lang.reflect.Method.invoke(Method.java:569)
	at org.springframework.web.method.support.InvocableHandlerMethod.doInvoke(InvocableHandlerMethod.java:255)
	at org.springframework.web.method.support.InvocableHandlerMethod.invokeForRequest(InvocableHandlerMethod.java:188)
	at org.springframework.web.servlet.mvc.method.annotation.ServletInvocableHandlerMethod.invokeAndHandle(ServletInvocableHandlerMethod.java:118)
	at org.springframework.web.servlet.mvc.method.annotation.RequestMappingHandlerAdapter.invokeHandlerMethod(RequestMappingHandlerAdapter.java:986)
	at org.springframework.web.servlet.mvc.method.annotation.RequestMappingHandlerAdapter.handleInternal(RequestMappingHandlerAdapter.java:891)
	at org.springframework.web.servlet.mvc.method.AbstractHandlerMethodAdapter.handle(AbstractHandlerMethodAdapter.java:87)
	at org.springframework.web.servlet.DispatcherServlet.doDispatch(DispatcherServlet.java:1088)
	at org.springframework.web.servlet.DispatcherServlet.doService(DispatcherServlet.java:978)
	at org.springframework.web.servlet.FrameworkServlet.processRequest(FrameworkServlet.java:1014)
	at org.springframework.web.servlet.FrameworkServlet.service(FrameworkServlet.java:888)
	at org.springframework.test.web.servlet.TestDispatcherServlet.service(TestDispatcherServlet.java:72)
	at jakarta.servlet.http.HttpServlet.service(HttpServlet.java:658)
	at org.springframework.mock.web.MockFilterChain$ServletFilterProxy.doFilter(MockFilterChain.java:165)
	at org.springframework.mock.web.MockFilterChain.doFilter(MockFilterChain.java:132)
	at org.springframework.web.filter.RequestContextFilter.doFilterInternal(RequestContextFilter.java:100)
	at org.springframework.web.filter.OncePerRequestFilter.doFilter(OncePerRequestFilter.java:116)
	at org.springframework.test.web.servlet.setup.MockMvcFilterDecorator.doFilter(MockMvcFilterDecorator.java:162)
	at org.springframework.mock.web.MockFilterChain.doFilter(MockFilterChain.java:132)
	at org.springframework.web.filter.FormContentFilter.doFilterInternal(FormContentFilter.java:93)
	at org.springframework.web.filter.OncePerRequestFilter.doFilter(OncePerRequestFilter.java:116)
	at org.springframework.test.web.servlet.setup.MockMvcFilterDecorator.doFilter(MockMvcFilterDecorator.java:162)
	at org.springframework.mock.web.MockFilterChain.doFilter(MockFilterChain.java:132)
	at org.springframework.web.filter.CharacterEncodingFilter.doFilterInternal(CharacterEncodingFilter.java:201)
	at org.springframework.web.filter.OncePerRequestFilter.doFilter(OncePerRequestFilter.java:116)
	at org.springframework.test.web.servlet.setup.MockMvcFilterDecorator.doFilter(MockMvcFilterDecorator.java:162)
	at org.springframework.mock.web.MockFilterChain.doFilter(MockFilterChain.java:132)
	at org.springframework.test.web.servlet.MockMvc.perform(MockMvc.java:201)
	at com.sprint.mission.discodeit.controller.MessageControllerTest.updateMessage_Failure_MessageNotFound(MessageControllerTest.java:207)
	at java.base/jdk.internal.reflect.NativeMethodAccessorImpl.invoke0(Native Method)
	at java.base/jdk.internal.reflect.NativeMethodAccessorImpl.invoke(NativeMethodAccessorImpl.java:77)
	at java.base/jdk.internal.reflect.DelegatingMethodAccessorImpl.invoke(DelegatingMethodAccessorImpl.java:43)
	at java.base/java.lang.reflect.Method.invoke(Method.java:569)
	at org.junit.platform.commons.util.ReflectionUtils.invokeMethod(ReflectionUtils.java:767)
	at org.junit.jupiter.engine.execution.MethodInvocation.proceed(MethodInvocation.java:60)
	at org.junit.jupiter.engine.execution.InvocationInterceptorChain$ValidatingInvocation.proceed(InvocationInterceptorChain.java:131)
	at org.junit.jupiter.engine.extension.TimeoutExtension.intercept(TimeoutExtension.java:156)
	at org.junit.jupiter.engine.extension.TimeoutExtension.interceptTestableMethod(TimeoutExtension.java:147)
	at org.junit.jupiter.engine.extension.TimeoutExtension.interceptTestMethod(TimeoutExtension.java:86)
	at org.junit.jupiter.engine.execution.InterceptingExecutableInvoker$ReflectiveInterceptorCall.lambda$ofVoidMethod$0(InterceptingExecutableInvoker.java:103)
	at org.junit.jupiter.engine.execution.InterceptingExecutableInvoker.lambda$invoke$0(InterceptingExecutableInvoker.java:93)
	at org.junit.jupiter.engine.execution.InvocationInterceptorChain$InterceptedInvocation.proceed(InvocationInterceptorChain.java:106)
	at org.junit.jupiter.engine.execution.InvocationInterceptorChain.proceed(InvocationInterceptorChain.java:64)
	at org.junit.jupiter.engine.execution.InvocationInterceptorChain.chainAndInvoke(InvocationInterceptorChain.java:45)
	at org.junit.jupiter.engine.execution.InvocationInterceptorChain.invoke(InvocationInterceptorChain.java:37)
	at org.junit.jupiter.engine.execution.InterceptingExecutableInvoker.invoke(InterceptingExecutableInvoker.java:92)
	at org.junit.jupiter.engine.execution.InterceptingExecutableInvoker.invoke(InterceptingExecutableInvoker.java:86)
	at org.junit.jupiter.engine.descriptor.TestMethodTestDescriptor.lambda$invokeTestMethod$8(TestMethodTestDescriptor.java:217)
	at org.junit.platform.engine.support.hierarchical.ThrowableCollector.execute(ThrowableCollector.java:73)
	at org.junit.jupiter.engine.descriptor.TestMethodTestDescriptor.invokeTestMethod(TestMethodTestDescriptor.java:213)
	at org.junit.jupiter.engine.descriptor.TestMethodTestDescriptor.execute(TestMethodTestDescriptor.java:138)
	at org.junit.jupiter.engine.descriptor.TestMethodTestDescriptor.execute(TestMethodTestDescriptor.java:68)
	at org.junit.platform.engine.support.hierarchical.NodeTestTask.lambda$executeRecursively$6(NodeTestTask.java:156)
	at org.junit.platform.engine.support.hierarchical.ThrowableCollector.execute(ThrowableCollector.java:73)
	at org.junit.platform.engine.support.hierarchical.NodeTestTask.lambda$executeRecursively$8(NodeTestTask.java:146)
	at org.junit.platform.engine.support.hierarchical.Node.around(Node.java:137)
	at org.junit.platform.engine.support.hierarchical.NodeTestTask.lambda$executeRecursively$9(NodeTestTask.java:144)
	at org.junit.platform.engine.support.hierarchical.ThrowableCollector.execute(ThrowableCollector.java:73)
	at org.junit.platform.engine.support.hierarchical.NodeTestTask.executeRecursively(NodeTestTask.java:143)
	at org.junit.platform.engine.support.hierarchical.NodeTestTask.execute(NodeTestTask.java:100)
	at java.base/java.util.ArrayList.forEach(ArrayList.java:1511)
	at org.junit.platform.engine.support.hierarchical.SameThreadHierarchicalTestExecutorService.invokeAll(SameThreadHierarchicalTestExecutorService.java:41)
	at org.junit.platform.engine.support.hierarchical.NodeTestTask.lambda$executeRecursively$6(NodeTestTask.java:160)
	at org.junit.platform.engine.support.hierarchical.ThrowableCollector.execute(ThrowableCollector.java:73)
	at org.junit.platform.engine.support.hierarchical.NodeTestTask.lambda$executeRecursively$8(NodeTestTask.java:146)
	at org.junit.platform.engine.support.hierarchical.Node.around(Node.java:137)
	at org.junit.platform.engine.support.hierarchical.NodeTestTask.lambda$executeRecursively$9(NodeTestTask.java:144)
	at org.junit.platform.engine.support.hierarchical.ThrowableCollector.execute(ThrowableCollector.java:73)
	at org.junit.platform.engine.support.hierarchical.NodeTestTask.executeRecursively(NodeTestTask.java:143)
	at org.junit.platform.engine.support.hierarchical.NodeTestTask.execute(NodeTestTask.java:100)
	at java.base/java.util.ArrayList.forEach(ArrayList.java:1511)
	at org.junit.platform.engine.support.hierarchical.SameThreadHierarchicalTestExecutorService.invokeAll(SameThreadHierarchicalTestExecutorService.java:41)
	at org.junit.platform.engine.support.hierarchical.NodeTestTask.lambda$executeRecursively$6(NodeTestTask.java:160)
	at org.junit.platform.engine.support.hierarchical.ThrowableCollector.execute(ThrowableCollector.java:73)
	at org.junit.platform.engine.support.hierarchical.NodeTestTask.lambda$executeRecursively$8(NodeTestTask.java:146)
	at org.junit.platform.engine.support.hierarchical.Node.around(Node.java:137)
	at org.junit.platform.engine.support.hierarchical.NodeTestTask.lambda$executeRecursively$9(NodeTestTask.java:144)
	at org.junit.platform.engine.support.hierarchical.ThrowableCollector.execute(ThrowableCollector.java:73)
	at org.junit.platform.engine.support.hierarchical.NodeTestTask.executeRecursively(NodeTestTask.java:143)
	at org.junit.platform.engine.support.hierarchical.NodeTestTask.execute(NodeTestTask.java:100)
	at org.junit.platform.engine.support.hierarchical.SameThreadHierarchicalTestExecutorService.submit(SameThreadHierarchicalTestExecutorService.java:35)
	at org.junit.platform.engine.support.hierarchical.HierarchicalTestExecutor.execute(HierarchicalTestExecutor.java:57)
	at org.junit.platform.engine.support.hierarchical.HierarchicalTestEngine.execute(HierarchicalTestEngine.java:54)
	at org.junit.platform.launcher.core.EngineExecutionOrchestrator.execute(EngineExecutionOrchestrator.java:198)
	at org.junit.platform.launcher.core.EngineExecutionOrchestrator.execute(EngineExecutionOrchestrator.java:169)
	at org.junit.platform.launcher.core.EngineExecutionOrchestrator.execute(EngineExecutionOrchestrator.java:93)
	at org.junit.platform.launcher.core.EngineExecutionOrchestrator.lambda$execute$0(EngineExecutionOrchestrator.java:58)
	at org.junit.platform.launcher.core.EngineExecutionOrchestrator.withInterceptedStreams(EngineExecutionOrchestrator.java:141)
	at org.junit.platform.launcher.core.EngineExecutionOrchestrator.execute(EngineExecutionOrchestrator.java:57)
	at org.junit.platform.launcher.core.DefaultLauncher.execute(DefaultLauncher.java:103)
	at org.junit.platform.launcher.core.DefaultLauncher.execute(DefaultLauncher.java:85)
	at org.junit.platform.launcher.core.DelegatingLauncher.execute(DelegatingLauncher.java:47)
	at org.gradle.api.internal.tasks.testing.junitplatform.JUnitPlatformTestClassProcessor$CollectAllTestClassesExecutor.processAllTestClasses(JUnitPlatformTestClassProcessor.java:124)
	at org.gradle.api.internal.tasks.testing.junitplatform.JUnitPlatformTestClassProcessor$CollectAllTestClassesExecutor.access$000(JUnitPlatformTestClassProcessor.java:99)
	at org.gradle.api.internal.tasks.testing.junitplatform.JUnitPlatformTestClassProcessor.stop(JUnitPlatformTestClassProcessor.java:94)
	at org.gradle.api.internal.tasks.testing.SuiteTestClassProcessor.stop(SuiteTestClassProcessor.java:63)
	at java.base/jdk.internal.reflect.NativeMethodAccessorImpl.invoke0(Native Method)
	at java.base/jdk.internal.reflect.NativeMethodAccessorImpl.invoke(NativeMethodAccessorImpl.java:77)
	at java.base/jdk.internal.reflect.DelegatingMethodAccessorImpl.invoke(DelegatingMethodAccessorImpl.java:43)
	at java.base/java.lang.reflect.Method.invoke(Method.java:569)
	at org.gradle.internal.dispatch.ReflectionDispatch.dispatch(ReflectionDispatch.java:36)
	at org.gradle.internal.dispatch.ReflectionDispatch.dispatch(ReflectionDispatch.java:24)
	at org.gradle.internal.dispatch.ContextClassLoaderDispatch.dispatch(ContextClassLoaderDispatch.java:33)
	at org.gradle.internal.dispatch.ProxyDispatchAdapter$DispatchingInvocationHandler.invoke(ProxyDispatchAdapter.java:92)
	at jdk.proxy2/jdk.proxy2.$Proxy6.stop(Unknown Source)
	at org.gradle.api.internal.tasks.testing.worker.TestWorker$3.run(TestWorker.java:200)
	at org.gradle.api.internal.tasks.testing.worker.TestWorker.executeAndMaintainThreadName(TestWorker.java:132)
	at org.gradle.api.internal.tasks.testing.worker.TestWorker.execute(TestWorker.java:103)
	at org.gradle.api.internal.tasks.testing.worker.TestWorker.execute(TestWorker.java:63)
	at org.gradle.process.internal.worker.child.ActionExecutionWorker.execute(ActionExecutionWorker.java:56)
	at org.gradle.process.internal.worker.child.SystemApplicationClassLoaderWorker.call(SystemApplicationClassLoaderWorker.java:121)
	at org.gradle.process.internal.worker.child.SystemApplicationClassLoaderWorker.call(SystemApplicationClassLoaderWorker.java:71)
	at worker.org.gradle.process.internal.worker.GradleWorkerMain.run(GradleWorkerMain.java:69)
	at worker.org.gradle.process.internal.worker.GradleWorkerMain.main(GradleWorkerMain.java:74)
25-05-20 14:47:48.054 [Test worker] DEBUG c.s.m.d.config.MDCLoggingInterceptor [9263c94093684e6390cd8f37989ec0a4 | PATCH | /api/messages/b1570d7e-667b-4010-9e33-f3d0387e6f8e] - Request completed
25-05-20 14:47:48.066 [Test worker] DEBUG c.s.m.d.config.MDCLoggingInterceptor [d632cffa84e34738a6b09cb1f4186096 | PATCH | /api/messages/24612f76-aba5-4dd8-be65-b10f519735c2] - Request started
25-05-20 14:47:48.068 [Test worker] INFO  c.s.m.d.controller.MessageController [d632cffa84e34738a6b09cb1f4186096 | PATCH | /api/messages/24612f76-aba5-4dd8-be65-b10f519735c2] - 메시지 수정 요청: id=24612f76-aba5-4dd8-be65-b10f519735c2, request=MessageUpdateRequest[newContent=수정된 메시지 내용입니다.]
25-05-20 14:47:48.069 [Test worker] DEBUG c.s.m.d.controller.MessageController [d632cffa84e34738a6b09cb1f4186096 | PATCH | /api/messages/24612f76-aba5-4dd8-be65-b10f519735c2] - 메시지 수정 응답: MessageDto[id=24612f76-aba5-4dd8-be65-b10f519735c2, createdAt=2025-05-20T05:46:48.064643Z, updatedAt=2025-05-20T05:47:48.064643Z, content=수정된 메시지 내용입니다., channelId=b5fecd49-1562-41d8-849a-4067aa51399f, author=UserDto[id=557aaa32-2f69-4d64-aa82-770e3eb838df, username=testuser, email=test@example.com, profile=null, online=true], attachments=[]]
25-05-20 14:47:48.070 [Test worker] DEBUG c.s.m.d.config.MDCLoggingInterceptor [d632cffa84e34738a6b09cb1f4186096 | PATCH | /api/messages/24612f76-aba5-4dd8-be65-b10f519735c2] - Request completed
25-05-20 14:47:48.080 [Test worker] DEBUG c.s.m.d.config.MDCLoggingInterceptor [097e8849c9434cf59475ff5c031bb978 | POST | /api/messages] - Request started
25-05-20 14:47:48.085 [Test worker] ERROR c.s.m.d.e.GlobalExceptionHandler     [097e8849c9434cf59475ff5c031bb978 | POST | /api/messages] - 요청 유효성 검사 실패: Validation failed for argument [0] in public org.springframework.http.ResponseEntity<com.sprint.mission.discodeit.dto.data.MessageDto> com.sprint.mission.discodeit.controller.MessageController.create(com.sprint.mission.discodeit.dto.request.MessageCreateRequest,java.util.List<org.springframework.web.multipart.MultipartFile>) with 3 errors: [Field error in object 'messageCreateRequest' on field 'content': rejected value []; codes [NotBlank.messageCreateRequest.content,NotBlank.content,NotBlank.java.lang.String,NotBlank]; arguments [org.springframework.context.support.DefaultMessageSourceResolvable: codes [messageCreateRequest.content,content]; arguments []; default message [content]]; default message [메시지 내용은 필수입니다]] [Field error in object 'messageCreateRequest' on field 'channelId': rejected value [null]; codes [NotNull.messageCreateRequest.channelId,NotNull.channelId,NotNull.java.util.UUID,NotNull]; arguments [org.springframework.context.support.DefaultMessageSourceResolvable: codes [messageCreateRequest.channelId,channelId]; arguments []; default message [channelId]]; default message [채널 ID는 필수입니다]] [Field error in object 'messageCreateRequest' on field 'authorId': rejected value [null]; codes [NotNull.messageCreateRequest.authorId,NotNull.authorId,NotNull.java.util.UUID,NotNull]; arguments [org.springframework.context.support.DefaultMessageSourceResolvable: codes [messageCreateRequest.authorId,authorId]; arguments []; default message [authorId]]; default message [작성자 ID는 필수입니다]] 
25-05-20 14:47:48.087 [Test worker] DEBUG c.s.m.d.config.MDCLoggingInterceptor [097e8849c9434cf59475ff5c031bb978 | POST | /api/messages] - Request completed
25-05-20 14:47:48.093 [Test worker] INFO  o.s.t.c.s.AnnotationConfigContextLoaderUtils [ |  | ] - Could not detect default configuration classes for test class [com.sprint.mission.discodeit.controller.ReadStatusControllerTest]: ReadStatusControllerTest does not declare any static, non-private, non-final, nested classes annotated with @Configuration.
25-05-20 14:47:48.106 [Test worker] INFO  o.s.b.t.c.SpringBootTestContextBootstrapper [ |  | ] - Found @SpringBootConfiguration com.sprint.mission.discodeit.DiscodeitApplication for test class com.sprint.mission.discodeit.controller.ReadStatusControllerTest
25-05-20 14:47:48.213 [Test worker] INFO  c.s.m.d.c.ReadStatusControllerTest   [ |  | ] - Starting ReadStatusControllerTest using Java 17.0.14 with PID 56020 (started by jasonheo in /Users/jasonheo/2-sprint-mission)
25-05-20 14:47:48.214 [Test worker] DEBUG c.s.m.d.c.ReadStatusControllerTest   [ |  | ] - Running with Spring Boot v3.4.0, Spring v6.2.0
25-05-20 14:47:48.214 [Test worker] INFO  c.s.m.d.c.ReadStatusControllerTest   [ |  | ] - The following 1 profile is active: "dev"
25-05-20 14:47:48.494 [Test worker] INFO  o.s.b.a.w.s.WelcomePageHandlerMapping [ |  | ] - Adding welcome page: class path resource [static/index.html]
25-05-20 14:47:48.551 [Test worker] INFO  o.s.b.t.m.w.SpringBootMockServletContext [ |  | ] - Initializing Spring TestDispatcherServlet ''
25-05-20 14:47:48.551 [Test worker] INFO  o.s.t.w.s.TestDispatcherServlet      [ |  | ] - Initializing Servlet ''
25-05-20 14:47:48.552 [Test worker] INFO  o.s.t.w.s.TestDispatcherServlet      [ |  | ] - Completed initialization in 1 ms
25-05-20 14:47:48.561 [Test worker] INFO  c.s.m.d.c.ReadStatusControllerTest   [ |  | ] - Started ReadStatusControllerTest in 0.452 seconds (process running for 12.428)
25-05-20 14:47:48.569 [Test worker] DEBUG c.s.m.d.config.MDCLoggingInterceptor [abae4981876c46868274b03c74783943 | PATCH | /api/readStatuses/bb391235-7377-4c81-9da5-5901701e0abd] - Request started
25-05-20 14:47:48.579 [Test worker] INFO  c.s.m.d.c.ReadStatusController       [abae4981876c46868274b03c74783943 | PATCH | /api/readStatuses/bb391235-7377-4c81-9da5-5901701e0abd] - 읽음 상태 수정 요청: id=bb391235-7377-4c81-9da5-5901701e0abd, request=ReadStatusUpdateRequest[newLastReadAt=2025-05-20T05:47:48.566730Z]
25-05-20 14:47:48.580 [Test worker] DEBUG c.s.m.d.c.ReadStatusController       [abae4981876c46868274b03c74783943 | PATCH | /api/readStatuses/bb391235-7377-4c81-9da5-5901701e0abd] - 읽음 상태 수정 응답: ReadStatusDto[id=bb391235-7377-4c81-9da5-5901701e0abd, userId=e0c97c10-0b69-4f1c-8c23-f24bb791ab9e, channelId=831428d4-0a90-43ec-82f4-694e086b82f2, lastReadAt=2025-05-20T05:47:48.566730Z]
25-05-20 14:47:48.585 [Test worker] DEBUG c.s.m.d.config.MDCLoggingInterceptor [abae4981876c46868274b03c74783943 | PATCH | /api/readStatuses/bb391235-7377-4c81-9da5-5901701e0abd] - Request completed
25-05-20 14:47:48.593 [Test worker] DEBUG c.s.m.d.config.MDCLoggingInterceptor [f1c957df895447768dfbe32abfbb4974 | POST | /api/readStatuses] - Request started
25-05-20 14:47:48.600 [Test worker] INFO  c.s.m.d.c.ReadStatusController       [f1c957df895447768dfbe32abfbb4974 | POST | /api/readStatuses] - 읽음 상태 생성 요청: ReadStatusCreateRequest[userId=ba0b4995-b1ec-4e20-8867-835118633f25, channelId=0f3c1266-b1e0-4f01-8d6f-c03e564fa2f6, lastReadAt=2025-05-20T05:47:48.590481Z]
25-05-20 14:47:48.601 [Test worker] DEBUG c.s.m.d.c.ReadStatusController       [f1c957df895447768dfbe32abfbb4974 | POST | /api/readStatuses] - 읽음 상태 생성 응답: ReadStatusDto[id=35257c0d-b524-44f8-93f7-e3ee3a45af23, userId=ba0b4995-b1ec-4e20-8867-835118633f25, channelId=0f3c1266-b1e0-4f01-8d6f-c03e564fa2f6, lastReadAt=2025-05-20T05:47:48.590481Z]
25-05-20 14:47:48.602 [Test worker] DEBUG c.s.m.d.config.MDCLoggingInterceptor [f1c957df895447768dfbe32abfbb4974 | POST | /api/readStatuses] - Request completed
25-05-20 14:47:48.607 [Test worker] DEBUG c.s.m.d.config.MDCLoggingInterceptor [9ed721a28488490fa20393d0a861f1e7 | POST | /api/readStatuses] - Request started
25-05-20 14:47:48.610 [Test worker] ERROR c.s.m.d.e.GlobalExceptionHandler     [9ed721a28488490fa20393d0a861f1e7 | POST | /api/readStatuses] - 요청 유효성 검사 실패: Validation failed for argument [0] in public org.springframework.http.ResponseEntity<com.sprint.mission.discodeit.dto.data.ReadStatusDto> com.sprint.mission.discodeit.controller.ReadStatusController.create(com.sprint.mission.discodeit.dto.request.ReadStatusCreateRequest) with 3 errors: [Field error in object 'readStatusCreateRequest' on field 'channelId': rejected value [null]; codes [NotNull.readStatusCreateRequest.channelId,NotNull.channelId,NotNull.java.util.UUID,NotNull]; arguments [org.springframework.context.support.DefaultMessageSourceResolvable: codes [readStatusCreateRequest.channelId,channelId]; arguments []; default message [channelId]]; default message [채널 ID는 필수입니다]] [Field error in object 'readStatusCreateRequest' on field 'lastReadAt': rejected value [null]; codes [NotNull.readStatusCreateRequest.lastReadAt,NotNull.lastReadAt,NotNull.java.time.Instant,NotNull]; arguments [org.springframework.context.support.DefaultMessageSourceResolvable: codes [readStatusCreateRequest.lastReadAt,lastReadAt]; arguments []; default message [lastReadAt]]; default message [마지막 읽은 시간은 필수입니다]] [Field error in object 'readStatusCreateRequest' on field 'userId': rejected value [null]; codes [NotNull.readStatusCreateRequest.userId,NotNull.userId,NotNull.java.util.UUID,NotNull]; arguments [org.springframework.context.support.DefaultMessageSourceResolvable: codes [readStatusCreateRequest.userId,userId]; arguments []; default message [userId]]; default message [사용자 ID는 필수입니다]] 
25-05-20 14:47:48.614 [Test worker] DEBUG c.s.m.d.config.MDCLoggingInterceptor [9ed721a28488490fa20393d0a861f1e7 | POST | /api/readStatuses] - Request completed
25-05-20 14:47:48.621 [Test worker] DEBUG c.s.m.d.config.MDCLoggingInterceptor [edb0eca3120245919f9abce8fac225b3 | GET | /api/readStatuses] - Request started
25-05-20 14:47:48.622 [Test worker] INFO  c.s.m.d.c.ReadStatusController       [edb0eca3120245919f9abce8fac225b3 | GET | /api/readStatuses] - 사용자별 읽음 상태 목록 조회 요청: userId=5093d788-925d-4ef2-97a5-883f72642d70
25-05-20 14:47:48.622 [Test worker] DEBUG c.s.m.d.c.ReadStatusController       [edb0eca3120245919f9abce8fac225b3 | GET | /api/readStatuses] - 사용자별 읽음 상태 목록 조회 응답: count=2
25-05-20 14:47:48.625 [Test worker] DEBUG c.s.m.d.config.MDCLoggingInterceptor [edb0eca3120245919f9abce8fac225b3 | GET | /api/readStatuses] - Request completed
25-05-20 14:47:48.633 [Test worker] DEBUG c.s.m.d.config.MDCLoggingInterceptor [122ade2b63d043aea111ed11eaab414a | PATCH | /api/readStatuses/fd0afe8e-8ccb-4c71-87b1-c113842e00c1] - Request started
25-05-20 14:47:48.634 [Test worker] INFO  c.s.m.d.c.ReadStatusController       [122ade2b63d043aea111ed11eaab414a | PATCH | /api/readStatuses/fd0afe8e-8ccb-4c71-87b1-c113842e00c1] - 읽음 상태 수정 요청: id=fd0afe8e-8ccb-4c71-87b1-c113842e00c1, request=ReadStatusUpdateRequest[newLastReadAt=2025-05-20T05:47:48.631836Z]
25-05-20 14:47:48.634 [Test worker] ERROR c.s.m.d.e.GlobalExceptionHandler     [122ade2b63d043aea111ed11eaab414a | PATCH | /api/readStatuses/fd0afe8e-8ccb-4c71-87b1-c113842e00c1] - 커스텀 예외 발생: code=READ_STATUS_NOT_FOUND, message=읽음 상태를 찾을 수 없습니다.
com.sprint.mission.discodeit.exception.readstatus.ReadStatusNotFoundException: 읽음 상태를 찾을 수 없습니다.
	at com.sprint.mission.discodeit.controller.ReadStatusController.update(ReadStatusController.java:46)
	at java.base/jdk.internal.reflect.NativeMethodAccessorImpl.invoke0(Native Method)
	at java.base/jdk.internal.reflect.NativeMethodAccessorImpl.invoke(NativeMethodAccessorImpl.java:77)
	at java.base/jdk.internal.reflect.DelegatingMethodAccessorImpl.invoke(DelegatingMethodAccessorImpl.java:43)
	at java.base/java.lang.reflect.Method.invoke(Method.java:569)
	at org.springframework.web.method.support.InvocableHandlerMethod.doInvoke(InvocableHandlerMethod.java:255)
	at org.springframework.web.method.support.InvocableHandlerMethod.invokeForRequest(InvocableHandlerMethod.java:188)
	at org.springframework.web.servlet.mvc.method.annotation.ServletInvocableHandlerMethod.invokeAndHandle(ServletInvocableHandlerMethod.java:118)
	at org.springframework.web.servlet.mvc.method.annotation.RequestMappingHandlerAdapter.invokeHandlerMethod(RequestMappingHandlerAdapter.java:986)
	at org.springframework.web.servlet.mvc.method.annotation.RequestMappingHandlerAdapter.handleInternal(RequestMappingHandlerAdapter.java:891)
	at org.springframework.web.servlet.mvc.method.AbstractHandlerMethodAdapter.handle(AbstractHandlerMethodAdapter.java:87)
	at org.springframework.web.servlet.DispatcherServlet.doDispatch(DispatcherServlet.java:1088)
	at org.springframework.web.servlet.DispatcherServlet.doService(DispatcherServlet.java:978)
	at org.springframework.web.servlet.FrameworkServlet.processRequest(FrameworkServlet.java:1014)
	at org.springframework.web.servlet.FrameworkServlet.service(FrameworkServlet.java:888)
	at org.springframework.test.web.servlet.TestDispatcherServlet.service(TestDispatcherServlet.java:72)
	at jakarta.servlet.http.HttpServlet.service(HttpServlet.java:658)
	at org.springframework.mock.web.MockFilterChain$ServletFilterProxy.doFilter(MockFilterChain.java:165)
	at org.springframework.mock.web.MockFilterChain.doFilter(MockFilterChain.java:132)
	at org.springframework.web.filter.RequestContextFilter.doFilterInternal(RequestContextFilter.java:100)
	at org.springframework.web.filter.OncePerRequestFilter.doFilter(OncePerRequestFilter.java:116)
	at org.springframework.test.web.servlet.setup.MockMvcFilterDecorator.doFilter(MockMvcFilterDecorator.java:162)
	at org.springframework.mock.web.MockFilterChain.doFilter(MockFilterChain.java:132)
	at org.springframework.web.filter.FormContentFilter.doFilterInternal(FormContentFilter.java:93)
	at org.springframework.web.filter.OncePerRequestFilter.doFilter(OncePerRequestFilter.java:116)
	at org.springframework.test.web.servlet.setup.MockMvcFilterDecorator.doFilter(MockMvcFilterDecorator.java:162)
	at org.springframework.mock.web.MockFilterChain.doFilter(MockFilterChain.java:132)
	at org.springframework.web.filter.CharacterEncodingFilter.doFilterInternal(CharacterEncodingFilter.java:201)
	at org.springframework.web.filter.OncePerRequestFilter.doFilter(OncePerRequestFilter.java:116)
	at org.springframework.test.web.servlet.setup.MockMvcFilterDecorator.doFilter(MockMvcFilterDecorator.java:162)
	at org.springframework.mock.web.MockFilterChain.doFilter(MockFilterChain.java:132)
	at org.springframework.test.web.servlet.MockMvc.perform(MockMvc.java:201)
	at com.sprint.mission.discodeit.controller.ReadStatusControllerTest.update_Failure_ReadStatusNotFound(ReadStatusControllerTest.java:140)
	at java.base/jdk.internal.reflect.NativeMethodAccessorImpl.invoke0(Native Method)
	at java.base/jdk.internal.reflect.NativeMethodAccessorImpl.invoke(NativeMethodAccessorImpl.java:77)
	at java.base/jdk.internal.reflect.DelegatingMethodAccessorImpl.invoke(DelegatingMethodAccessorImpl.java:43)
	at java.base/java.lang.reflect.Method.invoke(Method.java:569)
	at org.junit.platform.commons.util.ReflectionUtils.invokeMethod(ReflectionUtils.java:767)
	at org.junit.jupiter.engine.execution.MethodInvocation.proceed(MethodInvocation.java:60)
	at org.junit.jupiter.engine.execution.InvocationInterceptorChain$ValidatingInvocation.proceed(InvocationInterceptorChain.java:131)
	at org.junit.jupiter.engine.extension.TimeoutExtension.intercept(TimeoutExtension.java:156)
	at org.junit.jupiter.engine.extension.TimeoutExtension.interceptTestableMethod(TimeoutExtension.java:147)
	at org.junit.jupiter.engine.extension.TimeoutExtension.interceptTestMethod(TimeoutExtension.java:86)
	at org.junit.jupiter.engine.execution.InterceptingExecutableInvoker$ReflectiveInterceptorCall.lambda$ofVoidMethod$0(InterceptingExecutableInvoker.java:103)
	at org.junit.jupiter.engine.execution.InterceptingExecutableInvoker.lambda$invoke$0(InterceptingExecutableInvoker.java:93)
	at org.junit.jupiter.engine.execution.InvocationInterceptorChain$InterceptedInvocation.proceed(InvocationInterceptorChain.java:106)
	at org.junit.jupiter.engine.execution.InvocationInterceptorChain.proceed(InvocationInterceptorChain.java:64)
	at org.junit.jupiter.engine.execution.InvocationInterceptorChain.chainAndInvoke(InvocationInterceptorChain.java:45)
	at org.junit.jupiter.engine.execution.InvocationInterceptorChain.invoke(InvocationInterceptorChain.java:37)
	at org.junit.jupiter.engine.execution.InterceptingExecutableInvoker.invoke(InterceptingExecutableInvoker.java:92)
	at org.junit.jupiter.engine.execution.InterceptingExecutableInvoker.invoke(InterceptingExecutableInvoker.java:86)
	at org.junit.jupiter.engine.descriptor.TestMethodTestDescriptor.lambda$invokeTestMethod$8(TestMethodTestDescriptor.java:217)
	at org.junit.platform.engine.support.hierarchical.ThrowableCollector.execute(ThrowableCollector.java:73)
	at org.junit.jupiter.engine.descriptor.TestMethodTestDescriptor.invokeTestMethod(TestMethodTestDescriptor.java:213)
	at org.junit.jupiter.engine.descriptor.TestMethodTestDescriptor.execute(TestMethodTestDescriptor.java:138)
	at org.junit.jupiter.engine.descriptor.TestMethodTestDescriptor.execute(TestMethodTestDescriptor.java:68)
	at org.junit.platform.engine.support.hierarchical.NodeTestTask.lambda$executeRecursively$6(NodeTestTask.java:156)
	at org.junit.platform.engine.support.hierarchical.ThrowableCollector.execute(ThrowableCollector.java:73)
	at org.junit.platform.engine.support.hierarchical.NodeTestTask.lambda$executeRecursively$8(NodeTestTask.java:146)
	at org.junit.platform.engine.support.hierarchical.Node.around(Node.java:137)
	at org.junit.platform.engine.support.hierarchical.NodeTestTask.lambda$executeRecursively$9(NodeTestTask.java:144)
	at org.junit.platform.engine.support.hierarchical.ThrowableCollector.execute(ThrowableCollector.java:73)
	at org.junit.platform.engine.support.hierarchical.NodeTestTask.executeRecursively(NodeTestTask.java:143)
	at org.junit.platform.engine.support.hierarchical.NodeTestTask.execute(NodeTestTask.java:100)
	at java.base/java.util.ArrayList.forEach(ArrayList.java:1511)
	at org.junit.platform.engine.support.hierarchical.SameThreadHierarchicalTestExecutorService.invokeAll(SameThreadHierarchicalTestExecutorService.java:41)
	at org.junit.platform.engine.support.hierarchical.NodeTestTask.lambda$executeRecursively$6(NodeTestTask.java:160)
	at org.junit.platform.engine.support.hierarchical.ThrowableCollector.execute(ThrowableCollector.java:73)
	at org.junit.platform.engine.support.hierarchical.NodeTestTask.lambda$executeRecursively$8(NodeTestTask.java:146)
	at org.junit.platform.engine.support.hierarchical.Node.around(Node.java:137)
	at org.junit.platform.engine.support.hierarchical.NodeTestTask.lambda$executeRecursively$9(NodeTestTask.java:144)
	at org.junit.platform.engine.support.hierarchical.ThrowableCollector.execute(ThrowableCollector.java:73)
	at org.junit.platform.engine.support.hierarchical.NodeTestTask.executeRecursively(NodeTestTask.java:143)
	at org.junit.platform.engine.support.hierarchical.NodeTestTask.execute(NodeTestTask.java:100)
	at java.base/java.util.ArrayList.forEach(ArrayList.java:1511)
	at org.junit.platform.engine.support.hierarchical.SameThreadHierarchicalTestExecutorService.invokeAll(SameThreadHierarchicalTestExecutorService.java:41)
	at org.junit.platform.engine.support.hierarchical.NodeTestTask.lambda$executeRecursively$6(NodeTestTask.java:160)
	at org.junit.platform.engine.support.hierarchical.ThrowableCollector.execute(ThrowableCollector.java:73)
	at org.junit.platform.engine.support.hierarchical.NodeTestTask.lambda$executeRecursively$8(NodeTestTask.java:146)
	at org.junit.platform.engine.support.hierarchical.Node.around(Node.java:137)
	at org.junit.platform.engine.support.hierarchical.NodeTestTask.lambda$executeRecursively$9(NodeTestTask.java:144)
	at org.junit.platform.engine.support.hierarchical.ThrowableCollector.execute(ThrowableCollector.java:73)
	at org.junit.platform.engine.support.hierarchical.NodeTestTask.executeRecursively(NodeTestTask.java:143)
	at org.junit.platform.engine.support.hierarchical.NodeTestTask.execute(NodeTestTask.java:100)
	at org.junit.platform.engine.support.hierarchical.SameThreadHierarchicalTestExecutorService.submit(SameThreadHierarchicalTestExecutorService.java:35)
	at org.junit.platform.engine.support.hierarchical.HierarchicalTestExecutor.execute(HierarchicalTestExecutor.java:57)
	at org.junit.platform.engine.support.hierarchical.HierarchicalTestEngine.execute(HierarchicalTestEngine.java:54)
	at org.junit.platform.launcher.core.EngineExecutionOrchestrator.execute(EngineExecutionOrchestrator.java:198)
	at org.junit.platform.launcher.core.EngineExecutionOrchestrator.execute(EngineExecutionOrchestrator.java:169)
	at org.junit.platform.launcher.core.EngineExecutionOrchestrator.execute(EngineExecutionOrchestrator.java:93)
	at org.junit.platform.launcher.core.EngineExecutionOrchestrator.lambda$execute$0(EngineExecutionOrchestrator.java:58)
	at org.junit.platform.launcher.core.EngineExecutionOrchestrator.withInterceptedStreams(EngineExecutionOrchestrator.java:141)
	at org.junit.platform.launcher.core.EngineExecutionOrchestrator.execute(EngineExecutionOrchestrator.java:57)
	at org.junit.platform.launcher.core.DefaultLauncher.execute(DefaultLauncher.java:103)
	at org.junit.platform.launcher.core.DefaultLauncher.execute(DefaultLauncher.java:85)
	at org.junit.platform.launcher.core.DelegatingLauncher.execute(DelegatingLauncher.java:47)
	at org.gradle.api.internal.tasks.testing.junitplatform.JUnitPlatformTestClassProcessor$CollectAllTestClassesExecutor.processAllTestClasses(JUnitPlatformTestClassProcessor.java:124)
	at org.gradle.api.internal.tasks.testing.junitplatform.JUnitPlatformTestClassProcessor$CollectAllTestClassesExecutor.access$000(JUnitPlatformTestClassProcessor.java:99)
	at org.gradle.api.internal.tasks.testing.junitplatform.JUnitPlatformTestClassProcessor.stop(JUnitPlatformTestClassProcessor.java:94)
	at org.gradle.api.internal.tasks.testing.SuiteTestClassProcessor.stop(SuiteTestClassProcessor.java:63)
	at java.base/jdk.internal.reflect.NativeMethodAccessorImpl.invoke0(Native Method)
	at java.base/jdk.internal.reflect.NativeMethodAccessorImpl.invoke(NativeMethodAccessorImpl.java:77)
	at java.base/jdk.internal.reflect.DelegatingMethodAccessorImpl.invoke(DelegatingMethodAccessorImpl.java:43)
	at java.base/java.lang.reflect.Method.invoke(Method.java:569)
	at org.gradle.internal.dispatch.ReflectionDispatch.dispatch(ReflectionDispatch.java:36)
	at org.gradle.internal.dispatch.ReflectionDispatch.dispatch(ReflectionDispatch.java:24)
	at org.gradle.internal.dispatch.ContextClassLoaderDispatch.dispatch(ContextClassLoaderDispatch.java:33)
	at org.gradle.internal.dispatch.ProxyDispatchAdapter$DispatchingInvocationHandler.invoke(ProxyDispatchAdapter.java:92)
	at jdk.proxy2/jdk.proxy2.$Proxy6.stop(Unknown Source)
	at org.gradle.api.internal.tasks.testing.worker.TestWorker$3.run(TestWorker.java:200)
	at org.gradle.api.internal.tasks.testing.worker.TestWorker.executeAndMaintainThreadName(TestWorker.java:132)
	at org.gradle.api.internal.tasks.testing.worker.TestWorker.execute(TestWorker.java:103)
	at org.gradle.api.internal.tasks.testing.worker.TestWorker.execute(TestWorker.java:63)
	at org.gradle.process.internal.worker.child.ActionExecutionWorker.execute(ActionExecutionWorker.java:56)
	at org.gradle.process.internal.worker.child.SystemApplicationClassLoaderWorker.call(SystemApplicationClassLoaderWorker.java:121)
	at org.gradle.process.internal.worker.child.SystemApplicationClassLoaderWorker.call(SystemApplicationClassLoaderWorker.java:71)
	at worker.org.gradle.process.internal.worker.GradleWorkerMain.run(GradleWorkerMain.java:69)
	at worker.org.gradle.process.internal.worker.GradleWorkerMain.main(GradleWorkerMain.java:74)
25-05-20 14:47:48.639 [Test worker] DEBUG c.s.m.d.config.MDCLoggingInterceptor [122ade2b63d043aea111ed11eaab414a | PATCH | /api/readStatuses/fd0afe8e-8ccb-4c71-87b1-c113842e00c1] - Request completed
25-05-20 14:47:48.645 [Test worker] INFO  o.s.t.c.s.AnnotationConfigContextLoaderUtils [ |  | ] - Could not detect default configuration classes for test class [com.sprint.mission.discodeit.controller.UserControllerTest]: UserControllerTest does not declare any static, non-private, non-final, nested classes annotated with @Configuration.
25-05-20 14:47:48.656 [Test worker] INFO  o.s.b.t.c.SpringBootTestContextBootstrapper [ |  | ] - Found @SpringBootConfiguration com.sprint.mission.discodeit.DiscodeitApplication for test class com.sprint.mission.discodeit.controller.UserControllerTest
25-05-20 14:47:48.696 [Test worker] INFO  c.s.m.d.c.UserControllerTest         [ |  | ] - Starting UserControllerTest using Java 17.0.14 with PID 56020 (started by jasonheo in /Users/jasonheo/2-sprint-mission)
25-05-20 14:47:48.697 [Test worker] DEBUG c.s.m.d.c.UserControllerTest         [ |  | ] - Running with Spring Boot v3.4.0, Spring v6.2.0
25-05-20 14:47:48.697 [Test worker] INFO  c.s.m.d.c.UserControllerTest         [ |  | ] - The following 1 profile is active: "dev"
25-05-20 14:47:48.981 [Test worker] INFO  o.s.b.a.w.s.WelcomePageHandlerMapping [ |  | ] - Adding welcome page: class path resource [static/index.html]
25-05-20 14:47:49.036 [Test worker] INFO  o.s.b.t.m.w.SpringBootMockServletContext [ |  | ] - Initializing Spring TestDispatcherServlet ''
25-05-20 14:47:49.036 [Test worker] INFO  o.s.t.w.s.TestDispatcherServlet      [ |  | ] - Initializing Servlet ''
25-05-20 14:47:49.037 [Test worker] INFO  o.s.t.w.s.TestDispatcherServlet      [ |  | ] - Completed initialization in 0 ms
25-05-20 14:47:49.046 [Test worker] INFO  c.s.m.d.c.UserControllerTest         [ |  | ] - Started UserControllerTest in 0.388 seconds (process running for 12.913)
25-05-20 14:47:49.056 [Test worker] DEBUG c.s.m.d.config.MDCLoggingInterceptor [5c7693749d4e494bae37b1bca1feab1f | POST | /api/users] - Request started
25-05-20 14:47:49.073 [Test worker] ERROR c.s.m.d.e.GlobalExceptionHandler     [5c7693749d4e494bae37b1bca1feab1f | POST | /api/users] - 요청 유효성 검사 실패: Validation failed for argument [0] in public org.springframework.http.ResponseEntity<com.sprint.mission.discodeit.dto.data.UserDto> com.sprint.mission.discodeit.controller.UserController.create(com.sprint.mission.discodeit.dto.request.UserCreateRequest,org.springframework.web.multipart.MultipartFile) with 4 errors: [Field error in object 'userCreateRequest' on field 'password': rejected value [short]; codes [Pattern.userCreateRequest.password,Pattern.password,Pattern.java.lang.String,Pattern]; arguments [org.springframework.context.support.DefaultMessageSourceResolvable: codes [userCreateRequest.password,password]; arguments []; default message [password],[Ljakarta.validation.constraints.Pattern$Flag;@25c2f350,^(?=.*[0-9])(?=.*[a-zA-Z])(?=.*[!@#$%^&*]).{8,}$]; default message [비밀번호는 최소 8자 이상, 숫자, 문자, 특수문자를 포함해야 합니다]] [Field error in object 'userCreateRequest' on field 'password': rejected value [short]; codes [Size.userCreateRequest.password,Size.password,Size.java.lang.String,Size]; arguments [org.springframework.context.support.DefaultMessageSourceResolvable: codes [userCreateRequest.password,password]; arguments []; default message [password],60,8]; default message [비밀번호는 8자 이상 60자 이하여야 합니다]] [Field error in object 'userCreateRequest' on field 'email': rejected value [invalid-email]; codes [Email.userCreateRequest.email,Email.email,Email.java.lang.String,Email]; arguments [org.springframework.context.support.DefaultMessageSourceResolvable: codes [userCreateRequest.email,email]; arguments []; default message [email],[Ljakarta.validation.constraints.Pattern$Flag;@10686a98,.*]; default message [유효한 이메일 형식이어야 합니다]] [Field error in object 'userCreateRequest' on field 'username': rejected value [t]; codes [Size.userCreateRequest.username,Size.username,Size.java.lang.String,Size]; arguments [org.springframework.context.support.DefaultMessageSourceResolvable: codes [userCreateRequest.username,username]; arguments []; default message [username],50,3]; default message [사용자 이름은 3자 이상 50자 이하여야 합니다]] 
25-05-20 14:47:49.079 [Test worker] DEBUG c.s.m.d.config.MDCLoggingInterceptor [5c7693749d4e494bae37b1bca1feab1f | POST | /api/users] - Request completed
25-05-20 14:47:49.087 [Test worker] DEBUG c.s.m.d.config.MDCLoggingInterceptor [9863b13532294c05b1e4c2c54c6ca30c | PATCH | /api/users/f8e85ce3-b632-42fb-ad67-3c9bc5a6e49d] - Request started
25-05-20 14:47:49.104 [Test worker] INFO  c.s.m.d.controller.UserController    [9863b13532294c05b1e4c2c54c6ca30c | PATCH | /api/users/f8e85ce3-b632-42fb-ad67-3c9bc5a6e49d] - 사용자 수정 요청: id=f8e85ce3-b632-42fb-ad67-3c9bc5a6e49d, request=UserUpdateRequest[newUsername=updateduser, newEmail=updated@example.com, newPassword=UpdatedPassword1!]
25-05-20 14:47:49.106 [Test worker] ERROR c.s.m.d.e.GlobalExceptionHandler     [9863b13532294c05b1e4c2c54c6ca30c | PATCH | /api/users/f8e85ce3-b632-42fb-ad67-3c9bc5a6e49d] - 커스텀 예외 발생: code=USER_NOT_FOUND, message=사용자를 찾을 수 없습니다.
com.sprint.mission.discodeit.exception.user.UserNotFoundException: 사용자를 찾을 수 없습니다.
	at com.sprint.mission.discodeit.controller.UserController.update(UserController.java:71)
	at java.base/jdk.internal.reflect.NativeMethodAccessorImpl.invoke0(Native Method)
	at java.base/jdk.internal.reflect.NativeMethodAccessorImpl.invoke(NativeMethodAccessorImpl.java:77)
	at java.base/jdk.internal.reflect.DelegatingMethodAccessorImpl.invoke(DelegatingMethodAccessorImpl.java:43)
	at java.base/java.lang.reflect.Method.invoke(Method.java:569)
	at org.springframework.web.method.support.InvocableHandlerMethod.doInvoke(InvocableHandlerMethod.java:255)
	at org.springframework.web.method.support.InvocableHandlerMethod.invokeForRequest(InvocableHandlerMethod.java:188)
	at org.springframework.web.servlet.mvc.method.annotation.ServletInvocableHandlerMethod.invokeAndHandle(ServletInvocableHandlerMethod.java:118)
	at org.springframework.web.servlet.mvc.method.annotation.RequestMappingHandlerAdapter.invokeHandlerMethod(RequestMappingHandlerAdapter.java:986)
	at org.springframework.web.servlet.mvc.method.annotation.RequestMappingHandlerAdapter.handleInternal(RequestMappingHandlerAdapter.java:891)
	at org.springframework.web.servlet.mvc.method.AbstractHandlerMethodAdapter.handle(AbstractHandlerMethodAdapter.java:87)
	at org.springframework.web.servlet.DispatcherServlet.doDispatch(DispatcherServlet.java:1088)
	at org.springframework.web.servlet.DispatcherServlet.doService(DispatcherServlet.java:978)
	at org.springframework.web.servlet.FrameworkServlet.processRequest(FrameworkServlet.java:1014)
	at org.springframework.web.servlet.FrameworkServlet.service(FrameworkServlet.java:888)
	at org.springframework.test.web.servlet.TestDispatcherServlet.service(TestDispatcherServlet.java:72)
	at jakarta.servlet.http.HttpServlet.service(HttpServlet.java:658)
	at org.springframework.mock.web.MockFilterChain$ServletFilterProxy.doFilter(MockFilterChain.java:165)
	at org.springframework.mock.web.MockFilterChain.doFilter(MockFilterChain.java:132)
	at org.springframework.web.filter.RequestContextFilter.doFilterInternal(RequestContextFilter.java:100)
	at org.springframework.web.filter.OncePerRequestFilter.doFilter(OncePerRequestFilter.java:116)
	at org.springframework.test.web.servlet.setup.MockMvcFilterDecorator.doFilter(MockMvcFilterDecorator.java:162)
	at org.springframework.mock.web.MockFilterChain.doFilter(MockFilterChain.java:132)
	at org.springframework.web.filter.FormContentFilter.doFilterInternal(FormContentFilter.java:93)
	at org.springframework.web.filter.OncePerRequestFilter.doFilter(OncePerRequestFilter.java:116)
	at org.springframework.test.web.servlet.setup.MockMvcFilterDecorator.doFilter(MockMvcFilterDecorator.java:162)
	at org.springframework.mock.web.MockFilterChain.doFilter(MockFilterChain.java:132)
	at org.springframework.web.filter.CharacterEncodingFilter.doFilterInternal(CharacterEncodingFilter.java:201)
	at org.springframework.web.filter.OncePerRequestFilter.doFilter(OncePerRequestFilter.java:116)
	at org.springframework.test.web.servlet.setup.MockMvcFilterDecorator.doFilter(MockMvcFilterDecorator.java:162)
	at org.springframework.mock.web.MockFilterChain.doFilter(MockFilterChain.java:132)
	at org.springframework.test.web.servlet.MockMvc.perform(MockMvc.java:201)
	at com.sprint.mission.discodeit.controller.UserControllerTest.updateUser_Failure_UserNotFound(UserControllerTest.java:263)
	at java.base/jdk.internal.reflect.NativeMethodAccessorImpl.invoke0(Native Method)
	at java.base/jdk.internal.reflect.NativeMethodAccessorImpl.invoke(NativeMethodAccessorImpl.java:77)
	at java.base/jdk.internal.reflect.DelegatingMethodAccessorImpl.invoke(DelegatingMethodAccessorImpl.java:43)
	at java.base/java.lang.reflect.Method.invoke(Method.java:569)
	at org.junit.platform.commons.util.ReflectionUtils.invokeMethod(ReflectionUtils.java:767)
	at org.junit.jupiter.engine.execution.MethodInvocation.proceed(MethodInvocation.java:60)
	at org.junit.jupiter.engine.execution.InvocationInterceptorChain$ValidatingInvocation.proceed(InvocationInterceptorChain.java:131)
	at org.junit.jupiter.engine.extension.TimeoutExtension.intercept(TimeoutExtension.java:156)
	at org.junit.jupiter.engine.extension.TimeoutExtension.interceptTestableMethod(TimeoutExtension.java:147)
	at org.junit.jupiter.engine.extension.TimeoutExtension.interceptTestMethod(TimeoutExtension.java:86)
	at org.junit.jupiter.engine.execution.InterceptingExecutableInvoker$ReflectiveInterceptorCall.lambda$ofVoidMethod$0(InterceptingExecutableInvoker.java:103)
	at org.junit.jupiter.engine.execution.InterceptingExecutableInvoker.lambda$invoke$0(InterceptingExecutableInvoker.java:93)
	at org.junit.jupiter.engine.execution.InvocationInterceptorChain$InterceptedInvocation.proceed(InvocationInterceptorChain.java:106)
	at org.junit.jupiter.engine.execution.InvocationInterceptorChain.proceed(InvocationInterceptorChain.java:64)
	at org.junit.jupiter.engine.execution.InvocationInterceptorChain.chainAndInvoke(InvocationInterceptorChain.java:45)
	at org.junit.jupiter.engine.execution.InvocationInterceptorChain.invoke(InvocationInterceptorChain.java:37)
	at org.junit.jupiter.engine.execution.InterceptingExecutableInvoker.invoke(InterceptingExecutableInvoker.java:92)
	at org.junit.jupiter.engine.execution.InterceptingExecutableInvoker.invoke(InterceptingExecutableInvoker.java:86)
	at org.junit.jupiter.engine.descriptor.TestMethodTestDescriptor.lambda$invokeTestMethod$8(TestMethodTestDescriptor.java:217)
	at org.junit.platform.engine.support.hierarchical.ThrowableCollector.execute(ThrowableCollector.java:73)
	at org.junit.jupiter.engine.descriptor.TestMethodTestDescriptor.invokeTestMethod(TestMethodTestDescriptor.java:213)
	at org.junit.jupiter.engine.descriptor.TestMethodTestDescriptor.execute(TestMethodTestDescriptor.java:138)
	at org.junit.jupiter.engine.descriptor.TestMethodTestDescriptor.execute(TestMethodTestDescriptor.java:68)
	at org.junit.platform.engine.support.hierarchical.NodeTestTask.lambda$executeRecursively$6(NodeTestTask.java:156)
	at org.junit.platform.engine.support.hierarchical.ThrowableCollector.execute(ThrowableCollector.java:73)
	at org.junit.platform.engine.support.hierarchical.NodeTestTask.lambda$executeRecursively$8(NodeTestTask.java:146)
	at org.junit.platform.engine.support.hierarchical.Node.around(Node.java:137)
	at org.junit.platform.engine.support.hierarchical.NodeTestTask.lambda$executeRecursively$9(NodeTestTask.java:144)
	at org.junit.platform.engine.support.hierarchical.ThrowableCollector.execute(ThrowableCollector.java:73)
	at org.junit.platform.engine.support.hierarchical.NodeTestTask.executeRecursively(NodeTestTask.java:143)
	at org.junit.platform.engine.support.hierarchical.NodeTestTask.execute(NodeTestTask.java:100)
	at java.base/java.util.ArrayList.forEach(ArrayList.java:1511)
	at org.junit.platform.engine.support.hierarchical.SameThreadHierarchicalTestExecutorService.invokeAll(SameThreadHierarchicalTestExecutorService.java:41)
	at org.junit.platform.engine.support.hierarchical.NodeTestTask.lambda$executeRecursively$6(NodeTestTask.java:160)
	at org.junit.platform.engine.support.hierarchical.ThrowableCollector.execute(ThrowableCollector.java:73)
	at org.junit.platform.engine.support.hierarchical.NodeTestTask.lambda$executeRecursively$8(NodeTestTask.java:146)
	at org.junit.platform.engine.support.hierarchical.Node.around(Node.java:137)
	at org.junit.platform.engine.support.hierarchical.NodeTestTask.lambda$executeRecursively$9(NodeTestTask.java:144)
	at org.junit.platform.engine.support.hierarchical.ThrowableCollector.execute(ThrowableCollector.java:73)
	at org.junit.platform.engine.support.hierarchical.NodeTestTask.executeRecursively(NodeTestTask.java:143)
	at org.junit.platform.engine.support.hierarchical.NodeTestTask.execute(NodeTestTask.java:100)
	at java.base/java.util.ArrayList.forEach(ArrayList.java:1511)
	at org.junit.platform.engine.support.hierarchical.SameThreadHierarchicalTestExecutorService.invokeAll(SameThreadHierarchicalTestExecutorService.java:41)
	at org.junit.platform.engine.support.hierarchical.NodeTestTask.lambda$executeRecursively$6(NodeTestTask.java:160)
	at org.junit.platform.engine.support.hierarchical.ThrowableCollector.execute(ThrowableCollector.java:73)
	at org.junit.platform.engine.support.hierarchical.NodeTestTask.lambda$executeRecursively$8(NodeTestTask.java:146)
	at org.junit.platform.engine.support.hierarchical.Node.around(Node.java:137)
	at org.junit.platform.engine.support.hierarchical.NodeTestTask.lambda$executeRecursively$9(NodeTestTask.java:144)
	at org.junit.platform.engine.support.hierarchical.ThrowableCollector.execute(ThrowableCollector.java:73)
	at org.junit.platform.engine.support.hierarchical.NodeTestTask.executeRecursively(NodeTestTask.java:143)
	at org.junit.platform.engine.support.hierarchical.NodeTestTask.execute(NodeTestTask.java:100)
	at org.junit.platform.engine.support.hierarchical.SameThreadHierarchicalTestExecutorService.submit(SameThreadHierarchicalTestExecutorService.java:35)
	at org.junit.platform.engine.support.hierarchical.HierarchicalTestExecutor.execute(HierarchicalTestExecutor.java:57)
	at org.junit.platform.engine.support.hierarchical.HierarchicalTestEngine.execute(HierarchicalTestEngine.java:54)
	at org.junit.platform.launcher.core.EngineExecutionOrchestrator.execute(EngineExecutionOrchestrator.java:198)
	at org.junit.platform.launcher.core.EngineExecutionOrchestrator.execute(EngineExecutionOrchestrator.java:169)
	at org.junit.platform.launcher.core.EngineExecutionOrchestrator.execute(EngineExecutionOrchestrator.java:93)
	at org.junit.platform.launcher.core.EngineExecutionOrchestrator.lambda$execute$0(EngineExecutionOrchestrator.java:58)
	at org.junit.platform.launcher.core.EngineExecutionOrchestrator.withInterceptedStreams(EngineExecutionOrchestrator.java:141)
	at org.junit.platform.launcher.core.EngineExecutionOrchestrator.execute(EngineExecutionOrchestrator.java:57)
	at org.junit.platform.launcher.core.DefaultLauncher.execute(DefaultLauncher.java:103)
	at org.junit.platform.launcher.core.DefaultLauncher.execute(DefaultLauncher.java:85)
	at org.junit.platform.launcher.core.DelegatingLauncher.execute(DelegatingLauncher.java:47)
	at org.gradle.api.internal.tasks.testing.junitplatform.JUnitPlatformTestClassProcessor$CollectAllTestClassesExecutor.processAllTestClasses(JUnitPlatformTestClassProcessor.java:124)
	at org.gradle.api.internal.tasks.testing.junitplatform.JUnitPlatformTestClassProcessor$CollectAllTestClassesExecutor.access$000(JUnitPlatformTestClassProcessor.java:99)
	at org.gradle.api.internal.tasks.testing.junitplatform.JUnitPlatformTestClassProcessor.stop(JUnitPlatformTestClassProcessor.java:94)
	at org.gradle.api.internal.tasks.testing.SuiteTestClassProcessor.stop(SuiteTestClassProcessor.java:63)
	at java.base/jdk.internal.reflect.NativeMethodAccessorImpl.invoke0(Native Method)
	at java.base/jdk.internal.reflect.NativeMethodAccessorImpl.invoke(NativeMethodAccessorImpl.java:77)
	at java.base/jdk.internal.reflect.DelegatingMethodAccessorImpl.invoke(DelegatingMethodAccessorImpl.java:43)
	at java.base/java.lang.reflect.Method.invoke(Method.java:569)
	at org.gradle.internal.dispatch.ReflectionDispatch.dispatch(ReflectionDispatch.java:36)
	at org.gradle.internal.dispatch.ReflectionDispatch.dispatch(ReflectionDispatch.java:24)
	at org.gradle.internal.dispatch.ContextClassLoaderDispatch.dispatch(ContextClassLoaderDispatch.java:33)
	at org.gradle.internal.dispatch.ProxyDispatchAdapter$DispatchingInvocationHandler.invoke(ProxyDispatchAdapter.java:92)
	at jdk.proxy2/jdk.proxy2.$Proxy6.stop(Unknown Source)
	at org.gradle.api.internal.tasks.testing.worker.TestWorker$3.run(TestWorker.java:200)
	at org.gradle.api.internal.tasks.testing.worker.TestWorker.executeAndMaintainThreadName(TestWorker.java:132)
	at org.gradle.api.internal.tasks.testing.worker.TestWorker.execute(TestWorker.java:103)
	at org.gradle.api.internal.tasks.testing.worker.TestWorker.execute(TestWorker.java:63)
	at org.gradle.process.internal.worker.child.ActionExecutionWorker.execute(ActionExecutionWorker.java:56)
	at org.gradle.process.internal.worker.child.SystemApplicationClassLoaderWorker.call(SystemApplicationClassLoaderWorker.java:121)
	at org.gradle.process.internal.worker.child.SystemApplicationClassLoaderWorker.call(SystemApplicationClassLoaderWorker.java:71)
	at worker.org.gradle.process.internal.worker.GradleWorkerMain.run(GradleWorkerMain.java:69)
	at worker.org.gradle.process.internal.worker.GradleWorkerMain.main(GradleWorkerMain.java:74)
25-05-20 14:47:49.112 [Test worker] DEBUG c.s.m.d.config.MDCLoggingInterceptor [9863b13532294c05b1e4c2c54c6ca30c | PATCH | /api/users/f8e85ce3-b632-42fb-ad67-3c9bc5a6e49d] - Request completed
25-05-20 14:47:49.120 [Test worker] DEBUG c.s.m.d.config.MDCLoggingInterceptor [61d9d981d74c42368022066921247a89 | POST | /api/users] - Request started
25-05-20 14:47:49.121 [Test worker] INFO  c.s.m.d.controller.UserController    [61d9d981d74c42368022066921247a89 | POST | /api/users] - 사용자 생성 요청: UserCreateRequest[username=testuser, email=test@example.com, password=Password1!]
25-05-20 14:47:49.122 [Test worker] DEBUG c.s.m.d.controller.UserController    [61d9d981d74c42368022066921247a89 | POST | /api/users] - 사용자 생성 응답: UserDto[id=d1a04490-2529-457a-9560-a32a44517035, username=testuser, email=test@example.com, profile=BinaryContentDto[id=593d8b78-4894-4105-8b8d-3e2ef6c80e23, fileName=profile.jpg, size=12, contentType=image/jpeg], online=false]
25-05-20 14:47:49.128 [Test worker] DEBUG c.s.m.d.config.MDCLoggingInterceptor [61d9d981d74c42368022066921247a89 | POST | /api/users] - Request completed
25-05-20 14:47:49.137 [Test worker] DEBUG c.s.m.d.config.MDCLoggingInterceptor [ee192da1fe0d48c6b9f361e2fd7e24de | PATCH | /api/users/c49405e1-0000-4772-8db2-09a570f3aeae/userStatus] - Request started
25-05-20 14:47:49.142 [Test worker] ERROR c.s.m.d.e.GlobalExceptionHandler     [ee192da1fe0d48c6b9f361e2fd7e24de | PATCH | /api/users/c49405e1-0000-4772-8db2-09a570f3aeae/userStatus] - 커스텀 예외 발생: code=USER_NOT_FOUND, message=사용자를 찾을 수 없습니다.
com.sprint.mission.discodeit.exception.user.UserNotFoundException: 사용자를 찾을 수 없습니다.
	at com.sprint.mission.discodeit.controller.UserController.updateUserStatusByUserId(UserController.java:101)
	at java.base/jdk.internal.reflect.NativeMethodAccessorImpl.invoke0(Native Method)
	at java.base/jdk.internal.reflect.NativeMethodAccessorImpl.invoke(NativeMethodAccessorImpl.java:77)
	at java.base/jdk.internal.reflect.DelegatingMethodAccessorImpl.invoke(DelegatingMethodAccessorImpl.java:43)
	at java.base/java.lang.reflect.Method.invoke(Method.java:569)
	at org.springframework.web.method.support.InvocableHandlerMethod.doInvoke(InvocableHandlerMethod.java:255)
	at org.springframework.web.method.support.InvocableHandlerMethod.invokeForRequest(InvocableHandlerMethod.java:188)
	at org.springframework.web.servlet.mvc.method.annotation.ServletInvocableHandlerMethod.invokeAndHandle(ServletInvocableHandlerMethod.java:118)
	at org.springframework.web.servlet.mvc.method.annotation.RequestMappingHandlerAdapter.invokeHandlerMethod(RequestMappingHandlerAdapter.java:986)
	at org.springframework.web.servlet.mvc.method.annotation.RequestMappingHandlerAdapter.handleInternal(RequestMappingHandlerAdapter.java:891)
	at org.springframework.web.servlet.mvc.method.AbstractHandlerMethodAdapter.handle(AbstractHandlerMethodAdapter.java:87)
	at org.springframework.web.servlet.DispatcherServlet.doDispatch(DispatcherServlet.java:1088)
	at org.springframework.web.servlet.DispatcherServlet.doService(DispatcherServlet.java:978)
	at org.springframework.web.servlet.FrameworkServlet.processRequest(FrameworkServlet.java:1014)
	at org.springframework.web.servlet.FrameworkServlet.service(FrameworkServlet.java:888)
	at org.springframework.test.web.servlet.TestDispatcherServlet.service(TestDispatcherServlet.java:72)
	at jakarta.servlet.http.HttpServlet.service(HttpServlet.java:658)
	at org.springframework.mock.web.MockFilterChain$ServletFilterProxy.doFilter(MockFilterChain.java:165)
	at org.springframework.mock.web.MockFilterChain.doFilter(MockFilterChain.java:132)
	at org.springframework.web.filter.RequestContextFilter.doFilterInternal(RequestContextFilter.java:100)
	at org.springframework.web.filter.OncePerRequestFilter.doFilter(OncePerRequestFilter.java:116)
	at org.springframework.test.web.servlet.setup.MockMvcFilterDecorator.doFilter(MockMvcFilterDecorator.java:162)
	at org.springframework.mock.web.MockFilterChain.doFilter(MockFilterChain.java:132)
	at org.springframework.web.filter.FormContentFilter.doFilterInternal(FormContentFilter.java:93)
	at org.springframework.web.filter.OncePerRequestFilter.doFilter(OncePerRequestFilter.java:116)
	at org.springframework.test.web.servlet.setup.MockMvcFilterDecorator.doFilter(MockMvcFilterDecorator.java:162)
	at org.springframework.mock.web.MockFilterChain.doFilter(MockFilterChain.java:132)
	at org.springframework.web.filter.CharacterEncodingFilter.doFilterInternal(CharacterEncodingFilter.java:201)
	at org.springframework.web.filter.OncePerRequestFilter.doFilter(OncePerRequestFilter.java:116)
	at org.springframework.test.web.servlet.setup.MockMvcFilterDecorator.doFilter(MockMvcFilterDecorator.java:162)
	at org.springframework.mock.web.MockFilterChain.doFilter(MockFilterChain.java:132)
	at org.springframework.test.web.servlet.MockMvc.perform(MockMvc.java:201)
	at com.sprint.mission.discodeit.controller.UserControllerTest.updateUserStatus_Failure_UserStatusNotFound(UserControllerTest.java:338)
	at java.base/jdk.internal.reflect.NativeMethodAccessorImpl.invoke0(Native Method)
	at java.base/jdk.internal.reflect.NativeMethodAccessorImpl.invoke(NativeMethodAccessorImpl.java:77)
	at java.base/jdk.internal.reflect.DelegatingMethodAccessorImpl.invoke(DelegatingMethodAccessorImpl.java:43)
	at java.base/java.lang.reflect.Method.invoke(Method.java:569)
	at org.junit.platform.commons.util.ReflectionUtils.invokeMethod(ReflectionUtils.java:767)
	at org.junit.jupiter.engine.execution.MethodInvocation.proceed(MethodInvocation.java:60)
	at org.junit.jupiter.engine.execution.InvocationInterceptorChain$ValidatingInvocation.proceed(InvocationInterceptorChain.java:131)
	at org.junit.jupiter.engine.extension.TimeoutExtension.intercept(TimeoutExtension.java:156)
	at org.junit.jupiter.engine.extension.TimeoutExtension.interceptTestableMethod(TimeoutExtension.java:147)
	at org.junit.jupiter.engine.extension.TimeoutExtension.interceptTestMethod(TimeoutExtension.java:86)
	at org.junit.jupiter.engine.execution.InterceptingExecutableInvoker$ReflectiveInterceptorCall.lambda$ofVoidMethod$0(InterceptingExecutableInvoker.java:103)
	at org.junit.jupiter.engine.execution.InterceptingExecutableInvoker.lambda$invoke$0(InterceptingExecutableInvoker.java:93)
	at org.junit.jupiter.engine.execution.InvocationInterceptorChain$InterceptedInvocation.proceed(InvocationInterceptorChain.java:106)
	at org.junit.jupiter.engine.execution.InvocationInterceptorChain.proceed(InvocationInterceptorChain.java:64)
	at org.junit.jupiter.engine.execution.InvocationInterceptorChain.chainAndInvoke(InvocationInterceptorChain.java:45)
	at org.junit.jupiter.engine.execution.InvocationInterceptorChain.invoke(InvocationInterceptorChain.java:37)
	at org.junit.jupiter.engine.execution.InterceptingExecutableInvoker.invoke(InterceptingExecutableInvoker.java:92)
	at org.junit.jupiter.engine.execution.InterceptingExecutableInvoker.invoke(InterceptingExecutableInvoker.java:86)
	at org.junit.jupiter.engine.descriptor.TestMethodTestDescriptor.lambda$invokeTestMethod$8(TestMethodTestDescriptor.java:217)
	at org.junit.platform.engine.support.hierarchical.ThrowableCollector.execute(ThrowableCollector.java:73)
	at org.junit.jupiter.engine.descriptor.TestMethodTestDescriptor.invokeTestMethod(TestMethodTestDescriptor.java:213)
	at org.junit.jupiter.engine.descriptor.TestMethodTestDescriptor.execute(TestMethodTestDescriptor.java:138)
	at org.junit.jupiter.engine.descriptor.TestMethodTestDescriptor.execute(TestMethodTestDescriptor.java:68)
	at org.junit.platform.engine.support.hierarchical.NodeTestTask.lambda$executeRecursively$6(NodeTestTask.java:156)
	at org.junit.platform.engine.support.hierarchical.ThrowableCollector.execute(ThrowableCollector.java:73)
	at org.junit.platform.engine.support.hierarchical.NodeTestTask.lambda$executeRecursively$8(NodeTestTask.java:146)
	at org.junit.platform.engine.support.hierarchical.Node.around(Node.java:137)
	at org.junit.platform.engine.support.hierarchical.NodeTestTask.lambda$executeRecursively$9(NodeTestTask.java:144)
	at org.junit.platform.engine.support.hierarchical.ThrowableCollector.execute(ThrowableCollector.java:73)
	at org.junit.platform.engine.support.hierarchical.NodeTestTask.executeRecursively(NodeTestTask.java:143)
	at org.junit.platform.engine.support.hierarchical.NodeTestTask.execute(NodeTestTask.java:100)
	at java.base/java.util.ArrayList.forEach(ArrayList.java:1511)
	at org.junit.platform.engine.support.hierarchical.SameThreadHierarchicalTestExecutorService.invokeAll(SameThreadHierarchicalTestExecutorService.java:41)
	at org.junit.platform.engine.support.hierarchical.NodeTestTask.lambda$executeRecursively$6(NodeTestTask.java:160)
	at org.junit.platform.engine.support.hierarchical.ThrowableCollector.execute(ThrowableCollector.java:73)
	at org.junit.platform.engine.support.hierarchical.NodeTestTask.lambda$executeRecursively$8(NodeTestTask.java:146)
	at org.junit.platform.engine.support.hierarchical.Node.around(Node.java:137)
	at org.junit.platform.engine.support.hierarchical.NodeTestTask.lambda$executeRecursively$9(NodeTestTask.java:144)
	at org.junit.platform.engine.support.hierarchical.ThrowableCollector.execute(ThrowableCollector.java:73)
	at org.junit.platform.engine.support.hierarchical.NodeTestTask.executeRecursively(NodeTestTask.java:143)
	at org.junit.platform.engine.support.hierarchical.NodeTestTask.execute(NodeTestTask.java:100)
	at java.base/java.util.ArrayList.forEach(ArrayList.java:1511)
	at org.junit.platform.engine.support.hierarchical.SameThreadHierarchicalTestExecutorService.invokeAll(SameThreadHierarchicalTestExecutorService.java:41)
	at org.junit.platform.engine.support.hierarchical.NodeTestTask.lambda$executeRecursively$6(NodeTestTask.java:160)
	at org.junit.platform.engine.support.hierarchical.ThrowableCollector.execute(ThrowableCollector.java:73)
	at org.junit.platform.engine.support.hierarchical.NodeTestTask.lambda$executeRecursively$8(NodeTestTask.java:146)
	at org.junit.platform.engine.support.hierarchical.Node.around(Node.java:137)
	at org.junit.platform.engine.support.hierarchical.NodeTestTask.lambda$executeRecursively$9(NodeTestTask.java:144)
	at org.junit.platform.engine.support.hierarchical.ThrowableCollector.execute(ThrowableCollector.java:73)
	at org.junit.platform.engine.support.hierarchical.NodeTestTask.executeRecursively(NodeTestTask.java:143)
	at org.junit.platform.engine.support.hierarchical.NodeTestTask.execute(NodeTestTask.java:100)
	at org.junit.platform.engine.support.hierarchical.SameThreadHierarchicalTestExecutorService.submit(SameThreadHierarchicalTestExecutorService.java:35)
	at org.junit.platform.engine.support.hierarchical.HierarchicalTestExecutor.execute(HierarchicalTestExecutor.java:57)
	at org.junit.platform.engine.support.hierarchical.HierarchicalTestEngine.execute(HierarchicalTestEngine.java:54)
	at org.junit.platform.launcher.core.EngineExecutionOrchestrator.execute(EngineExecutionOrchestrator.java:198)
	at org.junit.platform.launcher.core.EngineExecutionOrchestrator.execute(EngineExecutionOrchestrator.java:169)
	at org.junit.platform.launcher.core.EngineExecutionOrchestrator.execute(EngineExecutionOrchestrator.java:93)
	at org.junit.platform.launcher.core.EngineExecutionOrchestrator.lambda$execute$0(EngineExecutionOrchestrator.java:58)
	at org.junit.platform.launcher.core.EngineExecutionOrchestrator.withInterceptedStreams(EngineExecutionOrchestrator.java:141)
	at org.junit.platform.launcher.core.EngineExecutionOrchestrator.execute(EngineExecutionOrchestrator.java:57)
	at org.junit.platform.launcher.core.DefaultLauncher.execute(DefaultLauncher.java:103)
	at org.junit.platform.launcher.core.DefaultLauncher.execute(DefaultLauncher.java:85)
	at org.junit.platform.launcher.core.DelegatingLauncher.execute(DelegatingLauncher.java:47)
	at org.gradle.api.internal.tasks.testing.junitplatform.JUnitPlatformTestClassProcessor$CollectAllTestClassesExecutor.processAllTestClasses(JUnitPlatformTestClassProcessor.java:124)
	at org.gradle.api.internal.tasks.testing.junitplatform.JUnitPlatformTestClassProcessor$CollectAllTestClassesExecutor.access$000(JUnitPlatformTestClassProcessor.java:99)
	at org.gradle.api.internal.tasks.testing.junitplatform.JUnitPlatformTestClassProcessor.stop(JUnitPlatformTestClassProcessor.java:94)
	at org.gradle.api.internal.tasks.testing.SuiteTestClassProcessor.stop(SuiteTestClassProcessor.java:63)
	at java.base/jdk.internal.reflect.NativeMethodAccessorImpl.invoke0(Native Method)
	at java.base/jdk.internal.reflect.NativeMethodAccessorImpl.invoke(NativeMethodAccessorImpl.java:77)
	at java.base/jdk.internal.reflect.DelegatingMethodAccessorImpl.invoke(DelegatingMethodAccessorImpl.java:43)
	at java.base/java.lang.reflect.Method.invoke(Method.java:569)
	at org.gradle.internal.dispatch.ReflectionDispatch.dispatch(ReflectionDispatch.java:36)
	at org.gradle.internal.dispatch.ReflectionDispatch.dispatch(ReflectionDispatch.java:24)
	at org.gradle.internal.dispatch.ContextClassLoaderDispatch.dispatch(ContextClassLoaderDispatch.java:33)
	at org.gradle.internal.dispatch.ProxyDispatchAdapter$DispatchingInvocationHandler.invoke(ProxyDispatchAdapter.java:92)
	at jdk.proxy2/jdk.proxy2.$Proxy6.stop(Unknown Source)
	at org.gradle.api.internal.tasks.testing.worker.TestWorker$3.run(TestWorker.java:200)
	at org.gradle.api.internal.tasks.testing.worker.TestWorker.executeAndMaintainThreadName(TestWorker.java:132)
	at org.gradle.api.internal.tasks.testing.worker.TestWorker.execute(TestWorker.java:103)
	at org.gradle.api.internal.tasks.testing.worker.TestWorker.execute(TestWorker.java:63)
	at org.gradle.process.internal.worker.child.ActionExecutionWorker.execute(ActionExecutionWorker.java:56)
	at org.gradle.process.internal.worker.child.SystemApplicationClassLoaderWorker.call(SystemApplicationClassLoaderWorker.java:121)
	at org.gradle.process.internal.worker.child.SystemApplicationClassLoaderWorker.call(SystemApplicationClassLoaderWorker.java:71)
	at worker.org.gradle.process.internal.worker.GradleWorkerMain.run(GradleWorkerMain.java:69)
	at worker.org.gradle.process.internal.worker.GradleWorkerMain.main(GradleWorkerMain.java:74)
25-05-20 14:47:49.149 [Test worker] DEBUG c.s.m.d.config.MDCLoggingInterceptor [ee192da1fe0d48c6b9f361e2fd7e24de | PATCH | /api/users/c49405e1-0000-4772-8db2-09a570f3aeae/userStatus] - Request completed
25-05-20 14:47:49.155 [Test worker] DEBUG c.s.m.d.config.MDCLoggingInterceptor [e9951f81ff9b419f8a6594a6ab8a6c95 | PATCH | /api/users/a0f257ac-f6c9-449f-9a9e-e6cf353fc96f/userStatus] - Request started
25-05-20 14:47:49.159 [Test worker] DEBUG c.s.m.d.config.MDCLoggingInterceptor [e9951f81ff9b419f8a6594a6ab8a6c95 | PATCH | /api/users/a0f257ac-f6c9-449f-9a9e-e6cf353fc96f/userStatus] - Request completed
25-05-20 14:47:49.202 [Test worker] DEBUG c.s.m.d.config.MDCLoggingInterceptor [44364701d70541a5b5eeebe5ce471a7b | DELETE | /api/users/5ad80177-8d27-48ba-8219-d1916820077f] - Request started
25-05-20 14:47:49.204 [Test worker] DEBUG c.s.m.d.config.MDCLoggingInterceptor [44364701d70541a5b5eeebe5ce471a7b | DELETE | /api/users/5ad80177-8d27-48ba-8219-d1916820077f] - Request completed
25-05-20 14:47:49.209 [Test worker] DEBUG c.s.m.d.config.MDCLoggingInterceptor [2ea109f7daa64397bbd0d1b3a400033b | PATCH | /api/users/67f97923-5989-4fa6-99ac-35a5cfa8ca86] - Request started
25-05-20 14:47:49.210 [Test worker] INFO  c.s.m.d.controller.UserController    [2ea109f7daa64397bbd0d1b3a400033b | PATCH | /api/users/67f97923-5989-4fa6-99ac-35a5cfa8ca86] - 사용자 수정 요청: id=67f97923-5989-4fa6-99ac-35a5cfa8ca86, request=UserUpdateRequest[newUsername=updateduser, newEmail=updated@example.com, newPassword=UpdatedPassword1!]
25-05-20 14:47:49.210 [Test worker] DEBUG c.s.m.d.controller.UserController    [2ea109f7daa64397bbd0d1b3a400033b | PATCH | /api/users/67f97923-5989-4fa6-99ac-35a5cfa8ca86] - 사용자 수정 응답: UserDto[id=67f97923-5989-4fa6-99ac-35a5cfa8ca86, username=updateduser, email=updated@example.com, profile=BinaryContentDto[id=9232f684-9ef6-458f-a5ad-ff54daa9c404, fileName=updated-profile.jpg, size=14, contentType=image/jpeg], online=true]
25-05-20 14:47:49.211 [Test worker] DEBUG c.s.m.d.config.MDCLoggingInterceptor [2ea109f7daa64397bbd0d1b3a400033b | PATCH | /api/users/67f97923-5989-4fa6-99ac-35a5cfa8ca86] - Request completed
25-05-20 14:47:49.219 [Test worker] DEBUG c.s.m.d.config.MDCLoggingInterceptor [9e83f8afc720408cbe2007dc16bbbd21 | GET | /api/users] - Request started
25-05-20 14:47:49.223 [Test worker] DEBUG c.s.m.d.config.MDCLoggingInterceptor [9e83f8afc720408cbe2007dc16bbbd21 | GET | /api/users] - Request completed
25-05-20 14:47:49.229 [Test worker] DEBUG c.s.m.d.config.MDCLoggingInterceptor [ecdbd291f5084b789e72d6a08e2e8cc5 | DELETE | /api/users/aeecdcba-ff88-4a4d-9ff0-6e553d724e0c] - Request started
25-05-20 14:47:49.230 [Test worker] ERROR c.s.m.d.e.GlobalExceptionHandler     [ecdbd291f5084b789e72d6a08e2e8cc5 | DELETE | /api/users/aeecdcba-ff88-4a4d-9ff0-6e553d724e0c] - 커스텀 예외 발생: code=USER_NOT_FOUND, message=사용자를 찾을 수 없습니다.
com.sprint.mission.discodeit.exception.user.UserNotFoundException: 사용자를 찾을 수 없습니다.
	at com.sprint.mission.discodeit.controller.UserController.delete(UserController.java:81)
	at java.base/jdk.internal.reflect.NativeMethodAccessorImpl.invoke0(Native Method)
	at java.base/jdk.internal.reflect.NativeMethodAccessorImpl.invoke(NativeMethodAccessorImpl.java:77)
	at java.base/jdk.internal.reflect.DelegatingMethodAccessorImpl.invoke(DelegatingMethodAccessorImpl.java:43)
	at java.base/java.lang.reflect.Method.invoke(Method.java:569)
	at org.springframework.web.method.support.InvocableHandlerMethod.doInvoke(InvocableHandlerMethod.java:255)
	at org.springframework.web.method.support.InvocableHandlerMethod.invokeForRequest(InvocableHandlerMethod.java:188)
	at org.springframework.web.servlet.mvc.method.annotation.ServletInvocableHandlerMethod.invokeAndHandle(ServletInvocableHandlerMethod.java:118)
	at org.springframework.web.servlet.mvc.method.annotation.RequestMappingHandlerAdapter.invokeHandlerMethod(RequestMappingHandlerAdapter.java:986)
	at org.springframework.web.servlet.mvc.method.annotation.RequestMappingHandlerAdapter.handleInternal(RequestMappingHandlerAdapter.java:891)
	at org.springframework.web.servlet.mvc.method.AbstractHandlerMethodAdapter.handle(AbstractHandlerMethodAdapter.java:87)
	at org.springframework.web.servlet.DispatcherServlet.doDispatch(DispatcherServlet.java:1088)
	at org.springframework.web.servlet.DispatcherServlet.doService(DispatcherServlet.java:978)
	at org.springframework.web.servlet.FrameworkServlet.processRequest(FrameworkServlet.java:1014)
	at org.springframework.web.servlet.FrameworkServlet.doDelete(FrameworkServlet.java:936)
	at jakarta.servlet.http.HttpServlet.service(HttpServlet.java:596)
	at org.springframework.web.servlet.FrameworkServlet.service(FrameworkServlet.java:885)
	at org.springframework.test.web.servlet.TestDispatcherServlet.service(TestDispatcherServlet.java:72)
	at jakarta.servlet.http.HttpServlet.service(HttpServlet.java:658)
	at org.springframework.mock.web.MockFilterChain$ServletFilterProxy.doFilter(MockFilterChain.java:165)
	at org.springframework.mock.web.MockFilterChain.doFilter(MockFilterChain.java:132)
	at org.springframework.web.filter.RequestContextFilter.doFilterInternal(RequestContextFilter.java:100)
	at org.springframework.web.filter.OncePerRequestFilter.doFilter(OncePerRequestFilter.java:116)
	at org.springframework.test.web.servlet.setup.MockMvcFilterDecorator.doFilter(MockMvcFilterDecorator.java:162)
	at org.springframework.mock.web.MockFilterChain.doFilter(MockFilterChain.java:132)
	at org.springframework.web.filter.FormContentFilter.doFilterInternal(FormContentFilter.java:93)
	at org.springframework.web.filter.OncePerRequestFilter.doFilter(OncePerRequestFilter.java:116)
	at org.springframework.test.web.servlet.setup.MockMvcFilterDecorator.doFilter(MockMvcFilterDecorator.java:162)
	at org.springframework.mock.web.MockFilterChain.doFilter(MockFilterChain.java:132)
	at org.springframework.web.filter.CharacterEncodingFilter.doFilterInternal(CharacterEncodingFilter.java:201)
	at org.springframework.web.filter.OncePerRequestFilter.doFilter(OncePerRequestFilter.java:116)
	at org.springframework.test.web.servlet.setup.MockMvcFilterDecorator.doFilter(MockMvcFilterDecorator.java:162)
	at org.springframework.mock.web.MockFilterChain.doFilter(MockFilterChain.java:132)
	at org.springframework.test.web.servlet.MockMvc.perform(MockMvc.java:201)
	at com.sprint.mission.discodeit.controller.UserControllerTest.deleteUser_Failure_UserNotFound(UserControllerTest.java:296)
	at java.base/jdk.internal.reflect.NativeMethodAccessorImpl.invoke0(Native Method)
	at java.base/jdk.internal.reflect.NativeMethodAccessorImpl.invoke(NativeMethodAccessorImpl.java:77)
	at java.base/jdk.internal.reflect.DelegatingMethodAccessorImpl.invoke(DelegatingMethodAccessorImpl.java:43)
	at java.base/java.lang.reflect.Method.invoke(Method.java:569)
	at org.junit.platform.commons.util.ReflectionUtils.invokeMethod(ReflectionUtils.java:767)
	at org.junit.jupiter.engine.execution.MethodInvocation.proceed(MethodInvocation.java:60)
	at org.junit.jupiter.engine.execution.InvocationInterceptorChain$ValidatingInvocation.proceed(InvocationInterceptorChain.java:131)
	at org.junit.jupiter.engine.extension.TimeoutExtension.intercept(TimeoutExtension.java:156)
	at org.junit.jupiter.engine.extension.TimeoutExtension.interceptTestableMethod(TimeoutExtension.java:147)
	at org.junit.jupiter.engine.extension.TimeoutExtension.interceptTestMethod(TimeoutExtension.java:86)
	at org.junit.jupiter.engine.execution.InterceptingExecutableInvoker$ReflectiveInterceptorCall.lambda$ofVoidMethod$0(InterceptingExecutableInvoker.java:103)
	at org.junit.jupiter.engine.execution.InterceptingExecutableInvoker.lambda$invoke$0(InterceptingExecutableInvoker.java:93)
	at org.junit.jupiter.engine.execution.InvocationInterceptorChain$InterceptedInvocation.proceed(InvocationInterceptorChain.java:106)
	at org.junit.jupiter.engine.execution.InvocationInterceptorChain.proceed(InvocationInterceptorChain.java:64)
	at org.junit.jupiter.engine.execution.InvocationInterceptorChain.chainAndInvoke(InvocationInterceptorChain.java:45)
	at org.junit.jupiter.engine.execution.InvocationInterceptorChain.invoke(InvocationInterceptorChain.java:37)
	at org.junit.jupiter.engine.execution.InterceptingExecutableInvoker.invoke(InterceptingExecutableInvoker.java:92)
	at org.junit.jupiter.engine.execution.InterceptingExecutableInvoker.invoke(InterceptingExecutableInvoker.java:86)
	at org.junit.jupiter.engine.descriptor.TestMethodTestDescriptor.lambda$invokeTestMethod$8(TestMethodTestDescriptor.java:217)
	at org.junit.platform.engine.support.hierarchical.ThrowableCollector.execute(ThrowableCollector.java:73)
	at org.junit.jupiter.engine.descriptor.TestMethodTestDescriptor.invokeTestMethod(TestMethodTestDescriptor.java:213)
	at org.junit.jupiter.engine.descriptor.TestMethodTestDescriptor.execute(TestMethodTestDescriptor.java:138)
	at org.junit.jupiter.engine.descriptor.TestMethodTestDescriptor.execute(TestMethodTestDescriptor.java:68)
	at org.junit.platform.engine.support.hierarchical.NodeTestTask.lambda$executeRecursively$6(NodeTestTask.java:156)
	at org.junit.platform.engine.support.hierarchical.ThrowableCollector.execute(ThrowableCollector.java:73)
	at org.junit.platform.engine.support.hierarchical.NodeTestTask.lambda$executeRecursively$8(NodeTestTask.java:146)
	at org.junit.platform.engine.support.hierarchical.Node.around(Node.java:137)
	at org.junit.platform.engine.support.hierarchical.NodeTestTask.lambda$executeRecursively$9(NodeTestTask.java:144)
	at org.junit.platform.engine.support.hierarchical.ThrowableCollector.execute(ThrowableCollector.java:73)
	at org.junit.platform.engine.support.hierarchical.NodeTestTask.executeRecursively(NodeTestTask.java:143)
	at org.junit.platform.engine.support.hierarchical.NodeTestTask.execute(NodeTestTask.java:100)
	at java.base/java.util.ArrayList.forEach(ArrayList.java:1511)
	at org.junit.platform.engine.support.hierarchical.SameThreadHierarchicalTestExecutorService.invokeAll(SameThreadHierarchicalTestExecutorService.java:41)
	at org.junit.platform.engine.support.hierarchical.NodeTestTask.lambda$executeRecursively$6(NodeTestTask.java:160)
	at org.junit.platform.engine.support.hierarchical.ThrowableCollector.execute(ThrowableCollector.java:73)
	at org.junit.platform.engine.support.hierarchical.NodeTestTask.lambda$executeRecursively$8(NodeTestTask.java:146)
	at org.junit.platform.engine.support.hierarchical.Node.around(Node.java:137)
	at org.junit.platform.engine.support.hierarchical.NodeTestTask.lambda$executeRecursively$9(NodeTestTask.java:144)
	at org.junit.platform.engine.support.hierarchical.ThrowableCollector.execute(ThrowableCollector.java:73)
	at org.junit.platform.engine.support.hierarchical.NodeTestTask.executeRecursively(NodeTestTask.java:143)
	at org.junit.platform.engine.support.hierarchical.NodeTestTask.execute(NodeTestTask.java:100)
	at java.base/java.util.ArrayList.forEach(ArrayList.java:1511)
	at org.junit.platform.engine.support.hierarchical.SameThreadHierarchicalTestExecutorService.invokeAll(SameThreadHierarchicalTestExecutorService.java:41)
	at org.junit.platform.engine.support.hierarchical.NodeTestTask.lambda$executeRecursively$6(NodeTestTask.java:160)
	at org.junit.platform.engine.support.hierarchical.ThrowableCollector.execute(ThrowableCollector.java:73)
	at org.junit.platform.engine.support.hierarchical.NodeTestTask.lambda$executeRecursively$8(NodeTestTask.java:146)
	at org.junit.platform.engine.support.hierarchical.Node.around(Node.java:137)
	at org.junit.platform.engine.support.hierarchical.NodeTestTask.lambda$executeRecursively$9(NodeTestTask.java:144)
	at org.junit.platform.engine.support.hierarchical.ThrowableCollector.execute(ThrowableCollector.java:73)
	at org.junit.platform.engine.support.hierarchical.NodeTestTask.executeRecursively(NodeTestTask.java:143)
	at org.junit.platform.engine.support.hierarchical.NodeTestTask.execute(NodeTestTask.java:100)
	at org.junit.platform.engine.support.hierarchical.SameThreadHierarchicalTestExecutorService.submit(SameThreadHierarchicalTestExecutorService.java:35)
	at org.junit.platform.engine.support.hierarchical.HierarchicalTestExecutor.execute(HierarchicalTestExecutor.java:57)
	at org.junit.platform.engine.support.hierarchical.HierarchicalTestEngine.execute(HierarchicalTestEngine.java:54)
	at org.junit.platform.launcher.core.EngineExecutionOrchestrator.execute(EngineExecutionOrchestrator.java:198)
	at org.junit.platform.launcher.core.EngineExecutionOrchestrator.execute(EngineExecutionOrchestrator.java:169)
	at org.junit.platform.launcher.core.EngineExecutionOrchestrator.execute(EngineExecutionOrchestrator.java:93)
	at org.junit.platform.launcher.core.EngineExecutionOrchestrator.lambda$execute$0(EngineExecutionOrchestrator.java:58)
	at org.junit.platform.launcher.core.EngineExecutionOrchestrator.withInterceptedStreams(EngineExecutionOrchestrator.java:141)
	at org.junit.platform.launcher.core.EngineExecutionOrchestrator.execute(EngineExecutionOrchestrator.java:57)
	at org.junit.platform.launcher.core.DefaultLauncher.execute(DefaultLauncher.java:103)
	at org.junit.platform.launcher.core.DefaultLauncher.execute(DefaultLauncher.java:85)
	at org.junit.platform.launcher.core.DelegatingLauncher.execute(DelegatingLauncher.java:47)
	at org.gradle.api.internal.tasks.testing.junitplatform.JUnitPlatformTestClassProcessor$CollectAllTestClassesExecutor.processAllTestClasses(JUnitPlatformTestClassProcessor.java:124)
	at org.gradle.api.internal.tasks.testing.junitplatform.JUnitPlatformTestClassProcessor$CollectAllTestClassesExecutor.access$000(JUnitPlatformTestClassProcessor.java:99)
	at org.gradle.api.internal.tasks.testing.junitplatform.JUnitPlatformTestClassProcessor.stop(JUnitPlatformTestClassProcessor.java:94)
	at org.gradle.api.internal.tasks.testing.SuiteTestClassProcessor.stop(SuiteTestClassProcessor.java:63)
	at java.base/jdk.internal.reflect.NativeMethodAccessorImpl.invoke0(Native Method)
	at java.base/jdk.internal.reflect.NativeMethodAccessorImpl.invoke(NativeMethodAccessorImpl.java:77)
	at java.base/jdk.internal.reflect.DelegatingMethodAccessorImpl.invoke(DelegatingMethodAccessorImpl.java:43)
	at java.base/java.lang.reflect.Method.invoke(Method.java:569)
	at org.gradle.internal.dispatch.ReflectionDispatch.dispatch(ReflectionDispatch.java:36)
	at org.gradle.internal.dispatch.ReflectionDispatch.dispatch(ReflectionDispatch.java:24)
	at org.gradle.internal.dispatch.ContextClassLoaderDispatch.dispatch(ContextClassLoaderDispatch.java:33)
	at org.gradle.internal.dispatch.ProxyDispatchAdapter$DispatchingInvocationHandler.invoke(ProxyDispatchAdapter.java:92)
	at jdk.proxy2/jdk.proxy2.$Proxy6.stop(Unknown Source)
	at org.gradle.api.internal.tasks.testing.worker.TestWorker$3.run(TestWorker.java:200)
	at org.gradle.api.internal.tasks.testing.worker.TestWorker.executeAndMaintainThreadName(TestWorker.java:132)
	at org.gradle.api.internal.tasks.testing.worker.TestWorker.execute(TestWorker.java:103)
	at org.gradle.api.internal.tasks.testing.worker.TestWorker.execute(TestWorker.java:63)
	at org.gradle.process.internal.worker.child.ActionExecutionWorker.execute(ActionExecutionWorker.java:56)
	at org.gradle.process.internal.worker.child.SystemApplicationClassLoaderWorker.call(SystemApplicationClassLoaderWorker.java:121)
	at org.gradle.process.internal.worker.child.SystemApplicationClassLoaderWorker.call(SystemApplicationClassLoaderWorker.java:71)
	at worker.org.gradle.process.internal.worker.GradleWorkerMain.run(GradleWorkerMain.java:69)
	at worker.org.gradle.process.internal.worker.GradleWorkerMain.main(GradleWorkerMain.java:74)
25-05-20 14:47:49.235 [Test worker] DEBUG c.s.m.d.config.MDCLoggingInterceptor [ecdbd291f5084b789e72d6a08e2e8cc5 | DELETE | /api/users/aeecdcba-ff88-4a4d-9ff0-6e553d724e0c] - Request completed
25-05-20 14:47:49.241 [Test worker] INFO  o.s.t.c.s.AnnotationConfigContextLoaderUtils [ |  | ] - Could not detect default configuration classes for test class [com.sprint.mission.discodeit.integration.AuthApiIntegrationTest]: AuthApiIntegrationTest does not declare any static, non-private, non-final, nested classes annotated with @Configuration.
25-05-20 14:47:49.252 [Test worker] INFO  o.s.b.t.c.SpringBootTestContextBootstrapper [ |  | ] - Found @SpringBootConfiguration com.sprint.mission.discodeit.DiscodeitApplication for test class com.sprint.mission.discodeit.integration.AuthApiIntegrationTest
25-05-20 14:47:49.296 [Test worker] INFO  c.s.m.d.i.AuthApiIntegrationTest     [ |  | ] - Starting AuthApiIntegrationTest using Java 17.0.14 with PID 56020 (started by jasonheo in /Users/jasonheo/2-sprint-mission)
25-05-20 14:47:49.297 [Test worker] DEBUG c.s.m.d.i.AuthApiIntegrationTest     [ |  | ] - Running with Spring Boot v3.4.0, Spring v6.2.0
25-05-20 14:47:49.297 [Test worker] INFO  c.s.m.d.i.AuthApiIntegrationTest     [ |  | ] - The following 1 profile is active: "test"
25-05-20 14:47:49.759 [Test worker] INFO  o.s.d.r.c.RepositoryConfigurationDelegate [ |  | ] - Bootstrapping Spring Data JPA repositories in DEFAULT mode.
25-05-20 14:47:49.784 [Test worker] INFO  o.s.d.r.c.RepositoryConfigurationDelegate [ |  | ] - Finished Spring Data repository scanning in 22 ms. Found 6 JPA repository interfaces.
25-05-20 14:47:49.973 [Test worker] INFO  com.zaxxer.hikari.HikariDataSource   [ |  | ] - HikariPool-2 - Starting...
25-05-20 14:47:51.136 [Test worker] INFO  com.zaxxer.hikari.pool.HikariPool    [ |  | ] - HikariPool-2 - Added connection conn0: url=jdbc:h2:mem:testdb user=SA
25-05-20 14:47:51.137 [Test worker] INFO  com.zaxxer.hikari.HikariDataSource   [ |  | ] - HikariPool-2 - Start completed.
25-05-20 14:47:51.307 [Test worker] INFO  o.h.jpa.internal.util.LogHelper      [ |  | ] - HHH000204: Processing PersistenceUnitInfo [name: default]
25-05-20 14:47:51.312 [Test worker] INFO  o.h.c.i.RegionFactoryInitiator       [ |  | ] - HHH000026: Second-level cache disabled
25-05-20 14:47:51.329 [Test worker] INFO  o.s.o.j.p.SpringPersistenceUnitInfo  [ |  | ] - No LoadTimeWeaver setup: ignoring JPA class transformer
25-05-20 14:47:51.358 [Test worker] INFO  o.hibernate.orm.connections.pooling  [ |  | ] - HHH10001005: Database info:
	Database JDBC URL [Connecting through datasource 'HikariDataSource (HikariPool-2)']
	Database driver: undefined/unknown
	Database version: 2.3.232
	Autocommit mode: undefined/unknown
	Isolation level: undefined/unknown
	Minimum pool size: undefined/unknown
	Maximum pool size: undefined/unknown
25-05-20 14:47:51.598 [Test worker] INFO  o.h.e.t.j.p.i.JtaPlatformInitiator   [ |  | ] - HHH000489: No JTA platform available (set 'hibernate.transaction.jta.platform' to enable JTA platform integration)
25-05-20 14:47:51.610 [Test worker] DEBUG org.hibernate.SQL                    [ |  | ] - 
    drop table if exists binary_contents cascade 
25-05-20 14:47:51.613 [Test worker] DEBUG org.hibernate.SQL                    [ |  | ] - 
    drop table if exists channels cascade 
25-05-20 14:47:51.614 [Test worker] DEBUG org.hibernate.SQL                    [ |  | ] - 
    drop table if exists message_attachments cascade 
25-05-20 14:47:51.615 [Test worker] DEBUG org.hibernate.SQL                    [ |  | ] - 
    drop table if exists messages cascade 
25-05-20 14:47:51.617 [Test worker] DEBUG org.hibernate.SQL                    [ |  | ] - 
    drop table if exists read_statuses cascade 
25-05-20 14:47:51.618 [Test worker] DEBUG org.hibernate.SQL                    [ |  | ] - 
    drop table if exists user_statuses cascade 
25-05-20 14:47:51.619 [Test worker] DEBUG org.hibernate.SQL                    [ |  | ] - 
    drop table if exists users cascade 
25-05-20 14:47:51.628 [Test worker] DEBUG org.hibernate.SQL                    [ |  | ] - 
    create table binary_contents (
        created_at timestamp with time zone not null,
        size bigint not null,
        id uuid not null,
        content_type varchar(100) not null,
        file_name varchar(255) not null,
        primary key (id)
    )
25-05-20 14:47:51.630 [Test worker] DEBUG org.hibernate.SQL                    [ |  | ] - 
    create table channels (
        created_at timestamp with time zone not null,
        updated_at timestamp with time zone,
        id uuid not null,
        name varchar(100),
        description varchar(500),
        type enum ('PRIVATE','PUBLIC') not null,
        primary key (id)
    )
25-05-20 14:47:51.632 [Test worker] DEBUG org.hibernate.SQL                    [ |  | ] - 
    create table message_attachments (
        attachment_id uuid not null unique,
        message_id uuid not null
    )
25-05-20 14:47:51.634 [Test worker] DEBUG org.hibernate.SQL                    [ |  | ] - 
    create table messages (
        created_at timestamp with time zone not null,
        updated_at timestamp with time zone,
        author_id uuid,
        channel_id uuid not null,
        id uuid not null,
        content text not null,
        primary key (id)
    )
25-05-20 14:47:51.636 [Test worker] DEBUG org.hibernate.SQL                    [ |  | ] - 
    create table read_statuses (
        created_at timestamp with time zone not null,
        last_read_at timestamp with time zone not null,
        updated_at timestamp with time zone,
        channel_id uuid not null,
        id uuid not null,
        user_id uuid not null,
        primary key (id),
        unique (user_id, channel_id)
    )
25-05-20 14:47:51.637 [Test worker] DEBUG org.hibernate.SQL                    [ |  | ] - 
    create table user_statuses (
        created_at timestamp with time zone not null,
        last_active_at timestamp with time zone not null,
        updated_at timestamp with time zone,
        id uuid not null,
        user_id uuid not null unique,
        primary key (id)
    )
25-05-20 14:47:51.639 [Test worker] DEBUG org.hibernate.SQL                    [ |  | ] - 
    create table users (
        created_at timestamp with time zone not null,
        updated_at timestamp with time zone,
        id uuid not null,
        profile_id uuid unique,
        username varchar(50) not null unique,
        password varchar(60) not null,
        email varchar(100) not null unique,
        primary key (id)
    )
25-05-20 14:47:51.642 [Test worker] DEBUG org.hibernate.SQL                    [ |  | ] - 
    alter table if exists message_attachments 
       add constraint FKsd1m8rb8jcpbcnb7rpdue7ctc 
       foreign key (attachment_id) 
       references binary_contents
25-05-20 14:47:51.643 [Test worker] DEBUG org.hibernate.SQL                    [ |  | ] - 
    alter table if exists message_attachments 
       add constraint FKj7twd218e2gqw9cmlhwvo1rth 
       foreign key (message_id) 
       references messages
25-05-20 14:47:51.645 [Test worker] DEBUG org.hibernate.SQL                    [ |  | ] - 
    alter table if exists messages 
       add constraint FKowtlim26svclkatusptbgi7u1 
       foreign key (author_id) 
       references users
25-05-20 14:47:51.647 [Test worker] DEBUG org.hibernate.SQL                    [ |  | ] - 
    alter table if exists messages 
       add constraint FK3u3ckbhwq9se1cmopk2pq05b2 
       foreign key (channel_id) 
       references channels
25-05-20 14:47:51.650 [Test worker] DEBUG org.hibernate.SQL                    [ |  | ] - 
    alter table if exists read_statuses 
       add constraint FKa38ri44ml4gfdpklx4ahqr8gd 
       foreign key (channel_id) 
       references channels
25-05-20 14:47:51.653 [Test worker] DEBUG org.hibernate.SQL                    [ |  | ] - 
    alter table if exists read_statuses 
       add constraint FKml3k4wr9sj5yxrmj6d0aoib2e 
       foreign key (user_id) 
       references users
25-05-20 14:47:51.654 [Test worker] DEBUG org.hibernate.SQL                    [ |  | ] - 
    alter table if exists user_statuses 
       add constraint FK4lfl3ei2ubchgcxrrpo3pw4mm 
       foreign key (user_id) 
       references users
25-05-20 14:47:51.656 [Test worker] DEBUG org.hibernate.SQL                    [ |  | ] - 
    alter table if exists users 
       add constraint FKtbudycgrip49xdptogmhfqnso 
       foreign key (profile_id) 
       references binary_contents
25-05-20 14:47:51.659 [Test worker] INFO  o.s.o.j.LocalContainerEntityManagerFactoryBean [ |  | ] - Initialized JPA EntityManagerFactory for persistence unit 'default'
25-05-20 14:47:52.127 [Test worker] INFO  o.s.b.a.w.s.WelcomePageHandlerMapping [ |  | ] - Adding welcome page: class path resource [static/index.html]
25-05-20 14:47:52.674 [Test worker] INFO  o.s.b.t.m.w.SpringBootMockServletContext [ |  | ] - Initializing Spring TestDispatcherServlet ''
25-05-20 14:47:52.674 [Test worker] INFO  o.s.t.w.s.TestDispatcherServlet      [ |  | ] - Initializing Servlet ''
25-05-20 14:47:52.680 [Test worker] INFO  o.s.b.a.e.web.EndpointLinksResolver  [ |  | ] - Exposing 4 endpoints beneath base path '/actuator'
25-05-20 14:47:52.700 [Test worker] INFO  o.s.t.w.s.TestDispatcherServlet      [ |  | ] - Completed initialization in 26 ms
25-05-20 14:47:52.756 [Test worker] INFO  c.s.m.d.i.AuthApiIntegrationTest     [ |  | ] - Started AuthApiIntegrationTest in 3.501 seconds (process running for 16.622)
25-05-20 14:47:52.799 [Test worker] DEBUG c.s.m.d.config.MDCLoggingInterceptor [969f566f1ef74100a3eaa43226cf1a07 | POST | /api/auth/login] - Request started
25-05-20 14:47:52.810 [Test worker] ERROR c.s.m.d.e.GlobalExceptionHandler     [969f566f1ef74100a3eaa43226cf1a07 | POST | /api/auth/login] - 요청 유효성 검사 실패: Validation failed for argument [0] in public org.springframework.http.ResponseEntity<com.sprint.mission.discodeit.dto.data.UserDto> com.sprint.mission.discodeit.controller.AuthController.login(com.sprint.mission.discodeit.dto.request.LoginRequest) with 2 errors: [Field error in object 'loginRequest' on field 'username': rejected value []; codes [NotBlank.loginRequest.username,NotBlank.username,NotBlank.java.lang.String,NotBlank]; arguments [org.springframework.context.support.DefaultMessageSourceResolvable: codes [loginRequest.username,username]; arguments []; default message [username]]; default message [사용자 이름은 필수입니다]] [Field error in object 'loginRequest' on field 'password': rejected value []; codes [NotBlank.loginRequest.password,NotBlank.password,NotBlank.java.lang.String,NotBlank]; arguments [org.springframework.context.support.DefaultMessageSourceResolvable: codes [loginRequest.password,password]; arguments []; default message [password]]; default message [비밀번호는 필수입니다]] 
25-05-20 14:47:52.815 [Test worker] DEBUG c.s.m.d.config.MDCLoggingInterceptor [969f566f1ef74100a3eaa43226cf1a07 | POST | /api/auth/login] - Request completed
25-05-20 14:47:52.840 [Test worker] DEBUG c.s.m.d.s.basic.BasicUserService     [ |  | ] - 사용자 생성 시작: UserCreateRequest[username=loginuser2, email=login2@example.com, password=Password1!]
25-05-20 14:47:52.988 [Test worker] DEBUG org.hibernate.SQL                    [ |  | ] - 
    select
        u1_0.id 
    from
        users u1_0 
    where
        u1_0.email=? 
    fetch
        first ? rows only
25-05-20 14:47:52.996 [Test worker] TRACE org.hibernate.orm.jdbc.bind          [ |  | ] - binding parameter (1:VARCHAR) <- [login2@example.com]
25-05-20 14:47:52.997 [Test worker] TRACE org.hibernate.orm.jdbc.bind          [ |  | ] - binding parameter (2:INTEGER) <- [1]
25-05-20 14:47:53.051 [Test worker] DEBUG org.hibernate.SQL                    [ |  | ] - 
    select
        u1_0.id 
    from
        users u1_0 
    where
        u1_0.username=? 
    fetch
        first ? rows only
25-05-20 14:47:53.054 [Test worker] TRACE org.hibernate.orm.jdbc.bind          [ |  | ] - binding parameter (1:VARCHAR) <- [loginuser2]
25-05-20 14:47:53.054 [Test worker] TRACE org.hibernate.orm.jdbc.bind          [ |  | ] - binding parameter (2:INTEGER) <- [1]
25-05-20 14:47:53.127 [Test worker] INFO  c.s.m.d.s.basic.BasicUserService     [ |  | ] - 사용자 생성 완료: id=2392f995-3ca7-4e26-b1fb-a856f2f55f27, username=loginuser2
25-05-20 14:47:53.129 [Test worker] DEBUG c.s.m.d.config.MDCLoggingInterceptor [5615f58bca7144b2ba23707e9be3ae1d | POST | /api/auth/login] - Request started
25-05-20 14:47:53.130 [Test worker] INFO  c.s.m.d.controller.AuthController    [5615f58bca7144b2ba23707e9be3ae1d | POST | /api/auth/login] - 로그인 요청: username=loginuser2
25-05-20 14:47:53.130 [Test worker] DEBUG c.s.m.d.s.basic.BasicAuthService     [5615f58bca7144b2ba23707e9be3ae1d | POST | /api/auth/login] - 로그인 시도: username=loginuser2
25-05-20 14:47:53.166 [Test worker] DEBUG org.hibernate.SQL                    [5615f58bca7144b2ba23707e9be3ae1d | POST | /api/auth/login] - 
    insert 
    into
        users
        (created_at, email, password, profile_id, updated_at, username, id) 
    values
        (?, ?, ?, ?, ?, ?, ?)
25-05-20 14:47:53.169 [Test worker] TRACE org.hibernate.orm.jdbc.bind          [5615f58bca7144b2ba23707e9be3ae1d | POST | /api/auth/login] - binding parameter (1:TIMESTAMP_UTC) <- [2025-05-20T05:47:53.088578Z]
25-05-20 14:47:53.178 [Test worker] TRACE org.hibernate.orm.jdbc.bind          [5615f58bca7144b2ba23707e9be3ae1d | POST | /api/auth/login] - binding parameter (2:VARCHAR) <- [login2@example.com]
25-05-20 14:47:53.178 [Test worker] TRACE org.hibernate.orm.jdbc.bind          [5615f58bca7144b2ba23707e9be3ae1d | POST | /api/auth/login] - binding parameter (3:VARCHAR) <- [Password1!]
25-05-20 14:47:53.178 [Test worker] TRACE org.hibernate.orm.jdbc.bind          [5615f58bca7144b2ba23707e9be3ae1d | POST | /api/auth/login] - binding parameter (4:UUID) <- [null]
25-05-20 14:47:53.178 [Test worker] TRACE org.hibernate.orm.jdbc.bind          [5615f58bca7144b2ba23707e9be3ae1d | POST | /api/auth/login] - binding parameter (5:TIMESTAMP_UTC) <- [2025-05-20T05:47:53.088578Z]
25-05-20 14:47:53.179 [Test worker] TRACE org.hibernate.orm.jdbc.bind          [5615f58bca7144b2ba23707e9be3ae1d | POST | /api/auth/login] - binding parameter (6:VARCHAR) <- [loginuser2]
25-05-20 14:47:53.179 [Test worker] TRACE org.hibernate.orm.jdbc.bind          [5615f58bca7144b2ba23707e9be3ae1d | POST | /api/auth/login] - binding parameter (7:UUID) <- [2392f995-3ca7-4e26-b1fb-a856f2f55f27]
25-05-20 14:47:53.183 [Test worker] DEBUG org.hibernate.SQL                    [5615f58bca7144b2ba23707e9be3ae1d | POST | /api/auth/login] - 
    insert 
    into
        user_statuses
        (created_at, last_active_at, updated_at, user_id, id) 
    values
        (?, ?, ?, ?, ?)
25-05-20 14:47:53.184 [Test worker] TRACE org.hibernate.orm.jdbc.bind          [5615f58bca7144b2ba23707e9be3ae1d | POST | /api/auth/login] - binding parameter (1:TIMESTAMP_UTC) <- [2025-05-20T05:47:53.124498Z]
25-05-20 14:47:53.184 [Test worker] TRACE org.hibernate.orm.jdbc.bind          [5615f58bca7144b2ba23707e9be3ae1d | POST | /api/auth/login] - binding parameter (2:TIMESTAMP_UTC) <- [2025-05-20T05:47:53.056536Z]
25-05-20 14:47:53.184 [Test worker] TRACE org.hibernate.orm.jdbc.bind          [5615f58bca7144b2ba23707e9be3ae1d | POST | /api/auth/login] - binding parameter (3:TIMESTAMP_UTC) <- [2025-05-20T05:47:53.124498Z]
25-05-20 14:47:53.184 [Test worker] TRACE org.hibernate.orm.jdbc.bind          [5615f58bca7144b2ba23707e9be3ae1d | POST | /api/auth/login] - binding parameter (4:UUID) <- [2392f995-3ca7-4e26-b1fb-a856f2f55f27]
25-05-20 14:47:53.185 [Test worker] TRACE org.hibernate.orm.jdbc.bind          [5615f58bca7144b2ba23707e9be3ae1d | POST | /api/auth/login] - binding parameter (5:UUID) <- [cc617437-f8d4-429b-882f-4765224d3f77]
25-05-20 14:47:53.186 [Test worker] DEBUG org.hibernate.SQL                    [5615f58bca7144b2ba23707e9be3ae1d | POST | /api/auth/login] - 
    select
        u1_0.id,
        u1_0.created_at,
        u1_0.email,
        u1_0.password,
        u1_0.profile_id,
        u1_0.updated_at,
        u1_0.username 
    from
        users u1_0 
    where
        u1_0.username=?
25-05-20 14:47:53.187 [Test worker] TRACE org.hibernate.orm.jdbc.bind          [5615f58bca7144b2ba23707e9be3ae1d | POST | /api/auth/login] - binding parameter (1:VARCHAR) <- [loginuser2]
25-05-20 14:47:53.212 [Test worker] ERROR c.s.m.d.e.GlobalExceptionHandler     [5615f58bca7144b2ba23707e9be3ae1d | POST | /api/auth/login] - 커스텀 예외 발생: code=INVALID_USER_CREDENTIALS, message=잘못된 사용자 인증 정보입니다.
com.sprint.mission.discodeit.exception.user.InvalidCredentialsException: 잘못된 사용자 인증 정보입니다.
	at com.sprint.mission.discodeit.exception.user.InvalidCredentialsException.wrongPassword(InvalidCredentialsException.java:11)
	at com.sprint.mission.discodeit.service.basic.BasicAuthService.login(BasicAuthService.java:36)
	at java.base/jdk.internal.reflect.NativeMethodAccessorImpl.invoke0(Native Method)
	at java.base/jdk.internal.reflect.NativeMethodAccessorImpl.invoke(NativeMethodAccessorImpl.java:77)
	at java.base/jdk.internal.reflect.DelegatingMethodAccessorImpl.invoke(DelegatingMethodAccessorImpl.java:43)
	at java.base/java.lang.reflect.Method.invoke(Method.java:569)
	at org.springframework.aop.support.AopUtils.invokeJoinpointUsingReflection(AopUtils.java:359)
	at org.springframework.aop.framework.ReflectiveMethodInvocation.invokeJoinpoint(ReflectiveMethodInvocation.java:196)
	at org.springframework.aop.framework.ReflectiveMethodInvocation.proceed(ReflectiveMethodInvocation.java:163)
	at org.springframework.transaction.interceptor.TransactionAspectSupport.invokeWithinTransaction(TransactionAspectSupport.java:380)
	at org.springframework.transaction.interceptor.TransactionInterceptor.invoke(TransactionInterceptor.java:119)
	at org.springframework.aop.framework.ReflectiveMethodInvocation.proceed(ReflectiveMethodInvocation.java:184)
	at org.springframework.aop.framework.CglibAopProxy$DynamicAdvisedInterceptor.intercept(CglibAopProxy.java:727)
	at com.sprint.mission.discodeit.service.basic.BasicAuthService$$SpringCGLIB$$0.login(<generated>)
	at com.sprint.mission.discodeit.controller.AuthController.login(AuthController.java:28)
	at java.base/jdk.internal.reflect.NativeMethodAccessorImpl.invoke0(Native Method)
	at java.base/jdk.internal.reflect.NativeMethodAccessorImpl.invoke(NativeMethodAccessorImpl.java:77)
	at java.base/jdk.internal.reflect.DelegatingMethodAccessorImpl.invoke(DelegatingMethodAccessorImpl.java:43)
	at java.base/java.lang.reflect.Method.invoke(Method.java:569)
	at org.springframework.web.method.support.InvocableHandlerMethod.doInvoke(InvocableHandlerMethod.java:255)
	at org.springframework.web.method.support.InvocableHandlerMethod.invokeForRequest(InvocableHandlerMethod.java:188)
	at org.springframework.web.servlet.mvc.method.annotation.ServletInvocableHandlerMethod.invokeAndHandle(ServletInvocableHandlerMethod.java:118)
	at org.springframework.web.servlet.mvc.method.annotation.RequestMappingHandlerAdapter.invokeHandlerMethod(RequestMappingHandlerAdapter.java:986)
	at org.springframework.web.servlet.mvc.method.annotation.RequestMappingHandlerAdapter.handleInternal(RequestMappingHandlerAdapter.java:891)
	at org.springframework.web.servlet.mvc.method.AbstractHandlerMethodAdapter.handle(AbstractHandlerMethodAdapter.java:87)
	at org.springframework.web.servlet.DispatcherServlet.doDispatch(DispatcherServlet.java:1088)
	at org.springframework.web.servlet.DispatcherServlet.doService(DispatcherServlet.java:978)
	at org.springframework.web.servlet.FrameworkServlet.processRequest(FrameworkServlet.java:1014)
	at org.springframework.web.servlet.FrameworkServlet.doPost(FrameworkServlet.java:914)
	at jakarta.servlet.http.HttpServlet.service(HttpServlet.java:590)
	at org.springframework.web.servlet.FrameworkServlet.service(FrameworkServlet.java:885)
	at org.springframework.test.web.servlet.TestDispatcherServlet.service(TestDispatcherServlet.java:72)
	at jakarta.servlet.http.HttpServlet.service(HttpServlet.java:658)
	at org.springframework.mock.web.MockFilterChain$ServletFilterProxy.doFilter(MockFilterChain.java:165)
	at org.springframework.mock.web.MockFilterChain.doFilter(MockFilterChain.java:132)
	at org.springframework.web.filter.RequestContextFilter.doFilterInternal(RequestContextFilter.java:100)
	at org.springframework.web.filter.OncePerRequestFilter.doFilter(OncePerRequestFilter.java:116)
	at org.springframework.test.web.servlet.setup.MockMvcFilterDecorator.doFilter(MockMvcFilterDecorator.java:162)
	at org.springframework.mock.web.MockFilterChain.doFilter(MockFilterChain.java:132)
	at org.springframework.web.filter.FormContentFilter.doFilterInternal(FormContentFilter.java:93)
	at org.springframework.web.filter.OncePerRequestFilter.doFilter(OncePerRequestFilter.java:116)
	at org.springframework.test.web.servlet.setup.MockMvcFilterDecorator.doFilter(MockMvcFilterDecorator.java:162)
	at org.springframework.mock.web.MockFilterChain.doFilter(MockFilterChain.java:132)
	at org.springframework.web.filter.ServerHttpObservationFilter.doFilterInternal(ServerHttpObservationFilter.java:114)
	at org.springframework.web.filter.OncePerRequestFilter.doFilter(OncePerRequestFilter.java:116)
	at org.springframework.test.web.servlet.setup.MockMvcFilterDecorator.doFilter(MockMvcFilterDecorator.java:162)
	at org.springframework.mock.web.MockFilterChain.doFilter(MockFilterChain.java:132)
	at org.springframework.web.filter.CharacterEncodingFilter.doFilterInternal(CharacterEncodingFilter.java:201)
	at org.springframework.web.filter.OncePerRequestFilter.doFilter(OncePerRequestFilter.java:116)
	at org.springframework.test.web.servlet.setup.MockMvcFilterDecorator.doFilter(MockMvcFilterDecorator.java:162)
	at org.springframework.mock.web.MockFilterChain.doFilter(MockFilterChain.java:132)
	at org.springframework.test.web.servlet.MockMvc.perform(MockMvc.java:201)
	at com.sprint.mission.discodeit.integration.AuthApiIntegrationTest.login_Failure_InvalidCredentials(AuthApiIntegrationTest.java:110)
	at java.base/jdk.internal.reflect.NativeMethodAccessorImpl.invoke0(Native Method)
	at java.base/jdk.internal.reflect.NativeMethodAccessorImpl.invoke(NativeMethodAccessorImpl.java:77)
	at java.base/jdk.internal.reflect.DelegatingMethodAccessorImpl.invoke(DelegatingMethodAccessorImpl.java:43)
	at java.base/java.lang.reflect.Method.invoke(Method.java:569)
	at org.junit.platform.commons.util.ReflectionUtils.invokeMethod(ReflectionUtils.java:767)
	at org.junit.jupiter.engine.execution.MethodInvocation.proceed(MethodInvocation.java:60)
	at org.junit.jupiter.engine.execution.InvocationInterceptorChain$ValidatingInvocation.proceed(InvocationInterceptorChain.java:131)
	at org.junit.jupiter.engine.extension.TimeoutExtension.intercept(TimeoutExtension.java:156)
	at org.junit.jupiter.engine.extension.TimeoutExtension.interceptTestableMethod(TimeoutExtension.java:147)
	at org.junit.jupiter.engine.extension.TimeoutExtension.interceptTestMethod(TimeoutExtension.java:86)
	at org.junit.jupiter.engine.execution.InterceptingExecutableInvoker$ReflectiveInterceptorCall.lambda$ofVoidMethod$0(InterceptingExecutableInvoker.java:103)
	at org.junit.jupiter.engine.execution.InterceptingExecutableInvoker.lambda$invoke$0(InterceptingExecutableInvoker.java:93)
	at org.junit.jupiter.engine.execution.InvocationInterceptorChain$InterceptedInvocation.proceed(InvocationInterceptorChain.java:106)
	at org.junit.jupiter.engine.execution.InvocationInterceptorChain.proceed(InvocationInterceptorChain.java:64)
	at org.junit.jupiter.engine.execution.InvocationInterceptorChain.chainAndInvoke(InvocationInterceptorChain.java:45)
	at org.junit.jupiter.engine.execution.InvocationInterceptorChain.invoke(InvocationInterceptorChain.java:37)
	at org.junit.jupiter.engine.execution.InterceptingExecutableInvoker.invoke(InterceptingExecutableInvoker.java:92)
	at org.junit.jupiter.engine.execution.InterceptingExecutableInvoker.invoke(InterceptingExecutableInvoker.java:86)
	at org.junit.jupiter.engine.descriptor.TestMethodTestDescriptor.lambda$invokeTestMethod$8(TestMethodTestDescriptor.java:217)
	at org.junit.platform.engine.support.hierarchical.ThrowableCollector.execute(ThrowableCollector.java:73)
	at org.junit.jupiter.engine.descriptor.TestMethodTestDescriptor.invokeTestMethod(TestMethodTestDescriptor.java:213)
	at org.junit.jupiter.engine.descriptor.TestMethodTestDescriptor.execute(TestMethodTestDescriptor.java:138)
	at org.junit.jupiter.engine.descriptor.TestMethodTestDescriptor.execute(TestMethodTestDescriptor.java:68)
	at org.junit.platform.engine.support.hierarchical.NodeTestTask.lambda$executeRecursively$6(NodeTestTask.java:156)
	at org.junit.platform.engine.support.hierarchical.ThrowableCollector.execute(ThrowableCollector.java:73)
	at org.junit.platform.engine.support.hierarchical.NodeTestTask.lambda$executeRecursively$8(NodeTestTask.java:146)
	at org.junit.platform.engine.support.hierarchical.Node.around(Node.java:137)
	at org.junit.platform.engine.support.hierarchical.NodeTestTask.lambda$executeRecursively$9(NodeTestTask.java:144)
	at org.junit.platform.engine.support.hierarchical.ThrowableCollector.execute(ThrowableCollector.java:73)
	at org.junit.platform.engine.support.hierarchical.NodeTestTask.executeRecursively(NodeTestTask.java:143)
	at org.junit.platform.engine.support.hierarchical.NodeTestTask.execute(NodeTestTask.java:100)
	at java.base/java.util.ArrayList.forEach(ArrayList.java:1511)
	at org.junit.platform.engine.support.hierarchical.SameThreadHierarchicalTestExecutorService.invokeAll(SameThreadHierarchicalTestExecutorService.java:41)
	at org.junit.platform.engine.support.hierarchical.NodeTestTask.lambda$executeRecursively$6(NodeTestTask.java:160)
	at org.junit.platform.engine.support.hierarchical.ThrowableCollector.execute(ThrowableCollector.java:73)
	at org.junit.platform.engine.support.hierarchical.NodeTestTask.lambda$executeRecursively$8(NodeTestTask.java:146)
	at org.junit.platform.engine.support.hierarchical.Node.around(Node.java:137)
	at org.junit.platform.engine.support.hierarchical.NodeTestTask.lambda$executeRecursively$9(NodeTestTask.java:144)
	at org.junit.platform.engine.support.hierarchical.ThrowableCollector.execute(ThrowableCollector.java:73)
	at org.junit.platform.engine.support.hierarchical.NodeTestTask.executeRecursively(NodeTestTask.java:143)
	at org.junit.platform.engine.support.hierarchical.NodeTestTask.execute(NodeTestTask.java:100)
	at java.base/java.util.ArrayList.forEach(ArrayList.java:1511)
	at org.junit.platform.engine.support.hierarchical.SameThreadHierarchicalTestExecutorService.invokeAll(SameThreadHierarchicalTestExecutorService.java:41)
	at org.junit.platform.engine.support.hierarchical.NodeTestTask.lambda$executeRecursively$6(NodeTestTask.java:160)
	at org.junit.platform.engine.support.hierarchical.ThrowableCollector.execute(ThrowableCollector.java:73)
	at org.junit.platform.engine.support.hierarchical.NodeTestTask.lambda$executeRecursively$8(NodeTestTask.java:146)
	at org.junit.platform.engine.support.hierarchical.Node.around(Node.java:137)
	at org.junit.platform.engine.support.hierarchical.NodeTestTask.lambda$executeRecursively$9(NodeTestTask.java:144)
	at org.junit.platform.engine.support.hierarchical.ThrowableCollector.execute(ThrowableCollector.java:73)
	at org.junit.platform.engine.support.hierarchical.NodeTestTask.executeRecursively(NodeTestTask.java:143)
	at org.junit.platform.engine.support.hierarchical.NodeTestTask.execute(NodeTestTask.java:100)
	at org.junit.platform.engine.support.hierarchical.SameThreadHierarchicalTestExecutorService.submit(SameThreadHierarchicalTestExecutorService.java:35)
	at org.junit.platform.engine.support.hierarchical.HierarchicalTestExecutor.execute(HierarchicalTestExecutor.java:57)
	at org.junit.platform.engine.support.hierarchical.HierarchicalTestEngine.execute(HierarchicalTestEngine.java:54)
	at org.junit.platform.launcher.core.EngineExecutionOrchestrator.execute(EngineExecutionOrchestrator.java:198)
	at org.junit.platform.launcher.core.EngineExecutionOrchestrator.execute(EngineExecutionOrchestrator.java:169)
	at org.junit.platform.launcher.core.EngineExecutionOrchestrator.execute(EngineExecutionOrchestrator.java:93)
	at org.junit.platform.launcher.core.EngineExecutionOrchestrator.lambda$execute$0(EngineExecutionOrchestrator.java:58)
	at org.junit.platform.launcher.core.EngineExecutionOrchestrator.withInterceptedStreams(EngineExecutionOrchestrator.java:141)
	at org.junit.platform.launcher.core.EngineExecutionOrchestrator.execute(EngineExecutionOrchestrator.java:57)
	at org.junit.platform.launcher.core.DefaultLauncher.execute(DefaultLauncher.java:103)
	at org.junit.platform.launcher.core.DefaultLauncher.execute(DefaultLauncher.java:85)
	at org.junit.platform.launcher.core.DelegatingLauncher.execute(DelegatingLauncher.java:47)
	at org.gradle.api.internal.tasks.testing.junitplatform.JUnitPlatformTestClassProcessor$CollectAllTestClassesExecutor.processAllTestClasses(JUnitPlatformTestClassProcessor.java:124)
	at org.gradle.api.internal.tasks.testing.junitplatform.JUnitPlatformTestClassProcessor$CollectAllTestClassesExecutor.access$000(JUnitPlatformTestClassProcessor.java:99)
	at org.gradle.api.internal.tasks.testing.junitplatform.JUnitPlatformTestClassProcessor.stop(JUnitPlatformTestClassProcessor.java:94)
	at org.gradle.api.internal.tasks.testing.SuiteTestClassProcessor.stop(SuiteTestClassProcessor.java:63)
	at java.base/jdk.internal.reflect.NativeMethodAccessorImpl.invoke0(Native Method)
	at java.base/jdk.internal.reflect.NativeMethodAccessorImpl.invoke(NativeMethodAccessorImpl.java:77)
	at java.base/jdk.internal.reflect.DelegatingMethodAccessorImpl.invoke(DelegatingMethodAccessorImpl.java:43)
	at java.base/java.lang.reflect.Method.invoke(Method.java:569)
	at org.gradle.internal.dispatch.ReflectionDispatch.dispatch(ReflectionDispatch.java:36)
	at org.gradle.internal.dispatch.ReflectionDispatch.dispatch(ReflectionDispatch.java:24)
	at org.gradle.internal.dispatch.ContextClassLoaderDispatch.dispatch(ContextClassLoaderDispatch.java:33)
	at org.gradle.internal.dispatch.ProxyDispatchAdapter$DispatchingInvocationHandler.invoke(ProxyDispatchAdapter.java:92)
	at jdk.proxy2/jdk.proxy2.$Proxy6.stop(Unknown Source)
	at org.gradle.api.internal.tasks.testing.worker.TestWorker$3.run(TestWorker.java:200)
	at org.gradle.api.internal.tasks.testing.worker.TestWorker.executeAndMaintainThreadName(TestWorker.java:132)
	at org.gradle.api.internal.tasks.testing.worker.TestWorker.execute(TestWorker.java:103)
	at org.gradle.api.internal.tasks.testing.worker.TestWorker.execute(TestWorker.java:63)
	at org.gradle.process.internal.worker.child.ActionExecutionWorker.execute(ActionExecutionWorker.java:56)
	at org.gradle.process.internal.worker.child.SystemApplicationClassLoaderWorker.call(SystemApplicationClassLoaderWorker.java:121)
	at org.gradle.process.internal.worker.child.SystemApplicationClassLoaderWorker.call(SystemApplicationClassLoaderWorker.java:71)
	at worker.org.gradle.process.internal.worker.GradleWorkerMain.run(GradleWorkerMain.java:69)
	at worker.org.gradle.process.internal.worker.GradleWorkerMain.main(GradleWorkerMain.java:74)
25-05-20 14:47:53.223 [Test worker] DEBUG c.s.m.d.config.MDCLoggingInterceptor [5615f58bca7144b2ba23707e9be3ae1d | POST | /api/auth/login] - Request completed
25-05-20 14:47:53.236 [Test worker] DEBUG c.s.m.d.config.MDCLoggingInterceptor [116f654346254369b3ede738f48515d0 | POST | /api/auth/login] - Request started
25-05-20 14:47:53.237 [Test worker] INFO  c.s.m.d.controller.AuthController    [116f654346254369b3ede738f48515d0 | POST | /api/auth/login] - 로그인 요청: username=nonexistentuser
25-05-20 14:47:53.237 [Test worker] DEBUG c.s.m.d.s.basic.BasicAuthService     [116f654346254369b3ede738f48515d0 | POST | /api/auth/login] - 로그인 시도: username=nonexistentuser
25-05-20 14:47:53.239 [Test worker] DEBUG org.hibernate.SQL                    [116f654346254369b3ede738f48515d0 | POST | /api/auth/login] - 
    select
        u1_0.id,
        u1_0.created_at,
        u1_0.email,
        u1_0.password,
        u1_0.profile_id,
        u1_0.updated_at,
        u1_0.username 
    from
        users u1_0 
    where
        u1_0.username=?
25-05-20 14:47:53.240 [Test worker] TRACE org.hibernate.orm.jdbc.bind          [116f654346254369b3ede738f48515d0 | POST | /api/auth/login] - binding parameter (1:VARCHAR) <- [nonexistentuser]
25-05-20 14:47:53.241 [Test worker] ERROR c.s.m.d.e.GlobalExceptionHandler     [116f654346254369b3ede738f48515d0 | POST | /api/auth/login] - 커스텀 예외 발생: code=USER_NOT_FOUND, message=사용자를 찾을 수 없습니다.
com.sprint.mission.discodeit.exception.user.UserNotFoundException: 사용자를 찾을 수 없습니다.
	at com.sprint.mission.discodeit.exception.user.UserNotFoundException.withUsername(UserNotFoundException.java:19)
	at com.sprint.mission.discodeit.service.basic.BasicAuthService.lambda$login$0(BasicAuthService.java:33)
	at java.base/java.util.Optional.orElseThrow(Optional.java:403)
	at com.sprint.mission.discodeit.service.basic.BasicAuthService.login(BasicAuthService.java:33)
	at java.base/jdk.internal.reflect.NativeMethodAccessorImpl.invoke0(Native Method)
	at java.base/jdk.internal.reflect.NativeMethodAccessorImpl.invoke(NativeMethodAccessorImpl.java:77)
	at java.base/jdk.internal.reflect.DelegatingMethodAccessorImpl.invoke(DelegatingMethodAccessorImpl.java:43)
	at java.base/java.lang.reflect.Method.invoke(Method.java:569)
	at org.springframework.aop.support.AopUtils.invokeJoinpointUsingReflection(AopUtils.java:359)
	at org.springframework.aop.framework.ReflectiveMethodInvocation.invokeJoinpoint(ReflectiveMethodInvocation.java:196)
	at org.springframework.aop.framework.ReflectiveMethodInvocation.proceed(ReflectiveMethodInvocation.java:163)
	at org.springframework.transaction.interceptor.TransactionAspectSupport.invokeWithinTransaction(TransactionAspectSupport.java:380)
	at org.springframework.transaction.interceptor.TransactionInterceptor.invoke(TransactionInterceptor.java:119)
	at org.springframework.aop.framework.ReflectiveMethodInvocation.proceed(ReflectiveMethodInvocation.java:184)
	at org.springframework.aop.framework.CglibAopProxy$DynamicAdvisedInterceptor.intercept(CglibAopProxy.java:727)
	at com.sprint.mission.discodeit.service.basic.BasicAuthService$$SpringCGLIB$$0.login(<generated>)
	at com.sprint.mission.discodeit.controller.AuthController.login(AuthController.java:28)
	at java.base/jdk.internal.reflect.NativeMethodAccessorImpl.invoke0(Native Method)
	at java.base/jdk.internal.reflect.NativeMethodAccessorImpl.invoke(NativeMethodAccessorImpl.java:77)
	at java.base/jdk.internal.reflect.DelegatingMethodAccessorImpl.invoke(DelegatingMethodAccessorImpl.java:43)
	at java.base/java.lang.reflect.Method.invoke(Method.java:569)
	at org.springframework.web.method.support.InvocableHandlerMethod.doInvoke(InvocableHandlerMethod.java:255)
	at org.springframework.web.method.support.InvocableHandlerMethod.invokeForRequest(InvocableHandlerMethod.java:188)
	at org.springframework.web.servlet.mvc.method.annotation.ServletInvocableHandlerMethod.invokeAndHandle(ServletInvocableHandlerMethod.java:118)
	at org.springframework.web.servlet.mvc.method.annotation.RequestMappingHandlerAdapter.invokeHandlerMethod(RequestMappingHandlerAdapter.java:986)
	at org.springframework.web.servlet.mvc.method.annotation.RequestMappingHandlerAdapter.handleInternal(RequestMappingHandlerAdapter.java:891)
	at org.springframework.web.servlet.mvc.method.AbstractHandlerMethodAdapter.handle(AbstractHandlerMethodAdapter.java:87)
	at org.springframework.web.servlet.DispatcherServlet.doDispatch(DispatcherServlet.java:1088)
	at org.springframework.web.servlet.DispatcherServlet.doService(DispatcherServlet.java:978)
	at org.springframework.web.servlet.FrameworkServlet.processRequest(FrameworkServlet.java:1014)
	at org.springframework.web.servlet.FrameworkServlet.doPost(FrameworkServlet.java:914)
	at jakarta.servlet.http.HttpServlet.service(HttpServlet.java:590)
	at org.springframework.web.servlet.FrameworkServlet.service(FrameworkServlet.java:885)
	at org.springframework.test.web.servlet.TestDispatcherServlet.service(TestDispatcherServlet.java:72)
	at jakarta.servlet.http.HttpServlet.service(HttpServlet.java:658)
	at org.springframework.mock.web.MockFilterChain$ServletFilterProxy.doFilter(MockFilterChain.java:165)
	at org.springframework.mock.web.MockFilterChain.doFilter(MockFilterChain.java:132)
	at org.springframework.web.filter.RequestContextFilter.doFilterInternal(RequestContextFilter.java:100)
	at org.springframework.web.filter.OncePerRequestFilter.doFilter(OncePerRequestFilter.java:116)
	at org.springframework.test.web.servlet.setup.MockMvcFilterDecorator.doFilter(MockMvcFilterDecorator.java:162)
	at org.springframework.mock.web.MockFilterChain.doFilter(MockFilterChain.java:132)
	at org.springframework.web.filter.FormContentFilter.doFilterInternal(FormContentFilter.java:93)
	at org.springframework.web.filter.OncePerRequestFilter.doFilter(OncePerRequestFilter.java:116)
	at org.springframework.test.web.servlet.setup.MockMvcFilterDecorator.doFilter(MockMvcFilterDecorator.java:162)
	at org.springframework.mock.web.MockFilterChain.doFilter(MockFilterChain.java:132)
	at org.springframework.web.filter.ServerHttpObservationFilter.doFilterInternal(ServerHttpObservationFilter.java:114)
	at org.springframework.web.filter.OncePerRequestFilter.doFilter(OncePerRequestFilter.java:116)
	at org.springframework.test.web.servlet.setup.MockMvcFilterDecorator.doFilter(MockMvcFilterDecorator.java:162)
	at org.springframework.mock.web.MockFilterChain.doFilter(MockFilterChain.java:132)
	at org.springframework.web.filter.CharacterEncodingFilter.doFilterInternal(CharacterEncodingFilter.java:201)
	at org.springframework.web.filter.OncePerRequestFilter.doFilter(OncePerRequestFilter.java:116)
	at org.springframework.test.web.servlet.setup.MockMvcFilterDecorator.doFilter(MockMvcFilterDecorator.java:162)
	at org.springframework.mock.web.MockFilterChain.doFilter(MockFilterChain.java:132)
	at org.springframework.test.web.servlet.MockMvc.perform(MockMvc.java:201)
	at com.sprint.mission.discodeit.integration.AuthApiIntegrationTest.login_Failure_UserNotFound(AuthApiIntegrationTest.java:82)
	at java.base/jdk.internal.reflect.NativeMethodAccessorImpl.invoke0(Native Method)
	at java.base/jdk.internal.reflect.NativeMethodAccessorImpl.invoke(NativeMethodAccessorImpl.java:77)
	at java.base/jdk.internal.reflect.DelegatingMethodAccessorImpl.invoke(DelegatingMethodAccessorImpl.java:43)
	at java.base/java.lang.reflect.Method.invoke(Method.java:569)
	at org.junit.platform.commons.util.ReflectionUtils.invokeMethod(ReflectionUtils.java:767)
	at org.junit.jupiter.engine.execution.MethodInvocation.proceed(MethodInvocation.java:60)
	at org.junit.jupiter.engine.execution.InvocationInterceptorChain$ValidatingInvocation.proceed(InvocationInterceptorChain.java:131)
	at org.junit.jupiter.engine.extension.TimeoutExtension.intercept(TimeoutExtension.java:156)
	at org.junit.jupiter.engine.extension.TimeoutExtension.interceptTestableMethod(TimeoutExtension.java:147)
	at org.junit.jupiter.engine.extension.TimeoutExtension.interceptTestMethod(TimeoutExtension.java:86)
	at org.junit.jupiter.engine.execution.InterceptingExecutableInvoker$ReflectiveInterceptorCall.lambda$ofVoidMethod$0(InterceptingExecutableInvoker.java:103)
	at org.junit.jupiter.engine.execution.InterceptingExecutableInvoker.lambda$invoke$0(InterceptingExecutableInvoker.java:93)
	at org.junit.jupiter.engine.execution.InvocationInterceptorChain$InterceptedInvocation.proceed(InvocationInterceptorChain.java:106)
	at org.junit.jupiter.engine.execution.InvocationInterceptorChain.proceed(InvocationInterceptorChain.java:64)
	at org.junit.jupiter.engine.execution.InvocationInterceptorChain.chainAndInvoke(InvocationInterceptorChain.java:45)
	at org.junit.jupiter.engine.execution.InvocationInterceptorChain.invoke(InvocationInterceptorChain.java:37)
	at org.junit.jupiter.engine.execution.InterceptingExecutableInvoker.invoke(InterceptingExecutableInvoker.java:92)
	at org.junit.jupiter.engine.execution.InterceptingExecutableInvoker.invoke(InterceptingExecutableInvoker.java:86)
	at org.junit.jupiter.engine.descriptor.TestMethodTestDescriptor.lambda$invokeTestMethod$8(TestMethodTestDescriptor.java:217)
	at org.junit.platform.engine.support.hierarchical.ThrowableCollector.execute(ThrowableCollector.java:73)
	at org.junit.jupiter.engine.descriptor.TestMethodTestDescriptor.invokeTestMethod(TestMethodTestDescriptor.java:213)
	at org.junit.jupiter.engine.descriptor.TestMethodTestDescriptor.execute(TestMethodTestDescriptor.java:138)
	at org.junit.jupiter.engine.descriptor.TestMethodTestDescriptor.execute(TestMethodTestDescriptor.java:68)
	at org.junit.platform.engine.support.hierarchical.NodeTestTask.lambda$executeRecursively$6(NodeTestTask.java:156)
	at org.junit.platform.engine.support.hierarchical.ThrowableCollector.execute(ThrowableCollector.java:73)
	at org.junit.platform.engine.support.hierarchical.NodeTestTask.lambda$executeRecursively$8(NodeTestTask.java:146)
	at org.junit.platform.engine.support.hierarchical.Node.around(Node.java:137)
	at org.junit.platform.engine.support.hierarchical.NodeTestTask.lambda$executeRecursively$9(NodeTestTask.java:144)
	at org.junit.platform.engine.support.hierarchical.ThrowableCollector.execute(ThrowableCollector.java:73)
	at org.junit.platform.engine.support.hierarchical.NodeTestTask.executeRecursively(NodeTestTask.java:143)
	at org.junit.platform.engine.support.hierarchical.NodeTestTask.execute(NodeTestTask.java:100)
	at java.base/java.util.ArrayList.forEach(ArrayList.java:1511)
	at org.junit.platform.engine.support.hierarchical.SameThreadHierarchicalTestExecutorService.invokeAll(SameThreadHierarchicalTestExecutorService.java:41)
	at org.junit.platform.engine.support.hierarchical.NodeTestTask.lambda$executeRecursively$6(NodeTestTask.java:160)
	at org.junit.platform.engine.support.hierarchical.ThrowableCollector.execute(ThrowableCollector.java:73)
	at org.junit.platform.engine.support.hierarchical.NodeTestTask.lambda$executeRecursively$8(NodeTestTask.java:146)
	at org.junit.platform.engine.support.hierarchical.Node.around(Node.java:137)
	at org.junit.platform.engine.support.hierarchical.NodeTestTask.lambda$executeRecursively$9(NodeTestTask.java:144)
	at org.junit.platform.engine.support.hierarchical.ThrowableCollector.execute(ThrowableCollector.java:73)
	at org.junit.platform.engine.support.hierarchical.NodeTestTask.executeRecursively(NodeTestTask.java:143)
	at org.junit.platform.engine.support.hierarchical.NodeTestTask.execute(NodeTestTask.java:100)
	at java.base/java.util.ArrayList.forEach(ArrayList.java:1511)
	at org.junit.platform.engine.support.hierarchical.SameThreadHierarchicalTestExecutorService.invokeAll(SameThreadHierarchicalTestExecutorService.java:41)
	at org.junit.platform.engine.support.hierarchical.NodeTestTask.lambda$executeRecursively$6(NodeTestTask.java:160)
	at org.junit.platform.engine.support.hierarchical.ThrowableCollector.execute(ThrowableCollector.java:73)
	at org.junit.platform.engine.support.hierarchical.NodeTestTask.lambda$executeRecursively$8(NodeTestTask.java:146)
	at org.junit.platform.engine.support.hierarchical.Node.around(Node.java:137)
	at org.junit.platform.engine.support.hierarchical.NodeTestTask.lambda$executeRecursively$9(NodeTestTask.java:144)
	at org.junit.platform.engine.support.hierarchical.ThrowableCollector.execute(ThrowableCollector.java:73)
	at org.junit.platform.engine.support.hierarchical.NodeTestTask.executeRecursively(NodeTestTask.java:143)
	at org.junit.platform.engine.support.hierarchical.NodeTestTask.execute(NodeTestTask.java:100)
	at org.junit.platform.engine.support.hierarchical.SameThreadHierarchicalTestExecutorService.submit(SameThreadHierarchicalTestExecutorService.java:35)
	at org.junit.platform.engine.support.hierarchical.HierarchicalTestExecutor.execute(HierarchicalTestExecutor.java:57)
	at org.junit.platform.engine.support.hierarchical.HierarchicalTestEngine.execute(HierarchicalTestEngine.java:54)
	at org.junit.platform.launcher.core.EngineExecutionOrchestrator.execute(EngineExecutionOrchestrator.java:198)
	at org.junit.platform.launcher.core.EngineExecutionOrchestrator.execute(EngineExecutionOrchestrator.java:169)
	at org.junit.platform.launcher.core.EngineExecutionOrchestrator.execute(EngineExecutionOrchestrator.java:93)
	at org.junit.platform.launcher.core.EngineExecutionOrchestrator.lambda$execute$0(EngineExecutionOrchestrator.java:58)
	at org.junit.platform.launcher.core.EngineExecutionOrchestrator.withInterceptedStreams(EngineExecutionOrchestrator.java:141)
	at org.junit.platform.launcher.core.EngineExecutionOrchestrator.execute(EngineExecutionOrchestrator.java:57)
	at org.junit.platform.launcher.core.DefaultLauncher.execute(DefaultLauncher.java:103)
	at org.junit.platform.launcher.core.DefaultLauncher.execute(DefaultLauncher.java:85)
	at org.junit.platform.launcher.core.DelegatingLauncher.execute(DelegatingLauncher.java:47)
	at org.gradle.api.internal.tasks.testing.junitplatform.JUnitPlatformTestClassProcessor$CollectAllTestClassesExecutor.processAllTestClasses(JUnitPlatformTestClassProcessor.java:124)
	at org.gradle.api.internal.tasks.testing.junitplatform.JUnitPlatformTestClassProcessor$CollectAllTestClassesExecutor.access$000(JUnitPlatformTestClassProcessor.java:99)
	at org.gradle.api.internal.tasks.testing.junitplatform.JUnitPlatformTestClassProcessor.stop(JUnitPlatformTestClassProcessor.java:94)
	at org.gradle.api.internal.tasks.testing.SuiteTestClassProcessor.stop(SuiteTestClassProcessor.java:63)
	at java.base/jdk.internal.reflect.NativeMethodAccessorImpl.invoke0(Native Method)
	at java.base/jdk.internal.reflect.NativeMethodAccessorImpl.invoke(NativeMethodAccessorImpl.java:77)
	at java.base/jdk.internal.reflect.DelegatingMethodAccessorImpl.invoke(DelegatingMethodAccessorImpl.java:43)
	at java.base/java.lang.reflect.Method.invoke(Method.java:569)
	at org.gradle.internal.dispatch.ReflectionDispatch.dispatch(ReflectionDispatch.java:36)
	at org.gradle.internal.dispatch.ReflectionDispatch.dispatch(ReflectionDispatch.java:24)
	at org.gradle.internal.dispatch.ContextClassLoaderDispatch.dispatch(ContextClassLoaderDispatch.java:33)
	at org.gradle.internal.dispatch.ProxyDispatchAdapter$DispatchingInvocationHandler.invoke(ProxyDispatchAdapter.java:92)
	at jdk.proxy2/jdk.proxy2.$Proxy6.stop(Unknown Source)
	at org.gradle.api.internal.tasks.testing.worker.TestWorker$3.run(TestWorker.java:200)
	at org.gradle.api.internal.tasks.testing.worker.TestWorker.executeAndMaintainThreadName(TestWorker.java:132)
	at org.gradle.api.internal.tasks.testing.worker.TestWorker.execute(TestWorker.java:103)
	at org.gradle.api.internal.tasks.testing.worker.TestWorker.execute(TestWorker.java:63)
	at org.gradle.process.internal.worker.child.ActionExecutionWorker.execute(ActionExecutionWorker.java:56)
	at org.gradle.process.internal.worker.child.SystemApplicationClassLoaderWorker.call(SystemApplicationClassLoaderWorker.java:121)
	at org.gradle.process.internal.worker.child.SystemApplicationClassLoaderWorker.call(SystemApplicationClassLoaderWorker.java:71)
	at worker.org.gradle.process.internal.worker.GradleWorkerMain.run(GradleWorkerMain.java:69)
	at worker.org.gradle.process.internal.worker.GradleWorkerMain.main(GradleWorkerMain.java:74)
25-05-20 14:47:53.247 [Test worker] DEBUG c.s.m.d.config.MDCLoggingInterceptor [116f654346254369b3ede738f48515d0 | POST | /api/auth/login] - Request completed
25-05-20 14:47:53.259 [Test worker] DEBUG c.s.m.d.s.basic.BasicUserService     [ |  | ] - 사용자 생성 시작: UserCreateRequest[username=loginuser, email=login@example.com, password=Password1!]
25-05-20 14:47:53.261 [Test worker] DEBUG org.hibernate.SQL                    [ |  | ] - 
    select
        u1_0.id 
    from
        users u1_0 
    where
        u1_0.email=? 
    fetch
        first ? rows only
25-05-20 14:47:53.261 [Test worker] TRACE org.hibernate.orm.jdbc.bind          [ |  | ] - binding parameter (1:VARCHAR) <- [login@example.com]
25-05-20 14:47:53.261 [Test worker] TRACE org.hibernate.orm.jdbc.bind          [ |  | ] - binding parameter (2:INTEGER) <- [1]
25-05-20 14:47:53.263 [Test worker] DEBUG org.hibernate.SQL                    [ |  | ] - 
    select
        u1_0.id 
    from
        users u1_0 
    where
        u1_0.username=? 
    fetch
        first ? rows only
25-05-20 14:47:53.264 [Test worker] TRACE org.hibernate.orm.jdbc.bind          [ |  | ] - binding parameter (1:VARCHAR) <- [loginuser]
25-05-20 14:47:53.264 [Test worker] TRACE org.hibernate.orm.jdbc.bind          [ |  | ] - binding parameter (2:INTEGER) <- [1]
25-05-20 14:47:53.266 [Test worker] INFO  c.s.m.d.s.basic.BasicUserService     [ |  | ] - 사용자 생성 완료: id=bd851719-1bb5-4110-9861-ea9d20753ecd, username=loginuser
25-05-20 14:47:53.267 [Test worker] DEBUG c.s.m.d.config.MDCLoggingInterceptor [3892d368b75a4f24b8704c3587af5f24 | POST | /api/auth/login] - Request started
25-05-20 14:47:53.268 [Test worker] INFO  c.s.m.d.controller.AuthController    [3892d368b75a4f24b8704c3587af5f24 | POST | /api/auth/login] - 로그인 요청: username=loginuser
25-05-20 14:47:53.269 [Test worker] DEBUG c.s.m.d.s.basic.BasicAuthService     [3892d368b75a4f24b8704c3587af5f24 | POST | /api/auth/login] - 로그인 시도: username=loginuser
25-05-20 14:47:53.271 [Test worker] DEBUG org.hibernate.SQL                    [3892d368b75a4f24b8704c3587af5f24 | POST | /api/auth/login] - 
    insert 
    into
        users
        (created_at, email, password, profile_id, updated_at, username, id) 
    values
        (?, ?, ?, ?, ?, ?, ?)
25-05-20 14:47:53.272 [Test worker] TRACE org.hibernate.orm.jdbc.bind          [3892d368b75a4f24b8704c3587af5f24 | POST | /api/auth/login] - binding parameter (1:TIMESTAMP_UTC) <- [2025-05-20T05:47:53.265288Z]
25-05-20 14:47:53.272 [Test worker] TRACE org.hibernate.orm.jdbc.bind          [3892d368b75a4f24b8704c3587af5f24 | POST | /api/auth/login] - binding parameter (2:VARCHAR) <- [login@example.com]
25-05-20 14:47:53.272 [Test worker] TRACE org.hibernate.orm.jdbc.bind          [3892d368b75a4f24b8704c3587af5f24 | POST | /api/auth/login] - binding parameter (3:VARCHAR) <- [Password1!]
25-05-20 14:47:53.272 [Test worker] TRACE org.hibernate.orm.jdbc.bind          [3892d368b75a4f24b8704c3587af5f24 | POST | /api/auth/login] - binding parameter (4:UUID) <- [null]
25-05-20 14:47:53.272 [Test worker] TRACE org.hibernate.orm.jdbc.bind          [3892d368b75a4f24b8704c3587af5f24 | POST | /api/auth/login] - binding parameter (5:TIMESTAMP_UTC) <- [2025-05-20T05:47:53.265288Z]
25-05-20 14:47:53.272 [Test worker] TRACE org.hibernate.orm.jdbc.bind          [3892d368b75a4f24b8704c3587af5f24 | POST | /api/auth/login] - binding parameter (6:VARCHAR) <- [loginuser]
25-05-20 14:47:53.272 [Test worker] TRACE org.hibernate.orm.jdbc.bind          [3892d368b75a4f24b8704c3587af5f24 | POST | /api/auth/login] - binding parameter (7:UUID) <- [bd851719-1bb5-4110-9861-ea9d20753ecd]
25-05-20 14:47:53.273 [Test worker] DEBUG org.hibernate.SQL                    [3892d368b75a4f24b8704c3587af5f24 | POST | /api/auth/login] - 
    insert 
    into
        user_statuses
        (created_at, last_active_at, updated_at, user_id, id) 
    values
        (?, ?, ?, ?, ?)
25-05-20 14:47:53.273 [Test worker] TRACE org.hibernate.orm.jdbc.bind          [3892d368b75a4f24b8704c3587af5f24 | POST | /api/auth/login] - binding parameter (1:TIMESTAMP_UTC) <- [2025-05-20T05:47:53.265710Z]
25-05-20 14:47:53.273 [Test worker] TRACE org.hibernate.orm.jdbc.bind          [3892d368b75a4f24b8704c3587af5f24 | POST | /api/auth/login] - binding parameter (2:TIMESTAMP_UTC) <- [2025-05-20T05:47:53.264713Z]
25-05-20 14:47:53.274 [Test worker] TRACE org.hibernate.orm.jdbc.bind          [3892d368b75a4f24b8704c3587af5f24 | POST | /api/auth/login] - binding parameter (3:TIMESTAMP_UTC) <- [2025-05-20T05:47:53.265710Z]
25-05-20 14:47:53.274 [Test worker] TRACE org.hibernate.orm.jdbc.bind          [3892d368b75a4f24b8704c3587af5f24 | POST | /api/auth/login] - binding parameter (4:UUID) <- [bd851719-1bb5-4110-9861-ea9d20753ecd]
25-05-20 14:47:53.274 [Test worker] TRACE org.hibernate.orm.jdbc.bind          [3892d368b75a4f24b8704c3587af5f24 | POST | /api/auth/login] - binding parameter (5:UUID) <- [c2132a66-33de-41e7-a7f3-d21fabdb3880]
25-05-20 14:47:53.274 [Test worker] DEBUG org.hibernate.SQL                    [3892d368b75a4f24b8704c3587af5f24 | POST | /api/auth/login] - 
    select
        u1_0.id,
        u1_0.created_at,
        u1_0.email,
        u1_0.password,
        u1_0.profile_id,
        u1_0.updated_at,
        u1_0.username 
    from
        users u1_0 
    where
        u1_0.username=?
25-05-20 14:47:53.275 [Test worker] TRACE org.hibernate.orm.jdbc.bind          [3892d368b75a4f24b8704c3587af5f24 | POST | /api/auth/login] - binding parameter (1:VARCHAR) <- [loginuser]
25-05-20 14:47:53.276 [Test worker] INFO  c.s.m.d.s.basic.BasicAuthService     [3892d368b75a4f24b8704c3587af5f24 | POST | /api/auth/login] - 로그인 성공: userId=bd851719-1bb5-4110-9861-ea9d20753ecd, username=loginuser
25-05-20 14:47:53.276 [Test worker] DEBUG c.s.m.d.controller.AuthController    [3892d368b75a4f24b8704c3587af5f24 | POST | /api/auth/login] - 로그인 응답: UserDto[id=bd851719-1bb5-4110-9861-ea9d20753ecd, username=loginuser, email=login@example.com, profile=null, online=true]
25-05-20 14:47:53.281 [Test worker] DEBUG c.s.m.d.config.MDCLoggingInterceptor [3892d368b75a4f24b8704c3587af5f24 | POST | /api/auth/login] - Request completed
25-05-20 14:47:53.299 [Test worker] INFO  o.s.t.c.s.AnnotationConfigContextLoaderUtils [ |  | ] - Could not detect default configuration classes for test class [com.sprint.mission.discodeit.integration.BinaryContentApiIntegrationTest]: BinaryContentApiIntegrationTest does not declare any static, non-private, non-final, nested classes annotated with @Configuration.
25-05-20 14:47:53.304 [Test worker] INFO  o.s.b.t.c.SpringBootTestContextBootstrapper [ |  | ] - Found @SpringBootConfiguration com.sprint.mission.discodeit.DiscodeitApplication for test class com.sprint.mission.discodeit.integration.BinaryContentApiIntegrationTest
25-05-20 14:47:53.313 [Test worker] DEBUG c.s.m.d.s.basic.BasicUserService     [ |  | ] - 사용자 생성 시작: UserCreateRequest[username=contentuser2, email=content2@example.com, password=Password1!]
25-05-20 14:47:53.315 [Test worker] DEBUG org.hibernate.SQL                    [ |  | ] - 
    select
        u1_0.id 
    from
        users u1_0 
    where
        u1_0.email=? 
    fetch
        first ? rows only
25-05-20 14:47:53.316 [Test worker] TRACE org.hibernate.orm.jdbc.bind          [ |  | ] - binding parameter (1:VARCHAR) <- [content2@example.com]
25-05-20 14:47:53.316 [Test worker] TRACE org.hibernate.orm.jdbc.bind          [ |  | ] - binding parameter (2:INTEGER) <- [1]
25-05-20 14:47:53.317 [Test worker] DEBUG org.hibernate.SQL                    [ |  | ] - 
    select
        u1_0.id 
    from
        users u1_0 
    where
        u1_0.username=? 
    fetch
        first ? rows only
25-05-20 14:47:53.318 [Test worker] TRACE org.hibernate.orm.jdbc.bind          [ |  | ] - binding parameter (1:VARCHAR) <- [contentuser2]
25-05-20 14:47:53.318 [Test worker] TRACE org.hibernate.orm.jdbc.bind          [ |  | ] - binding parameter (2:INTEGER) <- [1]
25-05-20 14:47:53.319 [Test worker] INFO  c.s.m.d.s.basic.BasicUserService     [ |  | ] - 사용자 생성 완료: id=aaffb1e0-173a-4006-9b8a-1421a8cf8711, username=contentuser2
25-05-20 14:47:53.320 [Test worker] DEBUG c.s.m.d.s.basic.BasicChannelService  [ |  | ] - 채널 생성 시작: PublicChannelCreateRequest[name=테스트 채널2, description=테스트 채널 설명입니다.]
25-05-20 14:47:53.327 [Test worker] INFO  c.s.m.d.s.basic.BasicChannelService  [ |  | ] - 채널 생성 완료: id=808d2337-2f3e-4444-8902-ff37252a68b0, name=테스트 채널2
25-05-20 14:47:53.336 [Test worker] DEBUG org.hibernate.SQL                    [ |  | ] - 
    select
        m1_0.created_at 
    from
        messages m1_0 
    where
        m1_0.channel_id=? 
    order by
        m1_0.created_at desc 
    fetch
        first 1 rows only
25-05-20 14:47:53.337 [Test worker] TRACE org.hibernate.orm.jdbc.bind          [ |  | ] - binding parameter (1:UUID) <- [808d2337-2f3e-4444-8902-ff37252a68b0]
25-05-20 14:47:53.339 [Test worker] DEBUG c.s.m.d.s.basic.BasicMessageService  [ |  | ] - 메시지 생성 시작: request=MessageCreateRequest[content=첨부파일이 있는 메시지입니다., channelId=808d2337-2f3e-4444-8902-ff37252a68b0, authorId=aaffb1e0-173a-4006-9b8a-1421a8cf8711]
25-05-20 14:47:53.380 [Test worker] INFO  c.s.m.d.s.basic.BasicMessageService  [ |  | ] - 메시지 생성 완료: id=c0a9e99c-f073-48d1-9bcc-77be5d3a4f77, channelId=808d2337-2f3e-4444-8902-ff37252a68b0
25-05-20 14:47:53.381 [Test worker] DEBUG c.s.m.d.config.MDCLoggingInterceptor [e61baa2c5fe543eea9615e5cd404a484 | GET | /api/binaryContents] - Request started
25-05-20 14:47:53.382 [Test worker] INFO  c.s.m.d.c.BinaryContentController    [e61baa2c5fe543eea9615e5cd404a484 | GET | /api/binaryContents] - 바이너리 컨텐츠 목록 조회 요청: ids=[c43132bb-c568-4ac8-a4b3-95505e5d21dc, c627330c-fd7a-41b6-9ea6-751b0057a1a9]
25-05-20 14:47:53.383 [Test worker] DEBUG c.s.m.d.s.b.BasicBinaryContentService [e61baa2c5fe543eea9615e5cd404a484 | GET | /api/binaryContents] - 바이너리 컨텐츠 목록 조회 시작: ids=[c43132bb-c568-4ac8-a4b3-95505e5d21dc, c627330c-fd7a-41b6-9ea6-751b0057a1a9]
25-05-20 14:47:53.395 [Test worker] DEBUG org.hibernate.SQL                    [e61baa2c5fe543eea9615e5cd404a484 | GET | /api/binaryContents] - 
    insert 
    into
        users
        (created_at, email, password, profile_id, updated_at, username, id) 
    values
        (?, ?, ?, ?, ?, ?, ?)
25-05-20 14:47:53.396 [Test worker] TRACE org.hibernate.orm.jdbc.bind          [e61baa2c5fe543eea9615e5cd404a484 | GET | /api/binaryContents] - binding parameter (1:TIMESTAMP_UTC) <- [2025-05-20T05:47:53.319053Z]
25-05-20 14:47:53.396 [Test worker] TRACE org.hibernate.orm.jdbc.bind          [e61baa2c5fe543eea9615e5cd404a484 | GET | /api/binaryContents] - binding parameter (2:VARCHAR) <- [content2@example.com]
25-05-20 14:47:53.396 [Test worker] TRACE org.hibernate.orm.jdbc.bind          [e61baa2c5fe543eea9615e5cd404a484 | GET | /api/binaryContents] - binding parameter (3:VARCHAR) <- [Password1!]
25-05-20 14:47:53.396 [Test worker] TRACE org.hibernate.orm.jdbc.bind          [e61baa2c5fe543eea9615e5cd404a484 | GET | /api/binaryContents] - binding parameter (4:UUID) <- [null]
25-05-20 14:47:53.397 [Test worker] TRACE org.hibernate.orm.jdbc.bind          [e61baa2c5fe543eea9615e5cd404a484 | GET | /api/binaryContents] - binding parameter (5:TIMESTAMP_UTC) <- [2025-05-20T05:47:53.319053Z]
25-05-20 14:47:53.397 [Test worker] TRACE org.hibernate.orm.jdbc.bind          [e61baa2c5fe543eea9615e5cd404a484 | GET | /api/binaryContents] - binding parameter (6:VARCHAR) <- [contentuser2]
25-05-20 14:47:53.397 [Test worker] TRACE org.hibernate.orm.jdbc.bind          [e61baa2c5fe543eea9615e5cd404a484 | GET | /api/binaryContents] - binding parameter (7:UUID) <- [aaffb1e0-173a-4006-9b8a-1421a8cf8711]
25-05-20 14:47:53.398 [Test worker] DEBUG org.hibernate.SQL                    [e61baa2c5fe543eea9615e5cd404a484 | GET | /api/binaryContents] - 
    insert 
    into
        user_statuses
        (created_at, last_active_at, updated_at, user_id, id) 
    values
        (?, ?, ?, ?, ?)
25-05-20 14:47:53.398 [Test worker] TRACE org.hibernate.orm.jdbc.bind          [e61baa2c5fe543eea9615e5cd404a484 | GET | /api/binaryContents] - binding parameter (1:TIMESTAMP_UTC) <- [2025-05-20T05:47:53.319432Z]
25-05-20 14:47:53.399 [Test worker] TRACE org.hibernate.orm.jdbc.bind          [e61baa2c5fe543eea9615e5cd404a484 | GET | /api/binaryContents] - binding parameter (2:TIMESTAMP_UTC) <- [2025-05-20T05:47:53.318744Z]
25-05-20 14:47:53.399 [Test worker] TRACE org.hibernate.orm.jdbc.bind          [e61baa2c5fe543eea9615e5cd404a484 | GET | /api/binaryContents] - binding parameter (3:TIMESTAMP_UTC) <- [2025-05-20T05:47:53.319432Z]
25-05-20 14:47:53.399 [Test worker] TRACE org.hibernate.orm.jdbc.bind          [e61baa2c5fe543eea9615e5cd404a484 | GET | /api/binaryContents] - binding parameter (4:UUID) <- [aaffb1e0-173a-4006-9b8a-1421a8cf8711]
25-05-20 14:47:53.399 [Test worker] TRACE org.hibernate.orm.jdbc.bind          [e61baa2c5fe543eea9615e5cd404a484 | GET | /api/binaryContents] - binding parameter (5:UUID) <- [9d6f9913-d1d2-4e5d-a17b-e4d068852a04]
25-05-20 14:47:53.400 [Test worker] DEBUG org.hibernate.SQL                    [e61baa2c5fe543eea9615e5cd404a484 | GET | /api/binaryContents] - 
    insert 
    into
        channels
        (created_at, description, name, type, updated_at, id) 
    values
        (?, ?, ?, ?, ?, ?)
25-05-20 14:47:53.401 [Test worker] TRACE org.hibernate.orm.jdbc.bind          [e61baa2c5fe543eea9615e5cd404a484 | GET | /api/binaryContents] - binding parameter (1:TIMESTAMP_UTC) <- [2025-05-20T05:47:53.323893Z]
25-05-20 14:47:53.401 [Test worker] TRACE org.hibernate.orm.jdbc.bind          [e61baa2c5fe543eea9615e5cd404a484 | GET | /api/binaryContents] - binding parameter (2:VARCHAR) <- [테스트 채널 설명입니다.]
25-05-20 14:47:53.401 [Test worker] TRACE org.hibernate.orm.jdbc.bind          [e61baa2c5fe543eea9615e5cd404a484 | GET | /api/binaryContents] - binding parameter (3:VARCHAR) <- [테스트 채널2]
25-05-20 14:47:53.402 [Test worker] TRACE org.hibernate.orm.jdbc.bind          [e61baa2c5fe543eea9615e5cd404a484 | GET | /api/binaryContents] - binding parameter (4:ENUM) <- [PUBLIC]
25-05-20 14:47:53.402 [Test worker] TRACE org.hibernate.orm.jdbc.bind          [e61baa2c5fe543eea9615e5cd404a484 | GET | /api/binaryContents] - binding parameter (5:TIMESTAMP_UTC) <- [2025-05-20T05:47:53.323893Z]
25-05-20 14:47:53.402 [Test worker] TRACE org.hibernate.orm.jdbc.bind          [e61baa2c5fe543eea9615e5cd404a484 | GET | /api/binaryContents] - binding parameter (6:UUID) <- [808d2337-2f3e-4444-8902-ff37252a68b0]
25-05-20 14:47:53.403 [Test worker] DEBUG org.hibernate.SQL                    [e61baa2c5fe543eea9615e5cd404a484 | GET | /api/binaryContents] - 
    insert 
    into
        binary_contents
        (content_type, created_at, file_name, size, id) 
    values
        (?, ?, ?, ?, ?)
25-05-20 14:47:53.403 [Test worker] TRACE org.hibernate.orm.jdbc.bind          [e61baa2c5fe543eea9615e5cd404a484 | GET | /api/binaryContents] - binding parameter (1:VARCHAR) <- [text/plain]
25-05-20 14:47:53.403 [Test worker] TRACE org.hibernate.orm.jdbc.bind          [e61baa2c5fe543eea9615e5cd404a484 | GET | /api/binaryContents] - binding parameter (2:TIMESTAMP_UTC) <- [2025-05-20T05:47:53.352642Z]
25-05-20 14:47:53.404 [Test worker] TRACE org.hibernate.orm.jdbc.bind          [e61baa2c5fe543eea9615e5cd404a484 | GET | /api/binaryContents] - binding parameter (3:VARCHAR) <- [test1.txt]
25-05-20 14:47:53.404 [Test worker] TRACE org.hibernate.orm.jdbc.bind          [e61baa2c5fe543eea9615e5cd404a484 | GET | /api/binaryContents] - binding parameter (4:BIGINT) <- [44]
25-05-20 14:47:53.404 [Test worker] TRACE org.hibernate.orm.jdbc.bind          [e61baa2c5fe543eea9615e5cd404a484 | GET | /api/binaryContents] - binding parameter (5:UUID) <- [c43132bb-c568-4ac8-a4b3-95505e5d21dc]
25-05-20 14:47:53.405 [Test worker] DEBUG org.hibernate.SQL                    [e61baa2c5fe543eea9615e5cd404a484 | GET | /api/binaryContents] - 
    insert 
    into
        binary_contents
        (content_type, created_at, file_name, size, id) 
    values
        (?, ?, ?, ?, ?)
25-05-20 14:47:53.405 [Test worker] TRACE org.hibernate.orm.jdbc.bind          [e61baa2c5fe543eea9615e5cd404a484 | GET | /api/binaryContents] - binding parameter (1:VARCHAR) <- [text/plain]
25-05-20 14:47:53.405 [Test worker] TRACE org.hibernate.orm.jdbc.bind          [e61baa2c5fe543eea9615e5cd404a484 | GET | /api/binaryContents] - binding parameter (2:TIMESTAMP_UTC) <- [2025-05-20T05:47:53.359892Z]
25-05-20 14:47:53.405 [Test worker] TRACE org.hibernate.orm.jdbc.bind          [e61baa2c5fe543eea9615e5cd404a484 | GET | /api/binaryContents] - binding parameter (3:VARCHAR) <- [test2.txt]
25-05-20 14:47:53.405 [Test worker] TRACE org.hibernate.orm.jdbc.bind          [e61baa2c5fe543eea9615e5cd404a484 | GET | /api/binaryContents] - binding parameter (4:BIGINT) <- [44]
25-05-20 14:47:53.405 [Test worker] TRACE org.hibernate.orm.jdbc.bind          [e61baa2c5fe543eea9615e5cd404a484 | GET | /api/binaryContents] - binding parameter (5:UUID) <- [c627330c-fd7a-41b6-9ea6-751b0057a1a9]
25-05-20 14:47:53.406 [Test worker] DEBUG org.hibernate.SQL                    [e61baa2c5fe543eea9615e5cd404a484 | GET | /api/binaryContents] - 
    insert 
    into
        messages
        (author_id, channel_id, content, created_at, updated_at, id) 
    values
        (?, ?, ?, ?, ?, ?)
25-05-20 14:47:53.407 [Test worker] TRACE org.hibernate.orm.jdbc.bind          [e61baa2c5fe543eea9615e5cd404a484 | GET | /api/binaryContents] - binding parameter (1:UUID) <- [aaffb1e0-173a-4006-9b8a-1421a8cf8711]
25-05-20 14:47:53.407 [Test worker] TRACE org.hibernate.orm.jdbc.bind          [e61baa2c5fe543eea9615e5cd404a484 | GET | /api/binaryContents] - binding parameter (2:UUID) <- [808d2337-2f3e-4444-8902-ff37252a68b0]
25-05-20 14:47:53.407 [Test worker] TRACE org.hibernate.orm.jdbc.bind          [e61baa2c5fe543eea9615e5cd404a484 | GET | /api/binaryContents] - binding parameter (3:VARCHAR) <- [첨부파일이 있는 메시지입니다.]
25-05-20 14:47:53.407 [Test worker] TRACE org.hibernate.orm.jdbc.bind          [e61baa2c5fe543eea9615e5cd404a484 | GET | /api/binaryContents] - binding parameter (4:TIMESTAMP_UTC) <- [2025-05-20T05:47:53.362342Z]
25-05-20 14:47:53.407 [Test worker] TRACE org.hibernate.orm.jdbc.bind          [e61baa2c5fe543eea9615e5cd404a484 | GET | /api/binaryContents] - binding parameter (5:TIMESTAMP_UTC) <- [2025-05-20T05:47:53.362342Z]
25-05-20 14:47:53.407 [Test worker] TRACE org.hibernate.orm.jdbc.bind          [e61baa2c5fe543eea9615e5cd404a484 | GET | /api/binaryContents] - binding parameter (6:UUID) <- [c0a9e99c-f073-48d1-9bcc-77be5d3a4f77]
25-05-20 14:47:53.413 [Test worker] DEBUG org.hibernate.SQL                    [e61baa2c5fe543eea9615e5cd404a484 | GET | /api/binaryContents] - 
    insert 
    into
        message_attachments
        (message_id, attachment_id) 
    values
        (?, ?)
25-05-20 14:47:53.413 [Test worker] TRACE org.hibernate.orm.jdbc.bind          [e61baa2c5fe543eea9615e5cd404a484 | GET | /api/binaryContents] - binding parameter (1:UUID) <- [c0a9e99c-f073-48d1-9bcc-77be5d3a4f77]
25-05-20 14:47:53.414 [Test worker] TRACE org.hibernate.orm.jdbc.bind          [e61baa2c5fe543eea9615e5cd404a484 | GET | /api/binaryContents] - binding parameter (2:UUID) <- [c43132bb-c568-4ac8-a4b3-95505e5d21dc]
25-05-20 14:47:53.414 [Test worker] DEBUG org.hibernate.SQL                    [e61baa2c5fe543eea9615e5cd404a484 | GET | /api/binaryContents] - 
    insert 
    into
        message_attachments
        (message_id, attachment_id) 
    values
        (?, ?)
25-05-20 14:47:53.415 [Test worker] TRACE org.hibernate.orm.jdbc.bind          [e61baa2c5fe543eea9615e5cd404a484 | GET | /api/binaryContents] - binding parameter (1:UUID) <- [c0a9e99c-f073-48d1-9bcc-77be5d3a4f77]
25-05-20 14:47:53.415 [Test worker] TRACE org.hibernate.orm.jdbc.bind          [e61baa2c5fe543eea9615e5cd404a484 | GET | /api/binaryContents] - binding parameter (2:UUID) <- [c627330c-fd7a-41b6-9ea6-751b0057a1a9]
25-05-20 14:47:53.416 [Test worker] DEBUG org.hibernate.SQL                    [e61baa2c5fe543eea9615e5cd404a484 | GET | /api/binaryContents] - 
    select
        bc1_0.id,
        bc1_0.content_type,
        bc1_0.created_at,
        bc1_0.file_name,
        bc1_0.size 
    from
        binary_contents bc1_0 
    where
        bc1_0.id in (?, ?)
25-05-20 14:47:53.417 [Test worker] TRACE org.hibernate.orm.jdbc.bind          [e61baa2c5fe543eea9615e5cd404a484 | GET | /api/binaryContents] - binding parameter (1:UUID) <- [c43132bb-c568-4ac8-a4b3-95505e5d21dc]
25-05-20 14:47:53.417 [Test worker] TRACE org.hibernate.orm.jdbc.bind          [e61baa2c5fe543eea9615e5cd404a484 | GET | /api/binaryContents] - binding parameter (2:UUID) <- [c627330c-fd7a-41b6-9ea6-751b0057a1a9]
25-05-20 14:47:53.419 [Test worker] INFO  c.s.m.d.s.b.BasicBinaryContentService [e61baa2c5fe543eea9615e5cd404a484 | GET | /api/binaryContents] - 바이너리 컨텐츠 목록 조회 완료: 조회된 항목 수=2
25-05-20 14:47:53.419 [Test worker] DEBUG c.s.m.d.c.BinaryContentController    [e61baa2c5fe543eea9615e5cd404a484 | GET | /api/binaryContents] - 바이너리 컨텐츠 목록 조회 응답: count=2
25-05-20 14:47:53.424 [Test worker] DEBUG c.s.m.d.config.MDCLoggingInterceptor [e61baa2c5fe543eea9615e5cd404a484 | GET | /api/binaryContents] - Request completed
25-05-20 14:47:53.441 [Test worker] DEBUG c.s.m.d.s.basic.BasicUserService     [ |  | ] - 사용자 생성 시작: UserCreateRequest[username=contentuser, email=content@example.com, password=Password1!]
25-05-20 14:47:53.442 [Test worker] DEBUG org.hibernate.SQL                    [ |  | ] - 
    select
        u1_0.id 
    from
        users u1_0 
    where
        u1_0.email=? 
    fetch
        first ? rows only
25-05-20 14:47:53.443 [Test worker] TRACE org.hibernate.orm.jdbc.bind          [ |  | ] - binding parameter (1:VARCHAR) <- [content@example.com]
25-05-20 14:47:53.443 [Test worker] TRACE org.hibernate.orm.jdbc.bind          [ |  | ] - binding parameter (2:INTEGER) <- [1]
25-05-20 14:47:53.444 [Test worker] DEBUG org.hibernate.SQL                    [ |  | ] - 
    select
        u1_0.id 
    from
        users u1_0 
    where
        u1_0.username=? 
    fetch
        first ? rows only
25-05-20 14:47:53.445 [Test worker] TRACE org.hibernate.orm.jdbc.bind          [ |  | ] - binding parameter (1:VARCHAR) <- [contentuser]
25-05-20 14:47:53.445 [Test worker] TRACE org.hibernate.orm.jdbc.bind          [ |  | ] - binding parameter (2:INTEGER) <- [1]
25-05-20 14:47:53.446 [Test worker] INFO  c.s.m.d.s.basic.BasicUserService     [ |  | ] - 사용자 생성 완료: id=6d10e50f-fc04-4465-9229-bc4d26e6d5df, username=contentuser
25-05-20 14:47:53.446 [Test worker] DEBUG c.s.m.d.s.basic.BasicChannelService  [ |  | ] - 채널 생성 시작: PublicChannelCreateRequest[name=테스트 채널, description=테스트 채널 설명입니다.]
25-05-20 14:47:53.447 [Test worker] INFO  c.s.m.d.s.basic.BasicChannelService  [ |  | ] - 채널 생성 완료: id=21f3f4ab-8c19-4b03-85d4-157ef3003d0c, name=테스트 채널
25-05-20 14:47:53.448 [Test worker] DEBUG org.hibernate.SQL                    [ |  | ] - 
    select
        m1_0.created_at 
    from
        messages m1_0 
    where
        m1_0.channel_id=? 
    order by
        m1_0.created_at desc 
    fetch
        first 1 rows only
25-05-20 14:47:53.449 [Test worker] TRACE org.hibernate.orm.jdbc.bind          [ |  | ] - binding parameter (1:UUID) <- [21f3f4ab-8c19-4b03-85d4-157ef3003d0c]
25-05-20 14:47:53.449 [Test worker] DEBUG c.s.m.d.s.basic.BasicMessageService  [ |  | ] - 메시지 생성 시작: request=MessageCreateRequest[content=첨부파일이 있는 메시지입니다., channelId=21f3f4ab-8c19-4b03-85d4-157ef3003d0c, authorId=6d10e50f-fc04-4465-9229-bc4d26e6d5df]
25-05-20 14:47:53.452 [Test worker] INFO  c.s.m.d.s.basic.BasicMessageService  [ |  | ] - 메시지 생성 완료: id=f1545af6-8eb0-4af3-a05a-8da4db052002, channelId=21f3f4ab-8c19-4b03-85d4-157ef3003d0c
25-05-20 14:47:53.454 [Test worker] DEBUG c.s.m.d.config.MDCLoggingInterceptor [06ed9cb9fa1c40c394483ea0e0eb62c1 | GET | /api/binaryContents/1ee86a91-de2e-458a-9b00-6273f6dc6a41] - Request started
25-05-20 14:47:53.455 [Test worker] INFO  c.s.m.d.c.BinaryContentController    [06ed9cb9fa1c40c394483ea0e0eb62c1 | GET | /api/binaryContents/1ee86a91-de2e-458a-9b00-6273f6dc6a41] - 바이너리 컨텐츠 조회 요청: id=1ee86a91-de2e-458a-9b00-6273f6dc6a41
25-05-20 14:47:53.455 [Test worker] DEBUG c.s.m.d.s.b.BasicBinaryContentService [06ed9cb9fa1c40c394483ea0e0eb62c1 | GET | /api/binaryContents/1ee86a91-de2e-458a-9b00-6273f6dc6a41] - 바이너리 컨텐츠 조회 시작: id=1ee86a91-de2e-458a-9b00-6273f6dc6a41
25-05-20 14:47:53.456 [Test worker] INFO  c.s.m.d.s.b.BasicBinaryContentService [06ed9cb9fa1c40c394483ea0e0eb62c1 | GET | /api/binaryContents/1ee86a91-de2e-458a-9b00-6273f6dc6a41] - 바이너리 컨텐츠 조회 완료: id=1ee86a91-de2e-458a-9b00-6273f6dc6a41, fileName=test.txt
25-05-20 14:47:53.456 [Test worker] DEBUG c.s.m.d.c.BinaryContentController    [06ed9cb9fa1c40c394483ea0e0eb62c1 | GET | /api/binaryContents/1ee86a91-de2e-458a-9b00-6273f6dc6a41] - 바이너리 컨텐츠 조회 응답: BinaryContentDto[id=1ee86a91-de2e-458a-9b00-6273f6dc6a41, fileName=test.txt, size=33, contentType=text/plain]
25-05-20 14:47:53.459 [Test worker] DEBUG c.s.m.d.config.MDCLoggingInterceptor [06ed9cb9fa1c40c394483ea0e0eb62c1 | GET | /api/binaryContents/1ee86a91-de2e-458a-9b00-6273f6dc6a41] - Request completed
25-05-20 14:47:53.470 [Test worker] DEBUG c.s.m.d.s.b.BasicBinaryContentService [ |  | ] - 바이너리 컨텐츠 생성 시작: fileName=download-test.txt, size=46, contentType=text/plain
25-05-20 14:47:53.472 [Test worker] INFO  c.s.m.d.s.b.BasicBinaryContentService [ |  | ] - 바이너리 컨텐츠 생성 완료: id=dc265af8-db7e-4c5d-8353-560bfe615208, fileName=download-test.txt, size=46
25-05-20 14:47:53.473 [Test worker] DEBUG c.s.m.d.config.MDCLoggingInterceptor [7fcc54a0c32b4581b0d48f7b534df869 | GET | /api/binaryContents/dc265af8-db7e-4c5d-8353-560bfe615208/download] - Request started
25-05-20 14:47:53.473 [Test worker] INFO  c.s.m.d.c.BinaryContentController    [7fcc54a0c32b4581b0d48f7b534df869 | GET | /api/binaryContents/dc265af8-db7e-4c5d-8353-560bfe615208/download] - 바이너리 컨텐츠 다운로드 요청: id=dc265af8-db7e-4c5d-8353-560bfe615208
25-05-20 14:47:53.473 [Test worker] DEBUG c.s.m.d.s.b.BasicBinaryContentService [7fcc54a0c32b4581b0d48f7b534df869 | GET | /api/binaryContents/dc265af8-db7e-4c5d-8353-560bfe615208/download] - 바이너리 컨텐츠 조회 시작: id=dc265af8-db7e-4c5d-8353-560bfe615208
25-05-20 14:47:53.474 [Test worker] INFO  c.s.m.d.s.b.BasicBinaryContentService [7fcc54a0c32b4581b0d48f7b534df869 | GET | /api/binaryContents/dc265af8-db7e-4c5d-8353-560bfe615208/download] - 바이너리 컨텐츠 조회 완료: id=dc265af8-db7e-4c5d-8353-560bfe615208, fileName=download-test.txt
25-05-20 14:47:53.475 [Test worker] DEBUG c.s.m.d.c.BinaryContentController    [7fcc54a0c32b4581b0d48f7b534df869 | GET | /api/binaryContents/dc265af8-db7e-4c5d-8353-560bfe615208/download] - 바이너리 컨텐츠 다운로드 응답: contentType=text/plain, contentLength=46
25-05-20 14:47:53.475 [Test worker] DEBUG c.s.m.d.config.MDCLoggingInterceptor [7fcc54a0c32b4581b0d48f7b534df869 | GET | /api/binaryContents/dc265af8-db7e-4c5d-8353-560bfe615208/download] - Request completed
25-05-20 14:47:53.489 [Test worker] DEBUG c.s.m.d.config.MDCLoggingInterceptor [2a1695fc9c564638b4d9a824f5ce759a | GET | /api/binaryContents/e1e66ca9-df28-4668-9a50-33c2990c2569] - Request started
25-05-20 14:47:53.489 [Test worker] INFO  c.s.m.d.c.BinaryContentController    [2a1695fc9c564638b4d9a824f5ce759a | GET | /api/binaryContents/e1e66ca9-df28-4668-9a50-33c2990c2569] - 바이너리 컨텐츠 조회 요청: id=e1e66ca9-df28-4668-9a50-33c2990c2569
25-05-20 14:47:53.490 [Test worker] DEBUG c.s.m.d.s.b.BasicBinaryContentService [2a1695fc9c564638b4d9a824f5ce759a | GET | /api/binaryContents/e1e66ca9-df28-4668-9a50-33c2990c2569] - 바이너리 컨텐츠 조회 시작: id=e1e66ca9-df28-4668-9a50-33c2990c2569
25-05-20 14:47:53.492 [Test worker] DEBUG org.hibernate.SQL                    [2a1695fc9c564638b4d9a824f5ce759a | GET | /api/binaryContents/e1e66ca9-df28-4668-9a50-33c2990c2569] - 
    select
        bc1_0.id,
        bc1_0.content_type,
        bc1_0.created_at,
        bc1_0.file_name,
        bc1_0.size 
    from
        binary_contents bc1_0 
    where
        bc1_0.id=?
25-05-20 14:47:53.493 [Test worker] TRACE org.hibernate.orm.jdbc.bind          [2a1695fc9c564638b4d9a824f5ce759a | GET | /api/binaryContents/e1e66ca9-df28-4668-9a50-33c2990c2569] - binding parameter (1:UUID) <- [e1e66ca9-df28-4668-9a50-33c2990c2569]
25-05-20 14:47:53.495 [Test worker] ERROR c.s.m.d.e.GlobalExceptionHandler     [2a1695fc9c564638b4d9a824f5ce759a | GET | /api/binaryContents/e1e66ca9-df28-4668-9a50-33c2990c2569] - 커스텀 예외 발생: code=BINARY_CONTENT_NOT_FOUND, message=바이너리 컨텐츠를 찾을 수 없습니다.
com.sprint.mission.discodeit.exception.binarycontent.BinaryContentNotFoundException: 바이너리 컨텐츠를 찾을 수 없습니다.
	at com.sprint.mission.discodeit.exception.binarycontent.BinaryContentNotFoundException.withId(BinaryContentNotFoundException.java:13)
	at com.sprint.mission.discodeit.service.basic.BasicBinaryContentService.lambda$find$0(BasicBinaryContentService.java:54)
	at java.base/java.util.Optional.orElseThrow(Optional.java:403)
	at com.sprint.mission.discodeit.service.basic.BasicBinaryContentService.find(BasicBinaryContentService.java:54)
	at java.base/jdk.internal.reflect.NativeMethodAccessorImpl.invoke0(Native Method)
	at java.base/jdk.internal.reflect.NativeMethodAccessorImpl.invoke(NativeMethodAccessorImpl.java:77)
	at java.base/jdk.internal.reflect.DelegatingMethodAccessorImpl.invoke(DelegatingMethodAccessorImpl.java:43)
	at java.base/java.lang.reflect.Method.invoke(Method.java:569)
	at org.springframework.aop.support.AopUtils.invokeJoinpointUsingReflection(AopUtils.java:359)
	at org.springframework.aop.framework.CglibAopProxy$DynamicAdvisedInterceptor.intercept(CglibAopProxy.java:723)
	at com.sprint.mission.discodeit.service.basic.BasicBinaryContentService$$SpringCGLIB$$0.find(<generated>)
	at com.sprint.mission.discodeit.controller.BinaryContentController.find(BinaryContentController.java:32)
	at java.base/jdk.internal.reflect.NativeMethodAccessorImpl.invoke0(Native Method)
	at java.base/jdk.internal.reflect.NativeMethodAccessorImpl.invoke(NativeMethodAccessorImpl.java:77)
	at java.base/jdk.internal.reflect.DelegatingMethodAccessorImpl.invoke(DelegatingMethodAccessorImpl.java:43)
	at java.base/java.lang.reflect.Method.invoke(Method.java:569)
	at org.springframework.web.method.support.InvocableHandlerMethod.doInvoke(InvocableHandlerMethod.java:255)
	at org.springframework.web.method.support.InvocableHandlerMethod.invokeForRequest(InvocableHandlerMethod.java:188)
	at org.springframework.web.servlet.mvc.method.annotation.ServletInvocableHandlerMethod.invokeAndHandle(ServletInvocableHandlerMethod.java:118)
	at org.springframework.web.servlet.mvc.method.annotation.RequestMappingHandlerAdapter.invokeHandlerMethod(RequestMappingHandlerAdapter.java:986)
	at org.springframework.web.servlet.mvc.method.annotation.RequestMappingHandlerAdapter.handleInternal(RequestMappingHandlerAdapter.java:891)
	at org.springframework.web.servlet.mvc.method.AbstractHandlerMethodAdapter.handle(AbstractHandlerMethodAdapter.java:87)
	at org.springframework.web.servlet.DispatcherServlet.doDispatch(DispatcherServlet.java:1088)
	at org.springframework.web.servlet.DispatcherServlet.doService(DispatcherServlet.java:978)
	at org.springframework.web.servlet.FrameworkServlet.processRequest(FrameworkServlet.java:1014)
	at org.springframework.web.servlet.FrameworkServlet.doGet(FrameworkServlet.java:903)
	at jakarta.servlet.http.HttpServlet.service(HttpServlet.java:564)
	at org.springframework.web.servlet.FrameworkServlet.service(FrameworkServlet.java:885)
	at org.springframework.test.web.servlet.TestDispatcherServlet.service(TestDispatcherServlet.java:72)
	at jakarta.servlet.http.HttpServlet.service(HttpServlet.java:658)
	at org.springframework.mock.web.MockFilterChain$ServletFilterProxy.doFilter(MockFilterChain.java:165)
	at org.springframework.mock.web.MockFilterChain.doFilter(MockFilterChain.java:132)
	at org.springframework.web.filter.RequestContextFilter.doFilterInternal(RequestContextFilter.java:100)
	at org.springframework.web.filter.OncePerRequestFilter.doFilter(OncePerRequestFilter.java:116)
	at org.springframework.test.web.servlet.setup.MockMvcFilterDecorator.doFilter(MockMvcFilterDecorator.java:162)
	at org.springframework.mock.web.MockFilterChain.doFilter(MockFilterChain.java:132)
	at org.springframework.web.filter.FormContentFilter.doFilterInternal(FormContentFilter.java:93)
	at org.springframework.web.filter.OncePerRequestFilter.doFilter(OncePerRequestFilter.java:116)
	at org.springframework.test.web.servlet.setup.MockMvcFilterDecorator.doFilter(MockMvcFilterDecorator.java:162)
	at org.springframework.mock.web.MockFilterChain.doFilter(MockFilterChain.java:132)
	at org.springframework.web.filter.ServerHttpObservationFilter.doFilterInternal(ServerHttpObservationFilter.java:114)
	at org.springframework.web.filter.OncePerRequestFilter.doFilter(OncePerRequestFilter.java:116)
	at org.springframework.test.web.servlet.setup.MockMvcFilterDecorator.doFilter(MockMvcFilterDecorator.java:162)
	at org.springframework.mock.web.MockFilterChain.doFilter(MockFilterChain.java:132)
	at org.springframework.web.filter.CharacterEncodingFilter.doFilterInternal(CharacterEncodingFilter.java:201)
	at org.springframework.web.filter.OncePerRequestFilter.doFilter(OncePerRequestFilter.java:116)
	at org.springframework.test.web.servlet.setup.MockMvcFilterDecorator.doFilter(MockMvcFilterDecorator.java:162)
	at org.springframework.mock.web.MockFilterChain.doFilter(MockFilterChain.java:132)
	at org.springframework.test.web.servlet.MockMvc.perform(MockMvc.java:201)
	at com.sprint.mission.discodeit.integration.BinaryContentApiIntegrationTest.findBinaryContent_Failure_NotFound(BinaryContentApiIntegrationTest.java:114)
	at java.base/jdk.internal.reflect.NativeMethodAccessorImpl.invoke0(Native Method)
	at java.base/jdk.internal.reflect.NativeMethodAccessorImpl.invoke(NativeMethodAccessorImpl.java:77)
	at java.base/jdk.internal.reflect.DelegatingMethodAccessorImpl.invoke(DelegatingMethodAccessorImpl.java:43)
	at java.base/java.lang.reflect.Method.invoke(Method.java:569)
	at org.junit.platform.commons.util.ReflectionUtils.invokeMethod(ReflectionUtils.java:767)
	at org.junit.jupiter.engine.execution.MethodInvocation.proceed(MethodInvocation.java:60)
	at org.junit.jupiter.engine.execution.InvocationInterceptorChain$ValidatingInvocation.proceed(InvocationInterceptorChain.java:131)
	at org.junit.jupiter.engine.extension.TimeoutExtension.intercept(TimeoutExtension.java:156)
	at org.junit.jupiter.engine.extension.TimeoutExtension.interceptTestableMethod(TimeoutExtension.java:147)
	at org.junit.jupiter.engine.extension.TimeoutExtension.interceptTestMethod(TimeoutExtension.java:86)
	at org.junit.jupiter.engine.execution.InterceptingExecutableInvoker$ReflectiveInterceptorCall.lambda$ofVoidMethod$0(InterceptingExecutableInvoker.java:103)
	at org.junit.jupiter.engine.execution.InterceptingExecutableInvoker.lambda$invoke$0(InterceptingExecutableInvoker.java:93)
	at org.junit.jupiter.engine.execution.InvocationInterceptorChain$InterceptedInvocation.proceed(InvocationInterceptorChain.java:106)
	at org.junit.jupiter.engine.execution.InvocationInterceptorChain.proceed(InvocationInterceptorChain.java:64)
	at org.junit.jupiter.engine.execution.InvocationInterceptorChain.chainAndInvoke(InvocationInterceptorChain.java:45)
	at org.junit.jupiter.engine.execution.InvocationInterceptorChain.invoke(InvocationInterceptorChain.java:37)
	at org.junit.jupiter.engine.execution.InterceptingExecutableInvoker.invoke(InterceptingExecutableInvoker.java:92)
	at org.junit.jupiter.engine.execution.InterceptingExecutableInvoker.invoke(InterceptingExecutableInvoker.java:86)
	at org.junit.jupiter.engine.descriptor.TestMethodTestDescriptor.lambda$invokeTestMethod$8(TestMethodTestDescriptor.java:217)
	at org.junit.platform.engine.support.hierarchical.ThrowableCollector.execute(ThrowableCollector.java:73)
	at org.junit.jupiter.engine.descriptor.TestMethodTestDescriptor.invokeTestMethod(TestMethodTestDescriptor.java:213)
	at org.junit.jupiter.engine.descriptor.TestMethodTestDescriptor.execute(TestMethodTestDescriptor.java:138)
	at org.junit.jupiter.engine.descriptor.TestMethodTestDescriptor.execute(TestMethodTestDescriptor.java:68)
	at org.junit.platform.engine.support.hierarchical.NodeTestTask.lambda$executeRecursively$6(NodeTestTask.java:156)
	at org.junit.platform.engine.support.hierarchical.ThrowableCollector.execute(ThrowableCollector.java:73)
	at org.junit.platform.engine.support.hierarchical.NodeTestTask.lambda$executeRecursively$8(NodeTestTask.java:146)
	at org.junit.platform.engine.support.hierarchical.Node.around(Node.java:137)
	at org.junit.platform.engine.support.hierarchical.NodeTestTask.lambda$executeRecursively$9(NodeTestTask.java:144)
	at org.junit.platform.engine.support.hierarchical.ThrowableCollector.execute(ThrowableCollector.java:73)
	at org.junit.platform.engine.support.hierarchical.NodeTestTask.executeRecursively(NodeTestTask.java:143)
	at org.junit.platform.engine.support.hierarchical.NodeTestTask.execute(NodeTestTask.java:100)
	at java.base/java.util.ArrayList.forEach(ArrayList.java:1511)
	at org.junit.platform.engine.support.hierarchical.SameThreadHierarchicalTestExecutorService.invokeAll(SameThreadHierarchicalTestExecutorService.java:41)
	at org.junit.platform.engine.support.hierarchical.NodeTestTask.lambda$executeRecursively$6(NodeTestTask.java:160)
	at org.junit.platform.engine.support.hierarchical.ThrowableCollector.execute(ThrowableCollector.java:73)
	at org.junit.platform.engine.support.hierarchical.NodeTestTask.lambda$executeRecursively$8(NodeTestTask.java:146)
	at org.junit.platform.engine.support.hierarchical.Node.around(Node.java:137)
	at org.junit.platform.engine.support.hierarchical.NodeTestTask.lambda$executeRecursively$9(NodeTestTask.java:144)
	at org.junit.platform.engine.support.hierarchical.ThrowableCollector.execute(ThrowableCollector.java:73)
	at org.junit.platform.engine.support.hierarchical.NodeTestTask.executeRecursively(NodeTestTask.java:143)
	at org.junit.platform.engine.support.hierarchical.NodeTestTask.execute(NodeTestTask.java:100)
	at java.base/java.util.ArrayList.forEach(ArrayList.java:1511)
	at org.junit.platform.engine.support.hierarchical.SameThreadHierarchicalTestExecutorService.invokeAll(SameThreadHierarchicalTestExecutorService.java:41)
	at org.junit.platform.engine.support.hierarchical.NodeTestTask.lambda$executeRecursively$6(NodeTestTask.java:160)
	at org.junit.platform.engine.support.hierarchical.ThrowableCollector.execute(ThrowableCollector.java:73)
	at org.junit.platform.engine.support.hierarchical.NodeTestTask.lambda$executeRecursively$8(NodeTestTask.java:146)
	at org.junit.platform.engine.support.hierarchical.Node.around(Node.java:137)
	at org.junit.platform.engine.support.hierarchical.NodeTestTask.lambda$executeRecursively$9(NodeTestTask.java:144)
	at org.junit.platform.engine.support.hierarchical.ThrowableCollector.execute(ThrowableCollector.java:73)
	at org.junit.platform.engine.support.hierarchical.NodeTestTask.executeRecursively(NodeTestTask.java:143)
	at org.junit.platform.engine.support.hierarchical.NodeTestTask.execute(NodeTestTask.java:100)
	at org.junit.platform.engine.support.hierarchical.SameThreadHierarchicalTestExecutorService.submit(SameThreadHierarchicalTestExecutorService.java:35)
	at org.junit.platform.engine.support.hierarchical.HierarchicalTestExecutor.execute(HierarchicalTestExecutor.java:57)
	at org.junit.platform.engine.support.hierarchical.HierarchicalTestEngine.execute(HierarchicalTestEngine.java:54)
	at org.junit.platform.launcher.core.EngineExecutionOrchestrator.execute(EngineExecutionOrchestrator.java:198)
	at org.junit.platform.launcher.core.EngineExecutionOrchestrator.execute(EngineExecutionOrchestrator.java:169)
	at org.junit.platform.launcher.core.EngineExecutionOrchestrator.execute(EngineExecutionOrchestrator.java:93)
	at org.junit.platform.launcher.core.EngineExecutionOrchestrator.lambda$execute$0(EngineExecutionOrchestrator.java:58)
	at org.junit.platform.launcher.core.EngineExecutionOrchestrator.withInterceptedStreams(EngineExecutionOrchestrator.java:141)
	at org.junit.platform.launcher.core.EngineExecutionOrchestrator.execute(EngineExecutionOrchestrator.java:57)
	at org.junit.platform.launcher.core.DefaultLauncher.execute(DefaultLauncher.java:103)
	at org.junit.platform.launcher.core.DefaultLauncher.execute(DefaultLauncher.java:85)
	at org.junit.platform.launcher.core.DelegatingLauncher.execute(DelegatingLauncher.java:47)
	at org.gradle.api.internal.tasks.testing.junitplatform.JUnitPlatformTestClassProcessor$CollectAllTestClassesExecutor.processAllTestClasses(JUnitPlatformTestClassProcessor.java:124)
	at org.gradle.api.internal.tasks.testing.junitplatform.JUnitPlatformTestClassProcessor$CollectAllTestClassesExecutor.access$000(JUnitPlatformTestClassProcessor.java:99)
	at org.gradle.api.internal.tasks.testing.junitplatform.JUnitPlatformTestClassProcessor.stop(JUnitPlatformTestClassProcessor.java:94)
	at org.gradle.api.internal.tasks.testing.SuiteTestClassProcessor.stop(SuiteTestClassProcessor.java:63)
	at java.base/jdk.internal.reflect.NativeMethodAccessorImpl.invoke0(Native Method)
	at java.base/jdk.internal.reflect.NativeMethodAccessorImpl.invoke(NativeMethodAccessorImpl.java:77)
	at java.base/jdk.internal.reflect.DelegatingMethodAccessorImpl.invoke(DelegatingMethodAccessorImpl.java:43)
	at java.base/java.lang.reflect.Method.invoke(Method.java:569)
	at org.gradle.internal.dispatch.ReflectionDispatch.dispatch(ReflectionDispatch.java:36)
	at org.gradle.internal.dispatch.ReflectionDispatch.dispatch(ReflectionDispatch.java:24)
	at org.gradle.internal.dispatch.ContextClassLoaderDispatch.dispatch(ContextClassLoaderDispatch.java:33)
	at org.gradle.internal.dispatch.ProxyDispatchAdapter$DispatchingInvocationHandler.invoke(ProxyDispatchAdapter.java:92)
	at jdk.proxy2/jdk.proxy2.$Proxy6.stop(Unknown Source)
	at org.gradle.api.internal.tasks.testing.worker.TestWorker$3.run(TestWorker.java:200)
	at org.gradle.api.internal.tasks.testing.worker.TestWorker.executeAndMaintainThreadName(TestWorker.java:132)
	at org.gradle.api.internal.tasks.testing.worker.TestWorker.execute(TestWorker.java:103)
	at org.gradle.api.internal.tasks.testing.worker.TestWorker.execute(TestWorker.java:63)
	at org.gradle.process.internal.worker.child.ActionExecutionWorker.execute(ActionExecutionWorker.java:56)
	at org.gradle.process.internal.worker.child.SystemApplicationClassLoaderWorker.call(SystemApplicationClassLoaderWorker.java:121)
	at org.gradle.process.internal.worker.child.SystemApplicationClassLoaderWorker.call(SystemApplicationClassLoaderWorker.java:71)
	at worker.org.gradle.process.internal.worker.GradleWorkerMain.run(GradleWorkerMain.java:69)
	at worker.org.gradle.process.internal.worker.GradleWorkerMain.main(GradleWorkerMain.java:74)
25-05-20 14:47:53.499 [Test worker] DEBUG c.s.m.d.config.MDCLoggingInterceptor [2a1695fc9c564638b4d9a824f5ce759a | GET | /api/binaryContents/e1e66ca9-df28-4668-9a50-33c2990c2569] - Request completed
25-05-20 14:47:53.512 [Test worker] DEBUG c.s.m.d.config.MDCLoggingInterceptor [d2ca4dd8aa2a4ac88037678481dbc048 | GET | /api/binaryContents/6d757585-3395-46a5-bcb5-8eaa72b0ef90/download] - Request started
25-05-20 14:47:53.512 [Test worker] INFO  c.s.m.d.c.BinaryContentController    [d2ca4dd8aa2a4ac88037678481dbc048 | GET | /api/binaryContents/6d757585-3395-46a5-bcb5-8eaa72b0ef90/download] - 바이너리 컨텐츠 다운로드 요청: id=6d757585-3395-46a5-bcb5-8eaa72b0ef90
25-05-20 14:47:53.512 [Test worker] DEBUG c.s.m.d.s.b.BasicBinaryContentService [d2ca4dd8aa2a4ac88037678481dbc048 | GET | /api/binaryContents/6d757585-3395-46a5-bcb5-8eaa72b0ef90/download] - 바이너리 컨텐츠 조회 시작: id=6d757585-3395-46a5-bcb5-8eaa72b0ef90
25-05-20 14:47:53.513 [Test worker] DEBUG org.hibernate.SQL                    [d2ca4dd8aa2a4ac88037678481dbc048 | GET | /api/binaryContents/6d757585-3395-46a5-bcb5-8eaa72b0ef90/download] - 
    select
        bc1_0.id,
        bc1_0.content_type,
        bc1_0.created_at,
        bc1_0.file_name,
        bc1_0.size 
    from
        binary_contents bc1_0 
    where
        bc1_0.id=?
25-05-20 14:47:53.513 [Test worker] TRACE org.hibernate.orm.jdbc.bind          [d2ca4dd8aa2a4ac88037678481dbc048 | GET | /api/binaryContents/6d757585-3395-46a5-bcb5-8eaa72b0ef90/download] - binding parameter (1:UUID) <- [6d757585-3395-46a5-bcb5-8eaa72b0ef90]
25-05-20 14:47:53.514 [Test worker] ERROR c.s.m.d.e.GlobalExceptionHandler     [d2ca4dd8aa2a4ac88037678481dbc048 | GET | /api/binaryContents/6d757585-3395-46a5-bcb5-8eaa72b0ef90/download] - 커스텀 예외 발생: code=BINARY_CONTENT_NOT_FOUND, message=바이너리 컨텐츠를 찾을 수 없습니다.
com.sprint.mission.discodeit.exception.binarycontent.BinaryContentNotFoundException: 바이너리 컨텐츠를 찾을 수 없습니다.
	at com.sprint.mission.discodeit.exception.binarycontent.BinaryContentNotFoundException.withId(BinaryContentNotFoundException.java:13)
	at com.sprint.mission.discodeit.service.basic.BasicBinaryContentService.lambda$find$0(BasicBinaryContentService.java:54)
	at java.base/java.util.Optional.orElseThrow(Optional.java:403)
	at com.sprint.mission.discodeit.service.basic.BasicBinaryContentService.find(BasicBinaryContentService.java:54)
	at java.base/jdk.internal.reflect.NativeMethodAccessorImpl.invoke0(Native Method)
	at java.base/jdk.internal.reflect.NativeMethodAccessorImpl.invoke(NativeMethodAccessorImpl.java:77)
	at java.base/jdk.internal.reflect.DelegatingMethodAccessorImpl.invoke(DelegatingMethodAccessorImpl.java:43)
	at java.base/java.lang.reflect.Method.invoke(Method.java:569)
	at org.springframework.aop.support.AopUtils.invokeJoinpointUsingReflection(AopUtils.java:359)
	at org.springframework.aop.framework.CglibAopProxy$DynamicAdvisedInterceptor.intercept(CglibAopProxy.java:723)
	at com.sprint.mission.discodeit.service.basic.BasicBinaryContentService$$SpringCGLIB$$0.find(<generated>)
	at com.sprint.mission.discodeit.controller.BinaryContentController.download(BinaryContentController.java:54)
	at java.base/jdk.internal.reflect.NativeMethodAccessorImpl.invoke0(Native Method)
	at java.base/jdk.internal.reflect.NativeMethodAccessorImpl.invoke(NativeMethodAccessorImpl.java:77)
	at java.base/jdk.internal.reflect.DelegatingMethodAccessorImpl.invoke(DelegatingMethodAccessorImpl.java:43)
	at java.base/java.lang.reflect.Method.invoke(Method.java:569)
	at org.springframework.web.method.support.InvocableHandlerMethod.doInvoke(InvocableHandlerMethod.java:255)
	at org.springframework.web.method.support.InvocableHandlerMethod.invokeForRequest(InvocableHandlerMethod.java:188)
	at org.springframework.web.servlet.mvc.method.annotation.ServletInvocableHandlerMethod.invokeAndHandle(ServletInvocableHandlerMethod.java:118)
	at org.springframework.web.servlet.mvc.method.annotation.RequestMappingHandlerAdapter.invokeHandlerMethod(RequestMappingHandlerAdapter.java:986)
	at org.springframework.web.servlet.mvc.method.annotation.RequestMappingHandlerAdapter.handleInternal(RequestMappingHandlerAdapter.java:891)
	at org.springframework.web.servlet.mvc.method.AbstractHandlerMethodAdapter.handle(AbstractHandlerMethodAdapter.java:87)
	at org.springframework.web.servlet.DispatcherServlet.doDispatch(DispatcherServlet.java:1088)
	at org.springframework.web.servlet.DispatcherServlet.doService(DispatcherServlet.java:978)
	at org.springframework.web.servlet.FrameworkServlet.processRequest(FrameworkServlet.java:1014)
	at org.springframework.web.servlet.FrameworkServlet.doGet(FrameworkServlet.java:903)
	at jakarta.servlet.http.HttpServlet.service(HttpServlet.java:564)
	at org.springframework.web.servlet.FrameworkServlet.service(FrameworkServlet.java:885)
	at org.springframework.test.web.servlet.TestDispatcherServlet.service(TestDispatcherServlet.java:72)
	at jakarta.servlet.http.HttpServlet.service(HttpServlet.java:658)
	at org.springframework.mock.web.MockFilterChain$ServletFilterProxy.doFilter(MockFilterChain.java:165)
	at org.springframework.mock.web.MockFilterChain.doFilter(MockFilterChain.java:132)
	at org.springframework.web.filter.RequestContextFilter.doFilterInternal(RequestContextFilter.java:100)
	at org.springframework.web.filter.OncePerRequestFilter.doFilter(OncePerRequestFilter.java:116)
	at org.springframework.test.web.servlet.setup.MockMvcFilterDecorator.doFilter(MockMvcFilterDecorator.java:162)
	at org.springframework.mock.web.MockFilterChain.doFilter(MockFilterChain.java:132)
	at org.springframework.web.filter.FormContentFilter.doFilterInternal(FormContentFilter.java:93)
	at org.springframework.web.filter.OncePerRequestFilter.doFilter(OncePerRequestFilter.java:116)
	at org.springframework.test.web.servlet.setup.MockMvcFilterDecorator.doFilter(MockMvcFilterDecorator.java:162)
	at org.springframework.mock.web.MockFilterChain.doFilter(MockFilterChain.java:132)
	at org.springframework.web.filter.ServerHttpObservationFilter.doFilterInternal(ServerHttpObservationFilter.java:114)
	at org.springframework.web.filter.OncePerRequestFilter.doFilter(OncePerRequestFilter.java:116)
	at org.springframework.test.web.servlet.setup.MockMvcFilterDecorator.doFilter(MockMvcFilterDecorator.java:162)
	at org.springframework.mock.web.MockFilterChain.doFilter(MockFilterChain.java:132)
	at org.springframework.web.filter.CharacterEncodingFilter.doFilterInternal(CharacterEncodingFilter.java:201)
	at org.springframework.web.filter.OncePerRequestFilter.doFilter(OncePerRequestFilter.java:116)
	at org.springframework.test.web.servlet.setup.MockMvcFilterDecorator.doFilter(MockMvcFilterDecorator.java:162)
	at org.springframework.mock.web.MockFilterChain.doFilter(MockFilterChain.java:132)
	at org.springframework.test.web.servlet.MockMvc.perform(MockMvc.java:201)
	at com.sprint.mission.discodeit.integration.BinaryContentApiIntegrationTest.downloadBinaryContent_Failure_NotFound(BinaryContentApiIntegrationTest.java:205)
	at java.base/jdk.internal.reflect.NativeMethodAccessorImpl.invoke0(Native Method)
	at java.base/jdk.internal.reflect.NativeMethodAccessorImpl.invoke(NativeMethodAccessorImpl.java:77)
	at java.base/jdk.internal.reflect.DelegatingMethodAccessorImpl.invoke(DelegatingMethodAccessorImpl.java:43)
	at java.base/java.lang.reflect.Method.invoke(Method.java:569)
	at org.junit.platform.commons.util.ReflectionUtils.invokeMethod(ReflectionUtils.java:767)
	at org.junit.jupiter.engine.execution.MethodInvocation.proceed(MethodInvocation.java:60)
	at org.junit.jupiter.engine.execution.InvocationInterceptorChain$ValidatingInvocation.proceed(InvocationInterceptorChain.java:131)
	at org.junit.jupiter.engine.extension.TimeoutExtension.intercept(TimeoutExtension.java:156)
	at org.junit.jupiter.engine.extension.TimeoutExtension.interceptTestableMethod(TimeoutExtension.java:147)
	at org.junit.jupiter.engine.extension.TimeoutExtension.interceptTestMethod(TimeoutExtension.java:86)
	at org.junit.jupiter.engine.execution.InterceptingExecutableInvoker$ReflectiveInterceptorCall.lambda$ofVoidMethod$0(InterceptingExecutableInvoker.java:103)
	at org.junit.jupiter.engine.execution.InterceptingExecutableInvoker.lambda$invoke$0(InterceptingExecutableInvoker.java:93)
	at org.junit.jupiter.engine.execution.InvocationInterceptorChain$InterceptedInvocation.proceed(InvocationInterceptorChain.java:106)
	at org.junit.jupiter.engine.execution.InvocationInterceptorChain.proceed(InvocationInterceptorChain.java:64)
	at org.junit.jupiter.engine.execution.InvocationInterceptorChain.chainAndInvoke(InvocationInterceptorChain.java:45)
	at org.junit.jupiter.engine.execution.InvocationInterceptorChain.invoke(InvocationInterceptorChain.java:37)
	at org.junit.jupiter.engine.execution.InterceptingExecutableInvoker.invoke(InterceptingExecutableInvoker.java:92)
	at org.junit.jupiter.engine.execution.InterceptingExecutableInvoker.invoke(InterceptingExecutableInvoker.java:86)
	at org.junit.jupiter.engine.descriptor.TestMethodTestDescriptor.lambda$invokeTestMethod$8(TestMethodTestDescriptor.java:217)
	at org.junit.platform.engine.support.hierarchical.ThrowableCollector.execute(ThrowableCollector.java:73)
	at org.junit.jupiter.engine.descriptor.TestMethodTestDescriptor.invokeTestMethod(TestMethodTestDescriptor.java:213)
	at org.junit.jupiter.engine.descriptor.TestMethodTestDescriptor.execute(TestMethodTestDescriptor.java:138)
	at org.junit.jupiter.engine.descriptor.TestMethodTestDescriptor.execute(TestMethodTestDescriptor.java:68)
	at org.junit.platform.engine.support.hierarchical.NodeTestTask.lambda$executeRecursively$6(NodeTestTask.java:156)
	at org.junit.platform.engine.support.hierarchical.ThrowableCollector.execute(ThrowableCollector.java:73)
	at org.junit.platform.engine.support.hierarchical.NodeTestTask.lambda$executeRecursively$8(NodeTestTask.java:146)
	at org.junit.platform.engine.support.hierarchical.Node.around(Node.java:137)
	at org.junit.platform.engine.support.hierarchical.NodeTestTask.lambda$executeRecursively$9(NodeTestTask.java:144)
	at org.junit.platform.engine.support.hierarchical.ThrowableCollector.execute(ThrowableCollector.java:73)
	at org.junit.platform.engine.support.hierarchical.NodeTestTask.executeRecursively(NodeTestTask.java:143)
	at org.junit.platform.engine.support.hierarchical.NodeTestTask.execute(NodeTestTask.java:100)
	at java.base/java.util.ArrayList.forEach(ArrayList.java:1511)
	at org.junit.platform.engine.support.hierarchical.SameThreadHierarchicalTestExecutorService.invokeAll(SameThreadHierarchicalTestExecutorService.java:41)
	at org.junit.platform.engine.support.hierarchical.NodeTestTask.lambda$executeRecursively$6(NodeTestTask.java:160)
	at org.junit.platform.engine.support.hierarchical.ThrowableCollector.execute(ThrowableCollector.java:73)
	at org.junit.platform.engine.support.hierarchical.NodeTestTask.lambda$executeRecursively$8(NodeTestTask.java:146)
	at org.junit.platform.engine.support.hierarchical.Node.around(Node.java:137)
	at org.junit.platform.engine.support.hierarchical.NodeTestTask.lambda$executeRecursively$9(NodeTestTask.java:144)
	at org.junit.platform.engine.support.hierarchical.ThrowableCollector.execute(ThrowableCollector.java:73)
	at org.junit.platform.engine.support.hierarchical.NodeTestTask.executeRecursively(NodeTestTask.java:143)
	at org.junit.platform.engine.support.hierarchical.NodeTestTask.execute(NodeTestTask.java:100)
	at java.base/java.util.ArrayList.forEach(ArrayList.java:1511)
	at org.junit.platform.engine.support.hierarchical.SameThreadHierarchicalTestExecutorService.invokeAll(SameThreadHierarchicalTestExecutorService.java:41)
	at org.junit.platform.engine.support.hierarchical.NodeTestTask.lambda$executeRecursively$6(NodeTestTask.java:160)
	at org.junit.platform.engine.support.hierarchical.ThrowableCollector.execute(ThrowableCollector.java:73)
	at org.junit.platform.engine.support.hierarchical.NodeTestTask.lambda$executeRecursively$8(NodeTestTask.java:146)
	at org.junit.platform.engine.support.hierarchical.Node.around(Node.java:137)
	at org.junit.platform.engine.support.hierarchical.NodeTestTask.lambda$executeRecursively$9(NodeTestTask.java:144)
	at org.junit.platform.engine.support.hierarchical.ThrowableCollector.execute(ThrowableCollector.java:73)
	at org.junit.platform.engine.support.hierarchical.NodeTestTask.executeRecursively(NodeTestTask.java:143)
	at org.junit.platform.engine.support.hierarchical.NodeTestTask.execute(NodeTestTask.java:100)
	at org.junit.platform.engine.support.hierarchical.SameThreadHierarchicalTestExecutorService.submit(SameThreadHierarchicalTestExecutorService.java:35)
	at org.junit.platform.engine.support.hierarchical.HierarchicalTestExecutor.execute(HierarchicalTestExecutor.java:57)
	at org.junit.platform.engine.support.hierarchical.HierarchicalTestEngine.execute(HierarchicalTestEngine.java:54)
	at org.junit.platform.launcher.core.EngineExecutionOrchestrator.execute(EngineExecutionOrchestrator.java:198)
	at org.junit.platform.launcher.core.EngineExecutionOrchestrator.execute(EngineExecutionOrchestrator.java:169)
	at org.junit.platform.launcher.core.EngineExecutionOrchestrator.execute(EngineExecutionOrchestrator.java:93)
	at org.junit.platform.launcher.core.EngineExecutionOrchestrator.lambda$execute$0(EngineExecutionOrchestrator.java:58)
	at org.junit.platform.launcher.core.EngineExecutionOrchestrator.withInterceptedStreams(EngineExecutionOrchestrator.java:141)
	at org.junit.platform.launcher.core.EngineExecutionOrchestrator.execute(EngineExecutionOrchestrator.java:57)
	at org.junit.platform.launcher.core.DefaultLauncher.execute(DefaultLauncher.java:103)
	at org.junit.platform.launcher.core.DefaultLauncher.execute(DefaultLauncher.java:85)
	at org.junit.platform.launcher.core.DelegatingLauncher.execute(DelegatingLauncher.java:47)
	at org.gradle.api.internal.tasks.testing.junitplatform.JUnitPlatformTestClassProcessor$CollectAllTestClassesExecutor.processAllTestClasses(JUnitPlatformTestClassProcessor.java:124)
	at org.gradle.api.internal.tasks.testing.junitplatform.JUnitPlatformTestClassProcessor$CollectAllTestClassesExecutor.access$000(JUnitPlatformTestClassProcessor.java:99)
	at org.gradle.api.internal.tasks.testing.junitplatform.JUnitPlatformTestClassProcessor.stop(JUnitPlatformTestClassProcessor.java:94)
	at org.gradle.api.internal.tasks.testing.SuiteTestClassProcessor.stop(SuiteTestClassProcessor.java:63)
	at java.base/jdk.internal.reflect.NativeMethodAccessorImpl.invoke0(Native Method)
	at java.base/jdk.internal.reflect.NativeMethodAccessorImpl.invoke(NativeMethodAccessorImpl.java:77)
	at java.base/jdk.internal.reflect.DelegatingMethodAccessorImpl.invoke(DelegatingMethodAccessorImpl.java:43)
	at java.base/java.lang.reflect.Method.invoke(Method.java:569)
	at org.gradle.internal.dispatch.ReflectionDispatch.dispatch(ReflectionDispatch.java:36)
	at org.gradle.internal.dispatch.ReflectionDispatch.dispatch(ReflectionDispatch.java:24)
	at org.gradle.internal.dispatch.ContextClassLoaderDispatch.dispatch(ContextClassLoaderDispatch.java:33)
	at org.gradle.internal.dispatch.ProxyDispatchAdapter$DispatchingInvocationHandler.invoke(ProxyDispatchAdapter.java:92)
	at jdk.proxy2/jdk.proxy2.$Proxy6.stop(Unknown Source)
	at org.gradle.api.internal.tasks.testing.worker.TestWorker$3.run(TestWorker.java:200)
	at org.gradle.api.internal.tasks.testing.worker.TestWorker.executeAndMaintainThreadName(TestWorker.java:132)
	at org.gradle.api.internal.tasks.testing.worker.TestWorker.execute(TestWorker.java:103)
	at org.gradle.api.internal.tasks.testing.worker.TestWorker.execute(TestWorker.java:63)
	at org.gradle.process.internal.worker.child.ActionExecutionWorker.execute(ActionExecutionWorker.java:56)
	at org.gradle.process.internal.worker.child.SystemApplicationClassLoaderWorker.call(SystemApplicationClassLoaderWorker.java:121)
	at org.gradle.process.internal.worker.child.SystemApplicationClassLoaderWorker.call(SystemApplicationClassLoaderWorker.java:71)
	at worker.org.gradle.process.internal.worker.GradleWorkerMain.run(GradleWorkerMain.java:69)
	at worker.org.gradle.process.internal.worker.GradleWorkerMain.main(GradleWorkerMain.java:74)
25-05-20 14:47:53.518 [Test worker] DEBUG c.s.m.d.config.MDCLoggingInterceptor [d2ca4dd8aa2a4ac88037678481dbc048 | GET | /api/binaryContents/6d757585-3395-46a5-bcb5-8eaa72b0ef90/download] - Request completed
25-05-20 14:47:53.527 [Test worker] INFO  o.s.t.c.s.AnnotationConfigContextLoaderUtils [ |  | ] - Could not detect default configuration classes for test class [com.sprint.mission.discodeit.integration.ChannelApiIntegrationTest]: ChannelApiIntegrationTest does not declare any static, non-private, non-final, nested classes annotated with @Configuration.
25-05-20 14:47:53.530 [Test worker] INFO  o.s.b.t.c.SpringBootTestContextBootstrapper [ |  | ] - Found @SpringBootConfiguration com.sprint.mission.discodeit.DiscodeitApplication for test class com.sprint.mission.discodeit.integration.ChannelApiIntegrationTest
25-05-20 14:47:53.539 [Test worker] DEBUG c.s.m.d.s.basic.BasicChannelService  [ |  | ] - 채널 생성 시작: PublicChannelCreateRequest[name=삭제할 채널, description=삭제할 채널 설명입니다.]
25-05-20 14:47:53.540 [Test worker] INFO  c.s.m.d.s.basic.BasicChannelService  [ |  | ] - 채널 생성 완료: id=cab13cd7-c9cc-4512-95ef-82f8cc4eea0e, name=삭제할 채널
25-05-20 14:47:53.541 [Test worker] DEBUG org.hibernate.SQL                    [ |  | ] - 
    select
        m1_0.created_at 
    from
        messages m1_0 
    where
        m1_0.channel_id=? 
    order by
        m1_0.created_at desc 
    fetch
        first 1 rows only
25-05-20 14:47:53.542 [Test worker] TRACE org.hibernate.orm.jdbc.bind          [ |  | ] - binding parameter (1:UUID) <- [cab13cd7-c9cc-4512-95ef-82f8cc4eea0e]
25-05-20 14:47:53.543 [Test worker] DEBUG c.s.m.d.config.MDCLoggingInterceptor [9a3871c91f6e4ac88c515fba44f25a69 | DELETE | /api/channels/cab13cd7-c9cc-4512-95ef-82f8cc4eea0e] - Request started
25-05-20 14:47:53.544 [Test worker] INFO  c.s.m.d.controller.ChannelController [9a3871c91f6e4ac88c515fba44f25a69 | DELETE | /api/channels/cab13cd7-c9cc-4512-95ef-82f8cc4eea0e] - 채널 삭제 요청: id=cab13cd7-c9cc-4512-95ef-82f8cc4eea0e
25-05-20 14:47:53.545 [Test worker] DEBUG c.s.m.d.s.basic.BasicChannelService  [9a3871c91f6e4ac88c515fba44f25a69 | DELETE | /api/channels/cab13cd7-c9cc-4512-95ef-82f8cc4eea0e] - 채널 삭제 시작: id=cab13cd7-c9cc-4512-95ef-82f8cc4eea0e
25-05-20 14:47:53.687 [Test worker] DEBUG org.hibernate.SQL                    [9a3871c91f6e4ac88c515fba44f25a69 | DELETE | /api/channels/cab13cd7-c9cc-4512-95ef-82f8cc4eea0e] - 
    insert 
    into
        channels
        (created_at, description, name, type, updated_at, id) 
    values
        (?, ?, ?, ?, ?, ?)
25-05-20 14:47:53.688 [Test worker] TRACE org.hibernate.orm.jdbc.bind          [9a3871c91f6e4ac88c515fba44f25a69 | DELETE | /api/channels/cab13cd7-c9cc-4512-95ef-82f8cc4eea0e] - binding parameter (1:TIMESTAMP_UTC) <- [2025-05-20T05:47:53.539865Z]
25-05-20 14:47:53.688 [Test worker] TRACE org.hibernate.orm.jdbc.bind          [9a3871c91f6e4ac88c515fba44f25a69 | DELETE | /api/channels/cab13cd7-c9cc-4512-95ef-82f8cc4eea0e] - binding parameter (2:VARCHAR) <- [삭제할 채널 설명입니다.]
25-05-20 14:47:53.688 [Test worker] TRACE org.hibernate.orm.jdbc.bind          [9a3871c91f6e4ac88c515fba44f25a69 | DELETE | /api/channels/cab13cd7-c9cc-4512-95ef-82f8cc4eea0e] - binding parameter (3:VARCHAR) <- [삭제할 채널]
25-05-20 14:47:53.688 [Test worker] TRACE org.hibernate.orm.jdbc.bind          [9a3871c91f6e4ac88c515fba44f25a69 | DELETE | /api/channels/cab13cd7-c9cc-4512-95ef-82f8cc4eea0e] - binding parameter (4:ENUM) <- [PUBLIC]
25-05-20 14:47:53.688 [Test worker] TRACE org.hibernate.orm.jdbc.bind          [9a3871c91f6e4ac88c515fba44f25a69 | DELETE | /api/channels/cab13cd7-c9cc-4512-95ef-82f8cc4eea0e] - binding parameter (5:TIMESTAMP_UTC) <- [2025-05-20T05:47:53.539865Z]
25-05-20 14:47:53.688 [Test worker] TRACE org.hibernate.orm.jdbc.bind          [9a3871c91f6e4ac88c515fba44f25a69 | DELETE | /api/channels/cab13cd7-c9cc-4512-95ef-82f8cc4eea0e] - binding parameter (6:UUID) <- [cab13cd7-c9cc-4512-95ef-82f8cc4eea0e]
25-05-20 14:47:53.689 [Test worker] DEBUG org.hibernate.SQL                    [9a3871c91f6e4ac88c515fba44f25a69 | DELETE | /api/channels/cab13cd7-c9cc-4512-95ef-82f8cc4eea0e] - 
    select
        count(*) 
    from
        channels c1_0 
    where
        c1_0.id=?
25-05-20 14:47:53.690 [Test worker] TRACE org.hibernate.orm.jdbc.bind          [9a3871c91f6e4ac88c515fba44f25a69 | DELETE | /api/channels/cab13cd7-c9cc-4512-95ef-82f8cc4eea0e] - binding parameter (1:UUID) <- [cab13cd7-c9cc-4512-95ef-82f8cc4eea0e]
25-05-20 14:47:53.696 [Test worker] DEBUG org.hibernate.SQL                    [9a3871c91f6e4ac88c515fba44f25a69 | DELETE | /api/channels/cab13cd7-c9cc-4512-95ef-82f8cc4eea0e] - 
    select
        m1_0.id,
        m1_0.author_id,
        m1_0.channel_id,
        m1_0.content,
        m1_0.created_at,
        m1_0.updated_at 
    from
        messages m1_0 
    where
        m1_0.channel_id=?
25-05-20 14:47:53.697 [Test worker] TRACE org.hibernate.orm.jdbc.bind          [9a3871c91f6e4ac88c515fba44f25a69 | DELETE | /api/channels/cab13cd7-c9cc-4512-95ef-82f8cc4eea0e] - binding parameter (1:UUID) <- [cab13cd7-c9cc-4512-95ef-82f8cc4eea0e]
25-05-20 14:47:53.703 [Test worker] DEBUG org.hibernate.SQL                    [9a3871c91f6e4ac88c515fba44f25a69 | DELETE | /api/channels/cab13cd7-c9cc-4512-95ef-82f8cc4eea0e] - 
    select
        rs1_0.id,
        rs1_0.channel_id,
        rs1_0.created_at,
        rs1_0.last_read_at,
        rs1_0.updated_at,
        rs1_0.user_id 
    from
        read_statuses rs1_0 
    where
        rs1_0.channel_id=?
25-05-20 14:47:53.704 [Test worker] TRACE org.hibernate.orm.jdbc.bind          [9a3871c91f6e4ac88c515fba44f25a69 | DELETE | /api/channels/cab13cd7-c9cc-4512-95ef-82f8cc4eea0e] - binding parameter (1:UUID) <- [cab13cd7-c9cc-4512-95ef-82f8cc4eea0e]
25-05-20 14:47:53.709 [Test worker] INFO  c.s.m.d.s.basic.BasicChannelService  [9a3871c91f6e4ac88c515fba44f25a69 | DELETE | /api/channels/cab13cd7-c9cc-4512-95ef-82f8cc4eea0e] - 채널 삭제 완료: id=cab13cd7-c9cc-4512-95ef-82f8cc4eea0e
25-05-20 14:47:53.709 [Test worker] DEBUG c.s.m.d.controller.ChannelController [9a3871c91f6e4ac88c515fba44f25a69 | DELETE | /api/channels/cab13cd7-c9cc-4512-95ef-82f8cc4eea0e] - 채널 삭제 완료
25-05-20 14:47:53.710 [Test worker] DEBUG c.s.m.d.config.MDCLoggingInterceptor [9a3871c91f6e4ac88c515fba44f25a69 | DELETE | /api/channels/cab13cd7-c9cc-4512-95ef-82f8cc4eea0e] - Request completed
25-05-20 14:47:53.710 [Test worker] DEBUG c.s.m.d.s.basic.BasicUserService     [ |  | ] - 사용자 생성 시작: UserCreateRequest[username=testuser, email=testuser@example.com, password=Password1!]
25-05-20 14:47:53.711 [Test worker] DEBUG org.hibernate.SQL                    [ |  | ] - 
    select
        u1_0.id 
    from
        users u1_0 
    where
        u1_0.email=? 
    fetch
        first ? rows only
25-05-20 14:47:53.712 [Test worker] TRACE org.hibernate.orm.jdbc.bind          [ |  | ] - binding parameter (1:VARCHAR) <- [testuser@example.com]
25-05-20 14:47:53.712 [Test worker] TRACE org.hibernate.orm.jdbc.bind          [ |  | ] - binding parameter (2:INTEGER) <- [1]
25-05-20 14:47:53.713 [Test worker] DEBUG org.hibernate.SQL                    [ |  | ] - 
    select
        u1_0.id 
    from
        users u1_0 
    where
        u1_0.username=? 
    fetch
        first ? rows only
25-05-20 14:47:53.714 [Test worker] TRACE org.hibernate.orm.jdbc.bind          [ |  | ] - binding parameter (1:VARCHAR) <- [testuser]
25-05-20 14:47:53.714 [Test worker] TRACE org.hibernate.orm.jdbc.bind          [ |  | ] - binding parameter (2:INTEGER) <- [1]
25-05-20 14:47:53.715 [Test worker] INFO  c.s.m.d.s.basic.BasicUserService     [ |  | ] - 사용자 생성 완료: id=deadc6f4-ff98-4d8c-a29c-67d940db76da, username=testuser
25-05-20 14:47:53.716 [Test worker] DEBUG c.s.m.d.config.MDCLoggingInterceptor [d58c37d5e558448daac78053381752c0 | GET | /api/channels] - Request started
25-05-20 14:47:53.717 [Test worker] INFO  c.s.m.d.controller.ChannelController [d58c37d5e558448daac78053381752c0 | GET | /api/channels] - 사용자별 채널 목록 조회 요청: userId=deadc6f4-ff98-4d8c-a29c-67d940db76da
25-05-20 14:47:53.719 [Test worker] DEBUG org.hibernate.SQL                    [d58c37d5e558448daac78053381752c0 | GET | /api/channels] - 
    select
        rs1_0.id,
        rs1_0.channel_id,
        rs1_0.created_at,
        rs1_0.last_read_at,
        rs1_0.updated_at,
        rs1_0.user_id 
    from
        read_statuses rs1_0 
    where
        rs1_0.user_id=?
25-05-20 14:47:53.721 [Test worker] TRACE org.hibernate.orm.jdbc.bind          [d58c37d5e558448daac78053381752c0 | GET | /api/channels] - binding parameter (1:UUID) <- [deadc6f4-ff98-4d8c-a29c-67d940db76da]
25-05-20 14:47:53.730 [Test worker] DEBUG org.hibernate.SQL                    [d58c37d5e558448daac78053381752c0 | GET | /api/channels] - 
    insert 
    into
        users
        (created_at, email, password, profile_id, updated_at, username, id) 
    values
        (?, ?, ?, ?, ?, ?, ?)
25-05-20 14:47:53.731 [Test worker] TRACE org.hibernate.orm.jdbc.bind          [d58c37d5e558448daac78053381752c0 | GET | /api/channels] - binding parameter (1:TIMESTAMP_UTC) <- [2025-05-20T05:47:53.715187Z]
25-05-20 14:47:53.732 [Test worker] TRACE org.hibernate.orm.jdbc.bind          [d58c37d5e558448daac78053381752c0 | GET | /api/channels] - binding parameter (2:VARCHAR) <- [testuser@example.com]
25-05-20 14:47:53.732 [Test worker] TRACE org.hibernate.orm.jdbc.bind          [d58c37d5e558448daac78053381752c0 | GET | /api/channels] - binding parameter (3:VARCHAR) <- [Password1!]
25-05-20 14:47:53.732 [Test worker] TRACE org.hibernate.orm.jdbc.bind          [d58c37d5e558448daac78053381752c0 | GET | /api/channels] - binding parameter (4:UUID) <- [null]
25-05-20 14:47:53.732 [Test worker] TRACE org.hibernate.orm.jdbc.bind          [d58c37d5e558448daac78053381752c0 | GET | /api/channels] - binding parameter (5:TIMESTAMP_UTC) <- [2025-05-20T05:47:53.715187Z]
25-05-20 14:47:53.732 [Test worker] TRACE org.hibernate.orm.jdbc.bind          [d58c37d5e558448daac78053381752c0 | GET | /api/channels] - binding parameter (6:VARCHAR) <- [testuser]
25-05-20 14:47:53.732 [Test worker] TRACE org.hibernate.orm.jdbc.bind          [d58c37d5e558448daac78053381752c0 | GET | /api/channels] - binding parameter (7:UUID) <- [deadc6f4-ff98-4d8c-a29c-67d940db76da]
25-05-20 14:47:53.733 [Test worker] DEBUG org.hibernate.SQL                    [d58c37d5e558448daac78053381752c0 | GET | /api/channels] - 
    insert 
    into
        user_statuses
        (created_at, last_active_at, updated_at, user_id, id) 
    values
        (?, ?, ?, ?, ?)
25-05-20 14:47:53.733 [Test worker] TRACE org.hibernate.orm.jdbc.bind          [d58c37d5e558448daac78053381752c0 | GET | /api/channels] - binding parameter (1:TIMESTAMP_UTC) <- [2025-05-20T05:47:53.715567Z]
25-05-20 14:47:53.733 [Test worker] TRACE org.hibernate.orm.jdbc.bind          [d58c37d5e558448daac78053381752c0 | GET | /api/channels] - binding parameter (2:TIMESTAMP_UTC) <- [2025-05-20T05:47:53.714888Z]
25-05-20 14:47:53.733 [Test worker] TRACE org.hibernate.orm.jdbc.bind          [d58c37d5e558448daac78053381752c0 | GET | /api/channels] - binding parameter (3:TIMESTAMP_UTC) <- [2025-05-20T05:47:53.715567Z]
25-05-20 14:47:53.733 [Test worker] TRACE org.hibernate.orm.jdbc.bind          [d58c37d5e558448daac78053381752c0 | GET | /api/channels] - binding parameter (4:UUID) <- [deadc6f4-ff98-4d8c-a29c-67d940db76da]
25-05-20 14:47:53.733 [Test worker] TRACE org.hibernate.orm.jdbc.bind          [d58c37d5e558448daac78053381752c0 | GET | /api/channels] - binding parameter (5:UUID) <- [b5b8a643-e811-4a0f-836c-6bff1fbcf2da]
25-05-20 14:47:53.736 [Test worker] DEBUG org.hibernate.SQL                    [d58c37d5e558448daac78053381752c0 | GET | /api/channels] - 
    delete 
    from
        channels 
    where
        id=?
25-05-20 14:47:53.736 [Test worker] TRACE org.hibernate.orm.jdbc.bind          [d58c37d5e558448daac78053381752c0 | GET | /api/channels] - binding parameter (1:UUID) <- [cab13cd7-c9cc-4512-95ef-82f8cc4eea0e]
25-05-20 14:47:53.738 [Test worker] DEBUG org.hibernate.SQL                    [d58c37d5e558448daac78053381752c0 | GET | /api/channels] - 
    select
        c1_0.id,
        c1_0.created_at,
        c1_0.description,
        c1_0.name,
        c1_0.type,
        c1_0.updated_at 
    from
        channels c1_0 
    where
        c1_0.type=? 
        or c1_0.id in (?)
25-05-20 14:47:53.738 [Test worker] TRACE org.hibernate.orm.jdbc.bind          [d58c37d5e558448daac78053381752c0 | GET | /api/channels] - binding parameter (1:ENUM) <- [PUBLIC]
25-05-20 14:47:53.738 [Test worker] TRACE org.hibernate.orm.jdbc.bind          [d58c37d5e558448daac78053381752c0 | GET | /api/channels] - binding parameter (2:UUID) <- [null]
25-05-20 14:47:53.739 [Test worker] DEBUG c.s.m.d.controller.ChannelController [d58c37d5e558448daac78053381752c0 | GET | /api/channels] - 사용자별 채널 목록 조회 응답: count=0
25-05-20 14:47:53.742 [Test worker] DEBUG c.s.m.d.config.MDCLoggingInterceptor [d58c37d5e558448daac78053381752c0 | GET | /api/channels] - Request completed
25-05-20 14:47:53.768 [Test worker] DEBUG c.s.m.d.config.MDCLoggingInterceptor [2317bb2e8c744190b470e432e449a318 | POST | /api/channels/public] - Request started
25-05-20 14:47:53.776 [Test worker] ERROR c.s.m.d.e.GlobalExceptionHandler     [2317bb2e8c744190b470e432e449a318 | POST | /api/channels/public] - 요청 유효성 검사 실패: Validation failed for argument [0] in public org.springframework.http.ResponseEntity<com.sprint.mission.discodeit.dto.data.ChannelDto> com.sprint.mission.discodeit.controller.ChannelController.create(com.sprint.mission.discodeit.dto.request.PublicChannelCreateRequest): [Field error in object 'publicChannelCreateRequest' on field 'name': rejected value [a]; codes [Size.publicChannelCreateRequest.name,Size.name,Size.java.lang.String,Size]; arguments [org.springframework.context.support.DefaultMessageSourceResolvable: codes [publicChannelCreateRequest.name,name]; arguments []; default message [name],50,2]; default message [채널명은 2자 이상 50자 이하여야 합니다]] 
25-05-20 14:47:53.778 [Test worker] DEBUG c.s.m.d.config.MDCLoggingInterceptor [2317bb2e8c744190b470e432e449a318 | POST | /api/channels/public] - Request completed
25-05-20 14:47:53.792 [Test worker] DEBUG c.s.m.d.config.MDCLoggingInterceptor [ac571cb5a72b479ab4d621fa4def0c6a | DELETE | /api/channels/3f204ea5-5c5a-49d4-a471-9ebf3337a92c] - Request started
25-05-20 14:47:53.793 [Test worker] INFO  c.s.m.d.controller.ChannelController [ac571cb5a72b479ab4d621fa4def0c6a | DELETE | /api/channels/3f204ea5-5c5a-49d4-a471-9ebf3337a92c] - 채널 삭제 요청: id=3f204ea5-5c5a-49d4-a471-9ebf3337a92c
25-05-20 14:47:53.794 [Test worker] DEBUG c.s.m.d.s.basic.BasicChannelService  [ac571cb5a72b479ab4d621fa4def0c6a | DELETE | /api/channels/3f204ea5-5c5a-49d4-a471-9ebf3337a92c] - 채널 삭제 시작: id=3f204ea5-5c5a-49d4-a471-9ebf3337a92c
25-05-20 14:47:53.796 [Test worker] DEBUG org.hibernate.SQL                    [ac571cb5a72b479ab4d621fa4def0c6a | DELETE | /api/channels/3f204ea5-5c5a-49d4-a471-9ebf3337a92c] - 
    select
        count(*) 
    from
        channels c1_0 
    where
        c1_0.id=?
25-05-20 14:47:53.797 [Test worker] TRACE org.hibernate.orm.jdbc.bind          [ac571cb5a72b479ab4d621fa4def0c6a | DELETE | /api/channels/3f204ea5-5c5a-49d4-a471-9ebf3337a92c] - binding parameter (1:UUID) <- [3f204ea5-5c5a-49d4-a471-9ebf3337a92c]
25-05-20 14:47:53.800 [Test worker] ERROR c.s.m.d.e.GlobalExceptionHandler     [ac571cb5a72b479ab4d621fa4def0c6a | DELETE | /api/channels/3f204ea5-5c5a-49d4-a471-9ebf3337a92c] - 커스텀 예외 발생: code=CHANNEL_NOT_FOUND, message=채널을 찾을 수 없습니다.
com.sprint.mission.discodeit.exception.channel.ChannelNotFoundException: 채널을 찾을 수 없습니다.
	at com.sprint.mission.discodeit.exception.channel.ChannelNotFoundException.withId(ChannelNotFoundException.java:13)
	at com.sprint.mission.discodeit.service.basic.BasicChannelService.delete(BasicChannelService.java:109)
	at java.base/jdk.internal.reflect.NativeMethodAccessorImpl.invoke0(Native Method)
	at java.base/jdk.internal.reflect.NativeMethodAccessorImpl.invoke(NativeMethodAccessorImpl.java:77)
	at java.base/jdk.internal.reflect.DelegatingMethodAccessorImpl.invoke(DelegatingMethodAccessorImpl.java:43)
	at java.base/java.lang.reflect.Method.invoke(Method.java:569)
	at org.springframework.aop.support.AopUtils.invokeJoinpointUsingReflection(AopUtils.java:359)
	at org.springframework.aop.framework.ReflectiveMethodInvocation.invokeJoinpoint(ReflectiveMethodInvocation.java:196)
	at org.springframework.aop.framework.ReflectiveMethodInvocation.proceed(ReflectiveMethodInvocation.java:163)
	at org.springframework.transaction.interceptor.TransactionAspectSupport.invokeWithinTransaction(TransactionAspectSupport.java:380)
	at org.springframework.transaction.interceptor.TransactionInterceptor.invoke(TransactionInterceptor.java:119)
	at org.springframework.aop.framework.ReflectiveMethodInvocation.proceed(ReflectiveMethodInvocation.java:184)
	at org.springframework.aop.framework.CglibAopProxy$DynamicAdvisedInterceptor.intercept(CglibAopProxy.java:727)
	at com.sprint.mission.discodeit.service.basic.BasicChannelService$$SpringCGLIB$$0.delete(<generated>)
	at com.sprint.mission.discodeit.controller.ChannelController.delete(ChannelController.java:69)
	at java.base/jdk.internal.reflect.NativeMethodAccessorImpl.invoke0(Native Method)
	at java.base/jdk.internal.reflect.NativeMethodAccessorImpl.invoke(NativeMethodAccessorImpl.java:77)
	at java.base/jdk.internal.reflect.DelegatingMethodAccessorImpl.invoke(DelegatingMethodAccessorImpl.java:43)
	at java.base/java.lang.reflect.Method.invoke(Method.java:569)
	at org.springframework.web.method.support.InvocableHandlerMethod.doInvoke(InvocableHandlerMethod.java:255)
	at org.springframework.web.method.support.InvocableHandlerMethod.invokeForRequest(InvocableHandlerMethod.java:188)
	at org.springframework.web.servlet.mvc.method.annotation.ServletInvocableHandlerMethod.invokeAndHandle(ServletInvocableHandlerMethod.java:118)
	at org.springframework.web.servlet.mvc.method.annotation.RequestMappingHandlerAdapter.invokeHandlerMethod(RequestMappingHandlerAdapter.java:986)
	at org.springframework.web.servlet.mvc.method.annotation.RequestMappingHandlerAdapter.handleInternal(RequestMappingHandlerAdapter.java:891)
	at org.springframework.web.servlet.mvc.method.AbstractHandlerMethodAdapter.handle(AbstractHandlerMethodAdapter.java:87)
	at org.springframework.web.servlet.DispatcherServlet.doDispatch(DispatcherServlet.java:1088)
	at org.springframework.web.servlet.DispatcherServlet.doService(DispatcherServlet.java:978)
	at org.springframework.web.servlet.FrameworkServlet.processRequest(FrameworkServlet.java:1014)
	at org.springframework.web.servlet.FrameworkServlet.doDelete(FrameworkServlet.java:936)
	at jakarta.servlet.http.HttpServlet.service(HttpServlet.java:596)
	at org.springframework.web.servlet.FrameworkServlet.service(FrameworkServlet.java:885)
	at org.springframework.test.web.servlet.TestDispatcherServlet.service(TestDispatcherServlet.java:72)
	at jakarta.servlet.http.HttpServlet.service(HttpServlet.java:658)
	at org.springframework.mock.web.MockFilterChain$ServletFilterProxy.doFilter(MockFilterChain.java:165)
	at org.springframework.mock.web.MockFilterChain.doFilter(MockFilterChain.java:132)
	at org.springframework.web.filter.RequestContextFilter.doFilterInternal(RequestContextFilter.java:100)
	at org.springframework.web.filter.OncePerRequestFilter.doFilter(OncePerRequestFilter.java:116)
	at org.springframework.test.web.servlet.setup.MockMvcFilterDecorator.doFilter(MockMvcFilterDecorator.java:162)
	at org.springframework.mock.web.MockFilterChain.doFilter(MockFilterChain.java:132)
	at org.springframework.web.filter.FormContentFilter.doFilterInternal(FormContentFilter.java:93)
	at org.springframework.web.filter.OncePerRequestFilter.doFilter(OncePerRequestFilter.java:116)
	at org.springframework.test.web.servlet.setup.MockMvcFilterDecorator.doFilter(MockMvcFilterDecorator.java:162)
	at org.springframework.mock.web.MockFilterChain.doFilter(MockFilterChain.java:132)
	at org.springframework.web.filter.ServerHttpObservationFilter.doFilterInternal(ServerHttpObservationFilter.java:114)
	at org.springframework.web.filter.OncePerRequestFilter.doFilter(OncePerRequestFilter.java:116)
	at org.springframework.test.web.servlet.setup.MockMvcFilterDecorator.doFilter(MockMvcFilterDecorator.java:162)
	at org.springframework.mock.web.MockFilterChain.doFilter(MockFilterChain.java:132)
	at org.springframework.web.filter.CharacterEncodingFilter.doFilterInternal(CharacterEncodingFilter.java:201)
	at org.springframework.web.filter.OncePerRequestFilter.doFilter(OncePerRequestFilter.java:116)
	at org.springframework.test.web.servlet.setup.MockMvcFilterDecorator.doFilter(MockMvcFilterDecorator.java:162)
	at org.springframework.mock.web.MockFilterChain.doFilter(MockFilterChain.java:132)
	at org.springframework.test.web.servlet.MockMvc.perform(MockMvc.java:201)
	at com.sprint.mission.discodeit.integration.ChannelApiIntegrationTest.deleteChannel_Failure_ChannelNotFound(ChannelApiIntegrationTest.java:266)
	at java.base/jdk.internal.reflect.NativeMethodAccessorImpl.invoke0(Native Method)
	at java.base/jdk.internal.reflect.NativeMethodAccessorImpl.invoke(NativeMethodAccessorImpl.java:77)
	at java.base/jdk.internal.reflect.DelegatingMethodAccessorImpl.invoke(DelegatingMethodAccessorImpl.java:43)
	at java.base/java.lang.reflect.Method.invoke(Method.java:569)
	at org.junit.platform.commons.util.ReflectionUtils.invokeMethod(ReflectionUtils.java:767)
	at org.junit.jupiter.engine.execution.MethodInvocation.proceed(MethodInvocation.java:60)
	at org.junit.jupiter.engine.execution.InvocationInterceptorChain$ValidatingInvocation.proceed(InvocationInterceptorChain.java:131)
	at org.junit.jupiter.engine.extension.TimeoutExtension.intercept(TimeoutExtension.java:156)
	at org.junit.jupiter.engine.extension.TimeoutExtension.interceptTestableMethod(TimeoutExtension.java:147)
	at org.junit.jupiter.engine.extension.TimeoutExtension.interceptTestMethod(TimeoutExtension.java:86)
	at org.junit.jupiter.engine.execution.InterceptingExecutableInvoker$ReflectiveInterceptorCall.lambda$ofVoidMethod$0(InterceptingExecutableInvoker.java:103)
	at org.junit.jupiter.engine.execution.InterceptingExecutableInvoker.lambda$invoke$0(InterceptingExecutableInvoker.java:93)
	at org.junit.jupiter.engine.execution.InvocationInterceptorChain$InterceptedInvocation.proceed(InvocationInterceptorChain.java:106)
	at org.junit.jupiter.engine.execution.InvocationInterceptorChain.proceed(InvocationInterceptorChain.java:64)
	at org.junit.jupiter.engine.execution.InvocationInterceptorChain.chainAndInvoke(InvocationInterceptorChain.java:45)
	at org.junit.jupiter.engine.execution.InvocationInterceptorChain.invoke(InvocationInterceptorChain.java:37)
	at org.junit.jupiter.engine.execution.InterceptingExecutableInvoker.invoke(InterceptingExecutableInvoker.java:92)
	at org.junit.jupiter.engine.execution.InterceptingExecutableInvoker.invoke(InterceptingExecutableInvoker.java:86)
	at org.junit.jupiter.engine.descriptor.TestMethodTestDescriptor.lambda$invokeTestMethod$8(TestMethodTestDescriptor.java:217)
	at org.junit.platform.engine.support.hierarchical.ThrowableCollector.execute(ThrowableCollector.java:73)
	at org.junit.jupiter.engine.descriptor.TestMethodTestDescriptor.invokeTestMethod(TestMethodTestDescriptor.java:213)
	at org.junit.jupiter.engine.descriptor.TestMethodTestDescriptor.execute(TestMethodTestDescriptor.java:138)
	at org.junit.jupiter.engine.descriptor.TestMethodTestDescriptor.execute(TestMethodTestDescriptor.java:68)
	at org.junit.platform.engine.support.hierarchical.NodeTestTask.lambda$executeRecursively$6(NodeTestTask.java:156)
	at org.junit.platform.engine.support.hierarchical.ThrowableCollector.execute(ThrowableCollector.java:73)
	at org.junit.platform.engine.support.hierarchical.NodeTestTask.lambda$executeRecursively$8(NodeTestTask.java:146)
	at org.junit.platform.engine.support.hierarchical.Node.around(Node.java:137)
	at org.junit.platform.engine.support.hierarchical.NodeTestTask.lambda$executeRecursively$9(NodeTestTask.java:144)
	at org.junit.platform.engine.support.hierarchical.ThrowableCollector.execute(ThrowableCollector.java:73)
	at org.junit.platform.engine.support.hierarchical.NodeTestTask.executeRecursively(NodeTestTask.java:143)
	at org.junit.platform.engine.support.hierarchical.NodeTestTask.execute(NodeTestTask.java:100)
	at java.base/java.util.ArrayList.forEach(ArrayList.java:1511)
	at org.junit.platform.engine.support.hierarchical.SameThreadHierarchicalTestExecutorService.invokeAll(SameThreadHierarchicalTestExecutorService.java:41)
	at org.junit.platform.engine.support.hierarchical.NodeTestTask.lambda$executeRecursively$6(NodeTestTask.java:160)
	at org.junit.platform.engine.support.hierarchical.ThrowableCollector.execute(ThrowableCollector.java:73)
	at org.junit.platform.engine.support.hierarchical.NodeTestTask.lambda$executeRecursively$8(NodeTestTask.java:146)
	at org.junit.platform.engine.support.hierarchical.Node.around(Node.java:137)
	at org.junit.platform.engine.support.hierarchical.NodeTestTask.lambda$executeRecursively$9(NodeTestTask.java:144)
	at org.junit.platform.engine.support.hierarchical.ThrowableCollector.execute(ThrowableCollector.java:73)
	at org.junit.platform.engine.support.hierarchical.NodeTestTask.executeRecursively(NodeTestTask.java:143)
	at org.junit.platform.engine.support.hierarchical.NodeTestTask.execute(NodeTestTask.java:100)
	at java.base/java.util.ArrayList.forEach(ArrayList.java:1511)
	at org.junit.platform.engine.support.hierarchical.SameThreadHierarchicalTestExecutorService.invokeAll(SameThreadHierarchicalTestExecutorService.java:41)
	at org.junit.platform.engine.support.hierarchical.NodeTestTask.lambda$executeRecursively$6(NodeTestTask.java:160)
	at org.junit.platform.engine.support.hierarchical.ThrowableCollector.execute(ThrowableCollector.java:73)
	at org.junit.platform.engine.support.hierarchical.NodeTestTask.lambda$executeRecursively$8(NodeTestTask.java:146)
	at org.junit.platform.engine.support.hierarchical.Node.around(Node.java:137)
	at org.junit.platform.engine.support.hierarchical.NodeTestTask.lambda$executeRecursively$9(NodeTestTask.java:144)
	at org.junit.platform.engine.support.hierarchical.ThrowableCollector.execute(ThrowableCollector.java:73)
	at org.junit.platform.engine.support.hierarchical.NodeTestTask.executeRecursively(NodeTestTask.java:143)
	at org.junit.platform.engine.support.hierarchical.NodeTestTask.execute(NodeTestTask.java:100)
	at org.junit.platform.engine.support.hierarchical.SameThreadHierarchicalTestExecutorService.submit(SameThreadHierarchicalTestExecutorService.java:35)
	at org.junit.platform.engine.support.hierarchical.HierarchicalTestExecutor.execute(HierarchicalTestExecutor.java:57)
	at org.junit.platform.engine.support.hierarchical.HierarchicalTestEngine.execute(HierarchicalTestEngine.java:54)
	at org.junit.platform.launcher.core.EngineExecutionOrchestrator.execute(EngineExecutionOrchestrator.java:198)
	at org.junit.platform.launcher.core.EngineExecutionOrchestrator.execute(EngineExecutionOrchestrator.java:169)
	at org.junit.platform.launcher.core.EngineExecutionOrchestrator.execute(EngineExecutionOrchestrator.java:93)
	at org.junit.platform.launcher.core.EngineExecutionOrchestrator.lambda$execute$0(EngineExecutionOrchestrator.java:58)
	at org.junit.platform.launcher.core.EngineExecutionOrchestrator.withInterceptedStreams(EngineExecutionOrchestrator.java:141)
	at org.junit.platform.launcher.core.EngineExecutionOrchestrator.execute(EngineExecutionOrchestrator.java:57)
	at org.junit.platform.launcher.core.DefaultLauncher.execute(DefaultLauncher.java:103)
	at org.junit.platform.launcher.core.DefaultLauncher.execute(DefaultLauncher.java:85)
	at org.junit.platform.launcher.core.DelegatingLauncher.execute(DelegatingLauncher.java:47)
	at org.gradle.api.internal.tasks.testing.junitplatform.JUnitPlatformTestClassProcessor$CollectAllTestClassesExecutor.processAllTestClasses(JUnitPlatformTestClassProcessor.java:124)
	at org.gradle.api.internal.tasks.testing.junitplatform.JUnitPlatformTestClassProcessor$CollectAllTestClassesExecutor.access$000(JUnitPlatformTestClassProcessor.java:99)
	at org.gradle.api.internal.tasks.testing.junitplatform.JUnitPlatformTestClassProcessor.stop(JUnitPlatformTestClassProcessor.java:94)
	at org.gradle.api.internal.tasks.testing.SuiteTestClassProcessor.stop(SuiteTestClassProcessor.java:63)
	at java.base/jdk.internal.reflect.NativeMethodAccessorImpl.invoke0(Native Method)
	at java.base/jdk.internal.reflect.NativeMethodAccessorImpl.invoke(NativeMethodAccessorImpl.java:77)
	at java.base/jdk.internal.reflect.DelegatingMethodAccessorImpl.invoke(DelegatingMethodAccessorImpl.java:43)
	at java.base/java.lang.reflect.Method.invoke(Method.java:569)
	at org.gradle.internal.dispatch.ReflectionDispatch.dispatch(ReflectionDispatch.java:36)
	at org.gradle.internal.dispatch.ReflectionDispatch.dispatch(ReflectionDispatch.java:24)
	at org.gradle.internal.dispatch.ContextClassLoaderDispatch.dispatch(ContextClassLoaderDispatch.java:33)
	at org.gradle.internal.dispatch.ProxyDispatchAdapter$DispatchingInvocationHandler.invoke(ProxyDispatchAdapter.java:92)
	at jdk.proxy2/jdk.proxy2.$Proxy6.stop(Unknown Source)
	at org.gradle.api.internal.tasks.testing.worker.TestWorker$3.run(TestWorker.java:200)
	at org.gradle.api.internal.tasks.testing.worker.TestWorker.executeAndMaintainThreadName(TestWorker.java:132)
	at org.gradle.api.internal.tasks.testing.worker.TestWorker.execute(TestWorker.java:103)
	at org.gradle.api.internal.tasks.testing.worker.TestWorker.execute(TestWorker.java:63)
	at org.gradle.process.internal.worker.child.ActionExecutionWorker.execute(ActionExecutionWorker.java:56)
	at org.gradle.process.internal.worker.child.SystemApplicationClassLoaderWorker.call(SystemApplicationClassLoaderWorker.java:121)
	at org.gradle.process.internal.worker.child.SystemApplicationClassLoaderWorker.call(SystemApplicationClassLoaderWorker.java:71)
	at worker.org.gradle.process.internal.worker.GradleWorkerMain.run(GradleWorkerMain.java:69)
	at worker.org.gradle.process.internal.worker.GradleWorkerMain.main(GradleWorkerMain.java:74)
25-05-20 14:47:53.804 [Test worker] DEBUG c.s.m.d.config.MDCLoggingInterceptor [ac571cb5a72b479ab4d621fa4def0c6a | DELETE | /api/channels/3f204ea5-5c5a-49d4-a471-9ebf3337a92c] - Request completed
25-05-20 14:47:53.821 [Test worker] DEBUG c.s.m.d.s.basic.BasicUserService     [ |  | ] - 사용자 생성 시작: UserCreateRequest[username=user1, email=user1@example.com, password=Password1!]
25-05-20 14:47:53.825 [Test worker] DEBUG org.hibernate.SQL                    [ |  | ] - 
    select
        u1_0.id 
    from
        users u1_0 
    where
        u1_0.email=? 
    fetch
        first ? rows only
25-05-20 14:47:53.826 [Test worker] TRACE org.hibernate.orm.jdbc.bind          [ |  | ] - binding parameter (1:VARCHAR) <- [user1@example.com]
25-05-20 14:47:53.827 [Test worker] TRACE org.hibernate.orm.jdbc.bind          [ |  | ] - binding parameter (2:INTEGER) <- [1]
25-05-20 14:47:53.829 [Test worker] DEBUG org.hibernate.SQL                    [ |  | ] - 
    select
        u1_0.id 
    from
        users u1_0 
    where
        u1_0.username=? 
    fetch
        first ? rows only
25-05-20 14:47:53.830 [Test worker] TRACE org.hibernate.orm.jdbc.bind          [ |  | ] - binding parameter (1:VARCHAR) <- [user1]
25-05-20 14:47:53.830 [Test worker] TRACE org.hibernate.orm.jdbc.bind          [ |  | ] - binding parameter (2:INTEGER) <- [1]
25-05-20 14:47:53.834 [Test worker] INFO  c.s.m.d.s.basic.BasicUserService     [ |  | ] - 사용자 생성 완료: id=c3e1608c-5d32-4208-8454-8bbbc58c59ee, username=user1
25-05-20 14:47:53.834 [Test worker] DEBUG c.s.m.d.s.basic.BasicUserService     [ |  | ] - 사용자 생성 시작: UserCreateRequest[username=user2, email=user2@example.com, password=Password1!]
25-05-20 14:47:53.837 [Test worker] DEBUG org.hibernate.SQL                    [ |  | ] - 
    insert 
    into
        users
        (created_at, email, password, profile_id, updated_at, username, id) 
    values
        (?, ?, ?, ?, ?, ?, ?)
25-05-20 14:47:53.838 [Test worker] TRACE org.hibernate.orm.jdbc.bind          [ |  | ] - binding parameter (1:TIMESTAMP_UTC) <- [2025-05-20T05:47:53.832001Z]
25-05-20 14:47:53.838 [Test worker] TRACE org.hibernate.orm.jdbc.bind          [ |  | ] - binding parameter (2:VARCHAR) <- [user1@example.com]
25-05-20 14:47:53.838 [Test worker] TRACE org.hibernate.orm.jdbc.bind          [ |  | ] - binding parameter (3:VARCHAR) <- [Password1!]
25-05-20 14:47:53.838 [Test worker] TRACE org.hibernate.orm.jdbc.bind          [ |  | ] - binding parameter (4:UUID) <- [null]
25-05-20 14:47:53.838 [Test worker] TRACE org.hibernate.orm.jdbc.bind          [ |  | ] - binding parameter (5:TIMESTAMP_UTC) <- [2025-05-20T05:47:53.832001Z]
25-05-20 14:47:53.838 [Test worker] TRACE org.hibernate.orm.jdbc.bind          [ |  | ] - binding parameter (6:VARCHAR) <- [user1]
25-05-20 14:47:53.839 [Test worker] TRACE org.hibernate.orm.jdbc.bind          [ |  | ] - binding parameter (7:UUID) <- [c3e1608c-5d32-4208-8454-8bbbc58c59ee]
25-05-20 14:47:53.840 [Test worker] DEBUG org.hibernate.SQL                    [ |  | ] - 
    insert 
    into
        user_statuses
        (created_at, last_active_at, updated_at, user_id, id) 
    values
        (?, ?, ?, ?, ?)
25-05-20 14:47:53.840 [Test worker] TRACE org.hibernate.orm.jdbc.bind          [ |  | ] - binding parameter (1:TIMESTAMP_UTC) <- [2025-05-20T05:47:53.833093Z]
25-05-20 14:47:53.840 [Test worker] TRACE org.hibernate.orm.jdbc.bind          [ |  | ] - binding parameter (2:TIMESTAMP_UTC) <- [2025-05-20T05:47:53.830925Z]
25-05-20 14:47:53.841 [Test worker] TRACE org.hibernate.orm.jdbc.bind          [ |  | ] - binding parameter (3:TIMESTAMP_UTC) <- [2025-05-20T05:47:53.833093Z]
25-05-20 14:47:53.841 [Test worker] TRACE org.hibernate.orm.jdbc.bind          [ |  | ] - binding parameter (4:UUID) <- [c3e1608c-5d32-4208-8454-8bbbc58c59ee]
25-05-20 14:47:53.841 [Test worker] TRACE org.hibernate.orm.jdbc.bind          [ |  | ] - binding parameter (5:UUID) <- [ca948aec-3bb4-4fed-8a58-3cc948291ba1]
25-05-20 14:47:53.841 [Test worker] DEBUG org.hibernate.SQL                    [ |  | ] - 
    select
        u1_0.id 
    from
        users u1_0 
    where
        u1_0.email=? 
    fetch
        first ? rows only
25-05-20 14:47:53.842 [Test worker] TRACE org.hibernate.orm.jdbc.bind          [ |  | ] - binding parameter (1:VARCHAR) <- [user2@example.com]
25-05-20 14:47:53.842 [Test worker] TRACE org.hibernate.orm.jdbc.bind          [ |  | ] - binding parameter (2:INTEGER) <- [1]
25-05-20 14:47:53.844 [Test worker] DEBUG org.hibernate.SQL                    [ |  | ] - 
    select
        u1_0.id 
    from
        users u1_0 
    where
        u1_0.username=? 
    fetch
        first ? rows only
25-05-20 14:47:53.845 [Test worker] TRACE org.hibernate.orm.jdbc.bind          [ |  | ] - binding parameter (1:VARCHAR) <- [user2]
25-05-20 14:47:53.845 [Test worker] TRACE org.hibernate.orm.jdbc.bind          [ |  | ] - binding parameter (2:INTEGER) <- [1]
25-05-20 14:47:53.847 [Test worker] INFO  c.s.m.d.s.basic.BasicUserService     [ |  | ] - 사용자 생성 완료: id=6481c862-f34d-469e-bed2-42bd948db8be, username=user2
25-05-20 14:47:53.852 [Test worker] DEBUG c.s.m.d.config.MDCLoggingInterceptor [8177b7145882421d90ae471a7ffd88df | POST | /api/channels/private] - Request started
25-05-20 14:47:53.862 [Test worker] INFO  c.s.m.d.controller.ChannelController [8177b7145882421d90ae471a7ffd88df | POST | /api/channels/private] - 비공개 채널 생성 요청: PrivateChannelCreateRequest[participantIds=[c3e1608c-5d32-4208-8454-8bbbc58c59ee, 6481c862-f34d-469e-bed2-42bd948db8be]]
25-05-20 14:47:53.862 [Test worker] DEBUG c.s.m.d.s.basic.BasicChannelService  [8177b7145882421d90ae471a7ffd88df | POST | /api/channels/private] - 채널 생성 시작: PrivateChannelCreateRequest[participantIds=[c3e1608c-5d32-4208-8454-8bbbc58c59ee, 6481c862-f34d-469e-bed2-42bd948db8be]]
25-05-20 14:47:53.867 [Test worker] DEBUG org.hibernate.SQL                    [8177b7145882421d90ae471a7ffd88df | POST | /api/channels/private] - 
    insert 
    into
        users
        (created_at, email, password, profile_id, updated_at, username, id) 
    values
        (?, ?, ?, ?, ?, ?, ?)
25-05-20 14:47:53.867 [Test worker] TRACE org.hibernate.orm.jdbc.bind          [8177b7145882421d90ae471a7ffd88df | POST | /api/channels/private] - binding parameter (1:TIMESTAMP_UTC) <- [2025-05-20T05:47:53.846805Z]
25-05-20 14:47:53.867 [Test worker] TRACE org.hibernate.orm.jdbc.bind          [8177b7145882421d90ae471a7ffd88df | POST | /api/channels/private] - binding parameter (2:VARCHAR) <- [user2@example.com]
25-05-20 14:47:53.867 [Test worker] TRACE org.hibernate.orm.jdbc.bind          [8177b7145882421d90ae471a7ffd88df | POST | /api/channels/private] - binding parameter (3:VARCHAR) <- [Password1!]
25-05-20 14:47:53.868 [Test worker] TRACE org.hibernate.orm.jdbc.bind          [8177b7145882421d90ae471a7ffd88df | POST | /api/channels/private] - binding parameter (4:UUID) <- [null]
25-05-20 14:47:53.868 [Test worker] TRACE org.hibernate.orm.jdbc.bind          [8177b7145882421d90ae471a7ffd88df | POST | /api/channels/private] - binding parameter (5:TIMESTAMP_UTC) <- [2025-05-20T05:47:53.846805Z]
25-05-20 14:47:53.868 [Test worker] TRACE org.hibernate.orm.jdbc.bind          [8177b7145882421d90ae471a7ffd88df | POST | /api/channels/private] - binding parameter (6:VARCHAR) <- [user2]
25-05-20 14:47:53.868 [Test worker] TRACE org.hibernate.orm.jdbc.bind          [8177b7145882421d90ae471a7ffd88df | POST | /api/channels/private] - binding parameter (7:UUID) <- [6481c862-f34d-469e-bed2-42bd948db8be]
25-05-20 14:47:53.869 [Test worker] DEBUG org.hibernate.SQL                    [8177b7145882421d90ae471a7ffd88df | POST | /api/channels/private] - 
    insert 
    into
        user_statuses
        (created_at, last_active_at, updated_at, user_id, id) 
    values
        (?, ?, ?, ?, ?)
25-05-20 14:47:53.870 [Test worker] TRACE org.hibernate.orm.jdbc.bind          [8177b7145882421d90ae471a7ffd88df | POST | /api/channels/private] - binding parameter (1:TIMESTAMP_UTC) <- [2025-05-20T05:47:53.847195Z]
25-05-20 14:47:53.870 [Test worker] TRACE org.hibernate.orm.jdbc.bind          [8177b7145882421d90ae471a7ffd88df | POST | /api/channels/private] - binding parameter (2:TIMESTAMP_UTC) <- [2025-05-20T05:47:53.845676Z]
25-05-20 14:47:53.870 [Test worker] TRACE org.hibernate.orm.jdbc.bind          [8177b7145882421d90ae471a7ffd88df | POST | /api/channels/private] - binding parameter (3:TIMESTAMP_UTC) <- [2025-05-20T05:47:53.847195Z]
25-05-20 14:47:53.870 [Test worker] TRACE org.hibernate.orm.jdbc.bind          [8177b7145882421d90ae471a7ffd88df | POST | /api/channels/private] - binding parameter (4:UUID) <- [6481c862-f34d-469e-bed2-42bd948db8be]
25-05-20 14:47:53.870 [Test worker] TRACE org.hibernate.orm.jdbc.bind          [8177b7145882421d90ae471a7ffd88df | POST | /api/channels/private] - binding parameter (5:UUID) <- [2f56ae70-2d48-425b-b001-15ef74b11515]
25-05-20 14:47:53.871 [Test worker] DEBUG org.hibernate.SQL                    [8177b7145882421d90ae471a7ffd88df | POST | /api/channels/private] - 
    insert 
    into
        channels
        (created_at, description, name, type, updated_at, id) 
    values
        (?, ?, ?, ?, ?, ?)
25-05-20 14:47:53.871 [Test worker] TRACE org.hibernate.orm.jdbc.bind          [8177b7145882421d90ae471a7ffd88df | POST | /api/channels/private] - binding parameter (1:TIMESTAMP_UTC) <- [2025-05-20T05:47:53.863167Z]
25-05-20 14:47:53.871 [Test worker] TRACE org.hibernate.orm.jdbc.bind          [8177b7145882421d90ae471a7ffd88df | POST | /api/channels/private] - binding parameter (2:VARCHAR) <- [null]
25-05-20 14:47:53.871 [Test worker] TRACE org.hibernate.orm.jdbc.bind          [8177b7145882421d90ae471a7ffd88df | POST | /api/channels/private] - binding parameter (3:VARCHAR) <- [null]
25-05-20 14:47:53.871 [Test worker] TRACE org.hibernate.orm.jdbc.bind          [8177b7145882421d90ae471a7ffd88df | POST | /api/channels/private] - binding parameter (4:ENUM) <- [PRIVATE]
25-05-20 14:47:53.871 [Test worker] TRACE org.hibernate.orm.jdbc.bind          [8177b7145882421d90ae471a7ffd88df | POST | /api/channels/private] - binding parameter (5:TIMESTAMP_UTC) <- [2025-05-20T05:47:53.863167Z]
25-05-20 14:47:53.872 [Test worker] TRACE org.hibernate.orm.jdbc.bind          [8177b7145882421d90ae471a7ffd88df | POST | /api/channels/private] - binding parameter (6:UUID) <- [880304e1-597c-48b6-a756-deae13fc9b5c]
25-05-20 14:47:53.872 [Test worker] DEBUG org.hibernate.SQL                    [8177b7145882421d90ae471a7ffd88df | POST | /api/channels/private] - 
    select
        u1_0.id,
        u1_0.created_at,
        u1_0.email,
        u1_0.password,
        u1_0.profile_id,
        u1_0.updated_at,
        u1_0.username 
    from
        users u1_0 
    where
        u1_0.id in (?, ?)
25-05-20 14:47:53.873 [Test worker] TRACE org.hibernate.orm.jdbc.bind          [8177b7145882421d90ae471a7ffd88df | POST | /api/channels/private] - binding parameter (1:UUID) <- [c3e1608c-5d32-4208-8454-8bbbc58c59ee]
25-05-20 14:47:53.873 [Test worker] TRACE org.hibernate.orm.jdbc.bind          [8177b7145882421d90ae471a7ffd88df | POST | /api/channels/private] - binding parameter (2:UUID) <- [6481c862-f34d-469e-bed2-42bd948db8be]
25-05-20 14:47:53.879 [Test worker] INFO  c.s.m.d.s.basic.BasicChannelService  [8177b7145882421d90ae471a7ffd88df | POST | /api/channels/private] - 채널 생성 완료: id=880304e1-597c-48b6-a756-deae13fc9b5c, name=null
25-05-20 14:47:53.884 [Test worker] DEBUG org.hibernate.SQL                    [8177b7145882421d90ae471a7ffd88df | POST | /api/channels/private] - 
    insert 
    into
        read_statuses
        (channel_id, created_at, last_read_at, updated_at, user_id, id) 
    values
        (?, ?, ?, ?, ?, ?)
25-05-20 14:47:53.884 [Test worker] TRACE org.hibernate.orm.jdbc.bind          [8177b7145882421d90ae471a7ffd88df | POST | /api/channels/private] - binding parameter (1:UUID) <- [880304e1-597c-48b6-a756-deae13fc9b5c]
25-05-20 14:47:53.885 [Test worker] TRACE org.hibernate.orm.jdbc.bind          [8177b7145882421d90ae471a7ffd88df | POST | /api/channels/private] - binding parameter (2:TIMESTAMP_UTC) <- [2025-05-20T05:47:53.876209Z]
25-05-20 14:47:53.885 [Test worker] TRACE org.hibernate.orm.jdbc.bind          [8177b7145882421d90ae471a7ffd88df | POST | /api/channels/private] - binding parameter (3:TIMESTAMP_UTC) <- [2025-05-20T05:47:53.863167Z]
25-05-20 14:47:53.885 [Test worker] TRACE org.hibernate.orm.jdbc.bind          [8177b7145882421d90ae471a7ffd88df | POST | /api/channels/private] - binding parameter (4:TIMESTAMP_UTC) <- [2025-05-20T05:47:53.876209Z]
25-05-20 14:47:53.885 [Test worker] TRACE org.hibernate.orm.jdbc.bind          [8177b7145882421d90ae471a7ffd88df | POST | /api/channels/private] - binding parameter (5:UUID) <- [6481c862-f34d-469e-bed2-42bd948db8be]
25-05-20 14:47:53.885 [Test worker] TRACE org.hibernate.orm.jdbc.bind          [8177b7145882421d90ae471a7ffd88df | POST | /api/channels/private] - binding parameter (6:UUID) <- [04a9af82-4d9e-4d42-b1d0-21f980ceaa74]
25-05-20 14:47:53.887 [Test worker] DEBUG org.hibernate.SQL                    [8177b7145882421d90ae471a7ffd88df | POST | /api/channels/private] - 
    insert 
    into
        read_statuses
        (channel_id, created_at, last_read_at, updated_at, user_id, id) 
    values
        (?, ?, ?, ?, ?, ?)
25-05-20 14:47:53.888 [Test worker] TRACE org.hibernate.orm.jdbc.bind          [8177b7145882421d90ae471a7ffd88df | POST | /api/channels/private] - binding parameter (1:UUID) <- [880304e1-597c-48b6-a756-deae13fc9b5c]
25-05-20 14:47:53.888 [Test worker] TRACE org.hibernate.orm.jdbc.bind          [8177b7145882421d90ae471a7ffd88df | POST | /api/channels/private] - binding parameter (2:TIMESTAMP_UTC) <- [2025-05-20T05:47:53.879342Z]
25-05-20 14:47:53.888 [Test worker] TRACE org.hibernate.orm.jdbc.bind          [8177b7145882421d90ae471a7ffd88df | POST | /api/channels/private] - binding parameter (3:TIMESTAMP_UTC) <- [2025-05-20T05:47:53.863167Z]
25-05-20 14:47:53.888 [Test worker] TRACE org.hibernate.orm.jdbc.bind          [8177b7145882421d90ae471a7ffd88df | POST | /api/channels/private] - binding parameter (4:TIMESTAMP_UTC) <- [2025-05-20T05:47:53.879342Z]
25-05-20 14:47:53.888 [Test worker] TRACE org.hibernate.orm.jdbc.bind          [8177b7145882421d90ae471a7ffd88df | POST | /api/channels/private] - binding parameter (5:UUID) <- [c3e1608c-5d32-4208-8454-8bbbc58c59ee]
25-05-20 14:47:53.888 [Test worker] TRACE org.hibernate.orm.jdbc.bind          [8177b7145882421d90ae471a7ffd88df | POST | /api/channels/private] - binding parameter (6:UUID) <- [c8d4fddc-5b3b-4488-8783-20f8fbe73f4e]
25-05-20 14:47:53.889 [Test worker] DEBUG org.hibernate.SQL                    [8177b7145882421d90ae471a7ffd88df | POST | /api/channels/private] - 
    select
        rs1_0.id,
        rs1_0.channel_id,
        rs1_0.created_at,
        rs1_0.last_read_at,
        rs1_0.updated_at,
        rs1_0.user_id,
        u1_0.id,
        u1_0.created_at,
        u1_0.email,
        u1_0.password,
        p1_0.id,
        p1_0.content_type,
        p1_0.created_at,
        p1_0.file_name,
        p1_0.size,
        s1_0.id,
        s1_0.created_at,
        s1_0.last_active_at,
        s1_0.updated_at,
        s1_0.user_id,
        u1_0.updated_at,
        u1_0.username 
    from
        read_statuses rs1_0 
    join
        users u1_0 
            on u1_0.id=rs1_0.user_id 
    join
        user_statuses s1_0 
            on u1_0.id=s1_0.user_id 
    left join
        binary_contents p1_0 
            on p1_0.id=u1_0.profile_id 
    where
        rs1_0.channel_id=?
25-05-20 14:47:53.893 [Test worker] TRACE org.hibernate.orm.jdbc.bind          [8177b7145882421d90ae471a7ffd88df | POST | /api/channels/private] - binding parameter (1:UUID) <- [880304e1-597c-48b6-a756-deae13fc9b5c]
25-05-20 14:47:53.899 [Test worker] DEBUG org.hibernate.SQL                    [8177b7145882421d90ae471a7ffd88df | POST | /api/channels/private] - 
    select
        m1_0.created_at 
    from
        messages m1_0 
    where
        m1_0.channel_id=? 
    order by
        m1_0.created_at desc 
    fetch
        first 1 rows only
25-05-20 14:47:53.907 [Test worker] TRACE org.hibernate.orm.jdbc.bind          [8177b7145882421d90ae471a7ffd88df | POST | /api/channels/private] - binding parameter (1:UUID) <- [880304e1-597c-48b6-a756-deae13fc9b5c]
25-05-20 14:47:53.908 [Test worker] DEBUG c.s.m.d.controller.ChannelController [8177b7145882421d90ae471a7ffd88df | POST | /api/channels/private] - 비공개 채널 생성 응답: ChannelDto[id=880304e1-597c-48b6-a756-deae13fc9b5c, type=PRIVATE, name=null, description=null, participants=[UserDto[id=6481c862-f34d-469e-bed2-42bd948db8be, username=user2, email=user2@example.com, profile=null, online=true], UserDto[id=c3e1608c-5d32-4208-8454-8bbbc58c59ee, username=user1, email=user1@example.com, profile=null, online=true]], lastMessageAt=-1000000000-01-01T00:00:00Z]
25-05-20 14:47:53.917 [Test worker] DEBUG c.s.m.d.config.MDCLoggingInterceptor [8177b7145882421d90ae471a7ffd88df | POST | /api/channels/private] - Request completed
25-05-20 14:47:53.929 [Test worker] DEBUG c.s.m.d.s.basic.BasicChannelService  [ |  | ] - 채널 생성 시작: PublicChannelCreateRequest[name=원본 채널, description=원본 채널 설명입니다.]
25-05-20 14:47:53.931 [Test worker] INFO  c.s.m.d.s.basic.BasicChannelService  [ |  | ] - 채널 생성 완료: id=a8df9a85-1029-41e3-abe0-1578f7ff6a16, name=원본 채널
25-05-20 14:47:53.932 [Test worker] DEBUG org.hibernate.SQL                    [ |  | ] - 
    select
        m1_0.created_at 
    from
        messages m1_0 
    where
        m1_0.channel_id=? 
    order by
        m1_0.created_at desc 
    fetch
        first 1 rows only
25-05-20 14:47:53.933 [Test worker] TRACE org.hibernate.orm.jdbc.bind          [ |  | ] - binding parameter (1:UUID) <- [a8df9a85-1029-41e3-abe0-1578f7ff6a16]
25-05-20 14:47:53.935 [Test worker] DEBUG c.s.m.d.config.MDCLoggingInterceptor [81a4beef1a974b2cb2a7b2ea63a410e1 | PATCH | /api/channels/a8df9a85-1029-41e3-abe0-1578f7ff6a16] - Request started
25-05-20 14:47:53.939 [Test worker] INFO  c.s.m.d.controller.ChannelController [81a4beef1a974b2cb2a7b2ea63a410e1 | PATCH | /api/channels/a8df9a85-1029-41e3-abe0-1578f7ff6a16] - 채널 수정 요청: id=a8df9a85-1029-41e3-abe0-1578f7ff6a16, request=PublicChannelUpdateRequest[newName=수정된 채널, newDescription=수정된 채널 설명입니다.]
25-05-20 14:47:53.939 [Test worker] DEBUG c.s.m.d.s.basic.BasicChannelService  [81a4beef1a974b2cb2a7b2ea63a410e1 | PATCH | /api/channels/a8df9a85-1029-41e3-abe0-1578f7ff6a16] - 채널 수정 시작: id=a8df9a85-1029-41e3-abe0-1578f7ff6a16, request=PublicChannelUpdateRequest[newName=수정된 채널, newDescription=수정된 채널 설명입니다.]
25-05-20 14:47:53.940 [Test worker] INFO  c.s.m.d.s.basic.BasicChannelService  [81a4beef1a974b2cb2a7b2ea63a410e1 | PATCH | /api/channels/a8df9a85-1029-41e3-abe0-1578f7ff6a16] - 채널 수정 완료: id=a8df9a85-1029-41e3-abe0-1578f7ff6a16, name=수정된 채널
25-05-20 14:47:53.944 [Test worker] DEBUG org.hibernate.SQL                    [81a4beef1a974b2cb2a7b2ea63a410e1 | PATCH | /api/channels/a8df9a85-1029-41e3-abe0-1578f7ff6a16] - 
    select
        m1_0.created_at 
    from
        messages m1_0 
    where
        m1_0.channel_id=? 
    order by
        m1_0.created_at desc 
    fetch
        first 1 rows only
25-05-20 14:47:53.944 [Test worker] TRACE org.hibernate.orm.jdbc.bind          [81a4beef1a974b2cb2a7b2ea63a410e1 | PATCH | /api/channels/a8df9a85-1029-41e3-abe0-1578f7ff6a16] - binding parameter (1:UUID) <- [a8df9a85-1029-41e3-abe0-1578f7ff6a16]
25-05-20 14:47:53.944 [Test worker] DEBUG c.s.m.d.controller.ChannelController [81a4beef1a974b2cb2a7b2ea63a410e1 | PATCH | /api/channels/a8df9a85-1029-41e3-abe0-1578f7ff6a16] - 채널 수정 응답: ChannelDto[id=a8df9a85-1029-41e3-abe0-1578f7ff6a16, type=PUBLIC, name=수정된 채널, description=수정된 채널 설명입니다., participants=[], lastMessageAt=-1000000000-01-01T00:00:00Z]
25-05-20 14:47:53.945 [Test worker] DEBUG c.s.m.d.config.MDCLoggingInterceptor [81a4beef1a974b2cb2a7b2ea63a410e1 | PATCH | /api/channels/a8df9a85-1029-41e3-abe0-1578f7ff6a16] - Request completed
25-05-20 14:47:53.957 [Test worker] DEBUG c.s.m.d.config.MDCLoggingInterceptor [fd6156ca06694e8abce885befe52d148 | PATCH | /api/channels/249ed848-1159-449c-92ed-62dd057726af] - Request started
25-05-20 14:47:53.958 [Test worker] INFO  c.s.m.d.controller.ChannelController [fd6156ca06694e8abce885befe52d148 | PATCH | /api/channels/249ed848-1159-449c-92ed-62dd057726af] - 채널 수정 요청: id=249ed848-1159-449c-92ed-62dd057726af, request=PublicChannelUpdateRequest[newName=수정된 채널, newDescription=수정된 채널 설명입니다.]
25-05-20 14:47:53.958 [Test worker] DEBUG c.s.m.d.s.basic.BasicChannelService  [fd6156ca06694e8abce885befe52d148 | PATCH | /api/channels/249ed848-1159-449c-92ed-62dd057726af] - 채널 수정 시작: id=249ed848-1159-449c-92ed-62dd057726af, request=PublicChannelUpdateRequest[newName=수정된 채널, newDescription=수정된 채널 설명입니다.]
25-05-20 14:47:53.959 [Test worker] DEBUG org.hibernate.SQL                    [fd6156ca06694e8abce885befe52d148 | PATCH | /api/channels/249ed848-1159-449c-92ed-62dd057726af] - 
    select
        c1_0.id,
        c1_0.created_at,
        c1_0.description,
        c1_0.name,
        c1_0.type,
        c1_0.updated_at 
    from
        channels c1_0 
    where
        c1_0.id=?
25-05-20 14:47:53.960 [Test worker] TRACE org.hibernate.orm.jdbc.bind          [fd6156ca06694e8abce885befe52d148 | PATCH | /api/channels/249ed848-1159-449c-92ed-62dd057726af] - binding parameter (1:UUID) <- [249ed848-1159-449c-92ed-62dd057726af]
25-05-20 14:47:53.961 [Test worker] ERROR c.s.m.d.e.GlobalExceptionHandler     [fd6156ca06694e8abce885befe52d148 | PATCH | /api/channels/249ed848-1159-449c-92ed-62dd057726af] - 커스텀 예외 발생: code=CHANNEL_NOT_FOUND, message=채널을 찾을 수 없습니다.
com.sprint.mission.discodeit.exception.channel.ChannelNotFoundException: 채널을 찾을 수 없습니다.
	at com.sprint.mission.discodeit.exception.channel.ChannelNotFoundException.withId(ChannelNotFoundException.java:13)
	at com.sprint.mission.discodeit.service.basic.BasicChannelService.lambda$update$2(BasicChannelService.java:95)
	at java.base/java.util.Optional.orElseThrow(Optional.java:403)
	at com.sprint.mission.discodeit.service.basic.BasicChannelService.update(BasicChannelService.java:95)
	at java.base/jdk.internal.reflect.NativeMethodAccessorImpl.invoke0(Native Method)
	at java.base/jdk.internal.reflect.NativeMethodAccessorImpl.invoke(NativeMethodAccessorImpl.java:77)
	at java.base/jdk.internal.reflect.DelegatingMethodAccessorImpl.invoke(DelegatingMethodAccessorImpl.java:43)
	at java.base/java.lang.reflect.Method.invoke(Method.java:569)
	at org.springframework.aop.support.AopUtils.invokeJoinpointUsingReflection(AopUtils.java:359)
	at org.springframework.aop.framework.ReflectiveMethodInvocation.invokeJoinpoint(ReflectiveMethodInvocation.java:196)
	at org.springframework.aop.framework.ReflectiveMethodInvocation.proceed(ReflectiveMethodInvocation.java:163)
	at org.springframework.transaction.interceptor.TransactionAspectSupport.invokeWithinTransaction(TransactionAspectSupport.java:380)
	at org.springframework.transaction.interceptor.TransactionInterceptor.invoke(TransactionInterceptor.java:119)
	at org.springframework.aop.framework.ReflectiveMethodInvocation.proceed(ReflectiveMethodInvocation.java:184)
	at org.springframework.aop.framework.CglibAopProxy$DynamicAdvisedInterceptor.intercept(CglibAopProxy.java:727)
	at com.sprint.mission.discodeit.service.basic.BasicChannelService$$SpringCGLIB$$0.update(<generated>)
	at com.sprint.mission.discodeit.controller.ChannelController.update(ChannelController.java:59)
	at java.base/jdk.internal.reflect.NativeMethodAccessorImpl.invoke0(Native Method)
	at java.base/jdk.internal.reflect.NativeMethodAccessorImpl.invoke(NativeMethodAccessorImpl.java:77)
	at java.base/jdk.internal.reflect.DelegatingMethodAccessorImpl.invoke(DelegatingMethodAccessorImpl.java:43)
	at java.base/java.lang.reflect.Method.invoke(Method.java:569)
	at org.springframework.web.method.support.InvocableHandlerMethod.doInvoke(InvocableHandlerMethod.java:255)
	at org.springframework.web.method.support.InvocableHandlerMethod.invokeForRequest(InvocableHandlerMethod.java:188)
	at org.springframework.web.servlet.mvc.method.annotation.ServletInvocableHandlerMethod.invokeAndHandle(ServletInvocableHandlerMethod.java:118)
	at org.springframework.web.servlet.mvc.method.annotation.RequestMappingHandlerAdapter.invokeHandlerMethod(RequestMappingHandlerAdapter.java:986)
	at org.springframework.web.servlet.mvc.method.annotation.RequestMappingHandlerAdapter.handleInternal(RequestMappingHandlerAdapter.java:891)
	at org.springframework.web.servlet.mvc.method.AbstractHandlerMethodAdapter.handle(AbstractHandlerMethodAdapter.java:87)
	at org.springframework.web.servlet.DispatcherServlet.doDispatch(DispatcherServlet.java:1088)
	at org.springframework.web.servlet.DispatcherServlet.doService(DispatcherServlet.java:978)
	at org.springframework.web.servlet.FrameworkServlet.processRequest(FrameworkServlet.java:1014)
	at org.springframework.web.servlet.FrameworkServlet.service(FrameworkServlet.java:888)
	at org.springframework.test.web.servlet.TestDispatcherServlet.service(TestDispatcherServlet.java:72)
	at jakarta.servlet.http.HttpServlet.service(HttpServlet.java:658)
	at org.springframework.mock.web.MockFilterChain$ServletFilterProxy.doFilter(MockFilterChain.java:165)
	at org.springframework.mock.web.MockFilterChain.doFilter(MockFilterChain.java:132)
	at org.springframework.web.filter.RequestContextFilter.doFilterInternal(RequestContextFilter.java:100)
	at org.springframework.web.filter.OncePerRequestFilter.doFilter(OncePerRequestFilter.java:116)
	at org.springframework.test.web.servlet.setup.MockMvcFilterDecorator.doFilter(MockMvcFilterDecorator.java:162)
	at org.springframework.mock.web.MockFilterChain.doFilter(MockFilterChain.java:132)
	at org.springframework.web.filter.FormContentFilter.doFilterInternal(FormContentFilter.java:93)
	at org.springframework.web.filter.OncePerRequestFilter.doFilter(OncePerRequestFilter.java:116)
	at org.springframework.test.web.servlet.setup.MockMvcFilterDecorator.doFilter(MockMvcFilterDecorator.java:162)
	at org.springframework.mock.web.MockFilterChain.doFilter(MockFilterChain.java:132)
	at org.springframework.web.filter.ServerHttpObservationFilter.doFilterInternal(ServerHttpObservationFilter.java:114)
	at org.springframework.web.filter.OncePerRequestFilter.doFilter(OncePerRequestFilter.java:116)
	at org.springframework.test.web.servlet.setup.MockMvcFilterDecorator.doFilter(MockMvcFilterDecorator.java:162)
	at org.springframework.mock.web.MockFilterChain.doFilter(MockFilterChain.java:132)
	at org.springframework.web.filter.CharacterEncodingFilter.doFilterInternal(CharacterEncodingFilter.java:201)
	at org.springframework.web.filter.OncePerRequestFilter.doFilter(OncePerRequestFilter.java:116)
	at org.springframework.test.web.servlet.setup.MockMvcFilterDecorator.doFilter(MockMvcFilterDecorator.java:162)
	at org.springframework.mock.web.MockFilterChain.doFilter(MockFilterChain.java:132)
	at org.springframework.test.web.servlet.MockMvc.perform(MockMvc.java:201)
	at com.sprint.mission.discodeit.integration.ChannelApiIntegrationTest.updateChannel_Failure_ChannelNotFound(ChannelApiIntegrationTest.java:220)
	at java.base/jdk.internal.reflect.NativeMethodAccessorImpl.invoke0(Native Method)
	at java.base/jdk.internal.reflect.NativeMethodAccessorImpl.invoke(NativeMethodAccessorImpl.java:77)
	at java.base/jdk.internal.reflect.DelegatingMethodAccessorImpl.invoke(DelegatingMethodAccessorImpl.java:43)
	at java.base/java.lang.reflect.Method.invoke(Method.java:569)
	at org.junit.platform.commons.util.ReflectionUtils.invokeMethod(ReflectionUtils.java:767)
	at org.junit.jupiter.engine.execution.MethodInvocation.proceed(MethodInvocation.java:60)
	at org.junit.jupiter.engine.execution.InvocationInterceptorChain$ValidatingInvocation.proceed(InvocationInterceptorChain.java:131)
	at org.junit.jupiter.engine.extension.TimeoutExtension.intercept(TimeoutExtension.java:156)
	at org.junit.jupiter.engine.extension.TimeoutExtension.interceptTestableMethod(TimeoutExtension.java:147)
	at org.junit.jupiter.engine.extension.TimeoutExtension.interceptTestMethod(TimeoutExtension.java:86)
	at org.junit.jupiter.engine.execution.InterceptingExecutableInvoker$ReflectiveInterceptorCall.lambda$ofVoidMethod$0(InterceptingExecutableInvoker.java:103)
	at org.junit.jupiter.engine.execution.InterceptingExecutableInvoker.lambda$invoke$0(InterceptingExecutableInvoker.java:93)
	at org.junit.jupiter.engine.execution.InvocationInterceptorChain$InterceptedInvocation.proceed(InvocationInterceptorChain.java:106)
	at org.junit.jupiter.engine.execution.InvocationInterceptorChain.proceed(InvocationInterceptorChain.java:64)
	at org.junit.jupiter.engine.execution.InvocationInterceptorChain.chainAndInvoke(InvocationInterceptorChain.java:45)
	at org.junit.jupiter.engine.execution.InvocationInterceptorChain.invoke(InvocationInterceptorChain.java:37)
	at org.junit.jupiter.engine.execution.InterceptingExecutableInvoker.invoke(InterceptingExecutableInvoker.java:92)
	at org.junit.jupiter.engine.execution.InterceptingExecutableInvoker.invoke(InterceptingExecutableInvoker.java:86)
	at org.junit.jupiter.engine.descriptor.TestMethodTestDescriptor.lambda$invokeTestMethod$8(TestMethodTestDescriptor.java:217)
	at org.junit.platform.engine.support.hierarchical.ThrowableCollector.execute(ThrowableCollector.java:73)
	at org.junit.jupiter.engine.descriptor.TestMethodTestDescriptor.invokeTestMethod(TestMethodTestDescriptor.java:213)
	at org.junit.jupiter.engine.descriptor.TestMethodTestDescriptor.execute(TestMethodTestDescriptor.java:138)
	at org.junit.jupiter.engine.descriptor.TestMethodTestDescriptor.execute(TestMethodTestDescriptor.java:68)
	at org.junit.platform.engine.support.hierarchical.NodeTestTask.lambda$executeRecursively$6(NodeTestTask.java:156)
	at org.junit.platform.engine.support.hierarchical.ThrowableCollector.execute(ThrowableCollector.java:73)
	at org.junit.platform.engine.support.hierarchical.NodeTestTask.lambda$executeRecursively$8(NodeTestTask.java:146)
	at org.junit.platform.engine.support.hierarchical.Node.around(Node.java:137)
	at org.junit.platform.engine.support.hierarchical.NodeTestTask.lambda$executeRecursively$9(NodeTestTask.java:144)
	at org.junit.platform.engine.support.hierarchical.ThrowableCollector.execute(ThrowableCollector.java:73)
	at org.junit.platform.engine.support.hierarchical.NodeTestTask.executeRecursively(NodeTestTask.java:143)
	at org.junit.platform.engine.support.hierarchical.NodeTestTask.execute(NodeTestTask.java:100)
	at java.base/java.util.ArrayList.forEach(ArrayList.java:1511)
	at org.junit.platform.engine.support.hierarchical.SameThreadHierarchicalTestExecutorService.invokeAll(SameThreadHierarchicalTestExecutorService.java:41)
	at org.junit.platform.engine.support.hierarchical.NodeTestTask.lambda$executeRecursively$6(NodeTestTask.java:160)
	at org.junit.platform.engine.support.hierarchical.ThrowableCollector.execute(ThrowableCollector.java:73)
	at org.junit.platform.engine.support.hierarchical.NodeTestTask.lambda$executeRecursively$8(NodeTestTask.java:146)
	at org.junit.platform.engine.support.hierarchical.Node.around(Node.java:137)
	at org.junit.platform.engine.support.hierarchical.NodeTestTask.lambda$executeRecursively$9(NodeTestTask.java:144)
	at org.junit.platform.engine.support.hierarchical.ThrowableCollector.execute(ThrowableCollector.java:73)
	at org.junit.platform.engine.support.hierarchical.NodeTestTask.executeRecursively(NodeTestTask.java:143)
	at org.junit.platform.engine.support.hierarchical.NodeTestTask.execute(NodeTestTask.java:100)
	at java.base/java.util.ArrayList.forEach(ArrayList.java:1511)
	at org.junit.platform.engine.support.hierarchical.SameThreadHierarchicalTestExecutorService.invokeAll(SameThreadHierarchicalTestExecutorService.java:41)
	at org.junit.platform.engine.support.hierarchical.NodeTestTask.lambda$executeRecursively$6(NodeTestTask.java:160)
	at org.junit.platform.engine.support.hierarchical.ThrowableCollector.execute(ThrowableCollector.java:73)
	at org.junit.platform.engine.support.hierarchical.NodeTestTask.lambda$executeRecursively$8(NodeTestTask.java:146)
	at org.junit.platform.engine.support.hierarchical.Node.around(Node.java:137)
	at org.junit.platform.engine.support.hierarchical.NodeTestTask.lambda$executeRecursively$9(NodeTestTask.java:144)
	at org.junit.platform.engine.support.hierarchical.ThrowableCollector.execute(ThrowableCollector.java:73)
	at org.junit.platform.engine.support.hierarchical.NodeTestTask.executeRecursively(NodeTestTask.java:143)
	at org.junit.platform.engine.support.hierarchical.NodeTestTask.execute(NodeTestTask.java:100)
	at org.junit.platform.engine.support.hierarchical.SameThreadHierarchicalTestExecutorService.submit(SameThreadHierarchicalTestExecutorService.java:35)
	at org.junit.platform.engine.support.hierarchical.HierarchicalTestExecutor.execute(HierarchicalTestExecutor.java:57)
	at org.junit.platform.engine.support.hierarchical.HierarchicalTestEngine.execute(HierarchicalTestEngine.java:54)
	at org.junit.platform.launcher.core.EngineExecutionOrchestrator.execute(EngineExecutionOrchestrator.java:198)
	at org.junit.platform.launcher.core.EngineExecutionOrchestrator.execute(EngineExecutionOrchestrator.java:169)
	at org.junit.platform.launcher.core.EngineExecutionOrchestrator.execute(EngineExecutionOrchestrator.java:93)
	at org.junit.platform.launcher.core.EngineExecutionOrchestrator.lambda$execute$0(EngineExecutionOrchestrator.java:58)
	at org.junit.platform.launcher.core.EngineExecutionOrchestrator.withInterceptedStreams(EngineExecutionOrchestrator.java:141)
	at org.junit.platform.launcher.core.EngineExecutionOrchestrator.execute(EngineExecutionOrchestrator.java:57)
	at org.junit.platform.launcher.core.DefaultLauncher.execute(DefaultLauncher.java:103)
	at org.junit.platform.launcher.core.DefaultLauncher.execute(DefaultLauncher.java:85)
	at org.junit.platform.launcher.core.DelegatingLauncher.execute(DelegatingLauncher.java:47)
	at org.gradle.api.internal.tasks.testing.junitplatform.JUnitPlatformTestClassProcessor$CollectAllTestClassesExecutor.processAllTestClasses(JUnitPlatformTestClassProcessor.java:124)
	at org.gradle.api.internal.tasks.testing.junitplatform.JUnitPlatformTestClassProcessor$CollectAllTestClassesExecutor.access$000(JUnitPlatformTestClassProcessor.java:99)
	at org.gradle.api.internal.tasks.testing.junitplatform.JUnitPlatformTestClassProcessor.stop(JUnitPlatformTestClassProcessor.java:94)
	at org.gradle.api.internal.tasks.testing.SuiteTestClassProcessor.stop(SuiteTestClassProcessor.java:63)
	at java.base/jdk.internal.reflect.NativeMethodAccessorImpl.invoke0(Native Method)
	at java.base/jdk.internal.reflect.NativeMethodAccessorImpl.invoke(NativeMethodAccessorImpl.java:77)
	at java.base/jdk.internal.reflect.DelegatingMethodAccessorImpl.invoke(DelegatingMethodAccessorImpl.java:43)
	at java.base/java.lang.reflect.Method.invoke(Method.java:569)
	at org.gradle.internal.dispatch.ReflectionDispatch.dispatch(ReflectionDispatch.java:36)
	at org.gradle.internal.dispatch.ReflectionDispatch.dispatch(ReflectionDispatch.java:24)
	at org.gradle.internal.dispatch.ContextClassLoaderDispatch.dispatch(ContextClassLoaderDispatch.java:33)
	at org.gradle.internal.dispatch.ProxyDispatchAdapter$DispatchingInvocationHandler.invoke(ProxyDispatchAdapter.java:92)
	at jdk.proxy2/jdk.proxy2.$Proxy6.stop(Unknown Source)
	at org.gradle.api.internal.tasks.testing.worker.TestWorker$3.run(TestWorker.java:200)
	at org.gradle.api.internal.tasks.testing.worker.TestWorker.executeAndMaintainThreadName(TestWorker.java:132)
	at org.gradle.api.internal.tasks.testing.worker.TestWorker.execute(TestWorker.java:103)
	at org.gradle.api.internal.tasks.testing.worker.TestWorker.execute(TestWorker.java:63)
	at org.gradle.process.internal.worker.child.ActionExecutionWorker.execute(ActionExecutionWorker.java:56)
	at org.gradle.process.internal.worker.child.SystemApplicationClassLoaderWorker.call(SystemApplicationClassLoaderWorker.java:121)
	at org.gradle.process.internal.worker.child.SystemApplicationClassLoaderWorker.call(SystemApplicationClassLoaderWorker.java:71)
	at worker.org.gradle.process.internal.worker.GradleWorkerMain.run(GradleWorkerMain.java:69)
	at worker.org.gradle.process.internal.worker.GradleWorkerMain.main(GradleWorkerMain.java:74)
25-05-20 14:47:53.964 [Test worker] DEBUG c.s.m.d.config.MDCLoggingInterceptor [fd6156ca06694e8abce885befe52d148 | PATCH | /api/channels/249ed848-1159-449c-92ed-62dd057726af] - Request completed
25-05-20 14:47:53.975 [Test worker] DEBUG c.s.m.d.s.basic.BasicUserService     [ |  | ] - 사용자 생성 시작: UserCreateRequest[username=channeluser, email=channeluser@example.com, password=Password1!]
25-05-20 14:47:53.976 [Test worker] DEBUG org.hibernate.SQL                    [ |  | ] - 
    select
        u1_0.id 
    from
        users u1_0 
    where
        u1_0.email=? 
    fetch
        first ? rows only
25-05-20 14:47:53.977 [Test worker] TRACE org.hibernate.orm.jdbc.bind          [ |  | ] - binding parameter (1:VARCHAR) <- [channeluser@example.com]
25-05-20 14:47:53.977 [Test worker] TRACE org.hibernate.orm.jdbc.bind          [ |  | ] - binding parameter (2:INTEGER) <- [1]
25-05-20 14:47:53.978 [Test worker] DEBUG org.hibernate.SQL                    [ |  | ] - 
    select
        u1_0.id 
    from
        users u1_0 
    where
        u1_0.username=? 
    fetch
        first ? rows only
25-05-20 14:47:53.979 [Test worker] TRACE org.hibernate.orm.jdbc.bind          [ |  | ] - binding parameter (1:VARCHAR) <- [channeluser]
25-05-20 14:47:53.979 [Test worker] TRACE org.hibernate.orm.jdbc.bind          [ |  | ] - binding parameter (2:INTEGER) <- [1]
25-05-20 14:47:53.981 [Test worker] INFO  c.s.m.d.s.basic.BasicUserService     [ |  | ] - 사용자 생성 완료: id=b6213b7e-5042-475d-90d8-ba35460df13e, username=channeluser
25-05-20 14:47:53.981 [Test worker] DEBUG c.s.m.d.s.basic.BasicChannelService  [ |  | ] - 채널 생성 시작: PublicChannelCreateRequest[name=공개 채널 1, description=공개 채널 설명입니다.]
25-05-20 14:47:53.982 [Test worker] INFO  c.s.m.d.s.basic.BasicChannelService  [ |  | ] - 채널 생성 완료: id=c5a85c4d-4a0f-4941-aa4c-f327e609779d, name=공개 채널 1
25-05-20 14:47:53.986 [Test worker] DEBUG org.hibernate.SQL                    [ |  | ] - 
    select
        m1_0.created_at 
    from
        messages m1_0 
    where
        m1_0.channel_id=? 
    order by
        m1_0.created_at desc 
    fetch
        first 1 rows only
25-05-20 14:47:53.987 [Test worker] TRACE org.hibernate.orm.jdbc.bind          [ |  | ] - binding parameter (1:UUID) <- [c5a85c4d-4a0f-4941-aa4c-f327e609779d]
25-05-20 14:47:53.988 [Test worker] DEBUG c.s.m.d.s.basic.BasicUserService     [ |  | ] - 사용자 생성 시작: UserCreateRequest[username=otheruser, email=otheruser@example.com, password=Password1!]
25-05-20 14:47:53.989 [Test worker] DEBUG org.hibernate.SQL                    [ |  | ] - 
    insert 
    into
        users
        (created_at, email, password, profile_id, updated_at, username, id) 
    values
        (?, ?, ?, ?, ?, ?, ?)
25-05-20 14:47:53.990 [Test worker] TRACE org.hibernate.orm.jdbc.bind          [ |  | ] - binding parameter (1:TIMESTAMP_UTC) <- [2025-05-20T05:47:53.980299Z]
25-05-20 14:47:53.990 [Test worker] TRACE org.hibernate.orm.jdbc.bind          [ |  | ] - binding parameter (2:VARCHAR) <- [channeluser@example.com]
25-05-20 14:47:53.990 [Test worker] TRACE org.hibernate.orm.jdbc.bind          [ |  | ] - binding parameter (3:VARCHAR) <- [Password1!]
25-05-20 14:47:53.990 [Test worker] TRACE org.hibernate.orm.jdbc.bind          [ |  | ] - binding parameter (4:UUID) <- [null]
25-05-20 14:47:53.990 [Test worker] TRACE org.hibernate.orm.jdbc.bind          [ |  | ] - binding parameter (5:TIMESTAMP_UTC) <- [2025-05-20T05:47:53.980299Z]
25-05-20 14:47:53.990 [Test worker] TRACE org.hibernate.orm.jdbc.bind          [ |  | ] - binding parameter (6:VARCHAR) <- [channeluser]
25-05-20 14:47:53.990 [Test worker] TRACE org.hibernate.orm.jdbc.bind          [ |  | ] - binding parameter (7:UUID) <- [b6213b7e-5042-475d-90d8-ba35460df13e]
25-05-20 14:47:53.991 [Test worker] DEBUG org.hibernate.SQL                    [ |  | ] - 
    insert 
    into
        user_statuses
        (created_at, last_active_at, updated_at, user_id, id) 
    values
        (?, ?, ?, ?, ?)
25-05-20 14:47:53.991 [Test worker] TRACE org.hibernate.orm.jdbc.bind          [ |  | ] - binding parameter (1:TIMESTAMP_UTC) <- [2025-05-20T05:47:53.981076Z]
25-05-20 14:47:53.991 [Test worker] TRACE org.hibernate.orm.jdbc.bind          [ |  | ] - binding parameter (2:TIMESTAMP_UTC) <- [2025-05-20T05:47:53.979947Z]
25-05-20 14:47:53.991 [Test worker] TRACE org.hibernate.orm.jdbc.bind          [ |  | ] - binding parameter (3:TIMESTAMP_UTC) <- [2025-05-20T05:47:53.981076Z]
25-05-20 14:47:53.991 [Test worker] TRACE org.hibernate.orm.jdbc.bind          [ |  | ] - binding parameter (4:UUID) <- [b6213b7e-5042-475d-90d8-ba35460df13e]
25-05-20 14:47:53.991 [Test worker] TRACE org.hibernate.orm.jdbc.bind          [ |  | ] - binding parameter (5:UUID) <- [cfc173cf-2efd-459c-9c8a-33a00fb15db8]
25-05-20 14:47:53.992 [Test worker] DEBUG org.hibernate.SQL                    [ |  | ] - 
    insert 
    into
        channels
        (created_at, description, name, type, updated_at, id) 
    values
        (?, ?, ?, ?, ?, ?)
25-05-20 14:47:53.992 [Test worker] TRACE org.hibernate.orm.jdbc.bind          [ |  | ] - binding parameter (1:TIMESTAMP_UTC) <- [2025-05-20T05:47:53.981942Z]
25-05-20 14:47:53.992 [Test worker] TRACE org.hibernate.orm.jdbc.bind          [ |  | ] - binding parameter (2:VARCHAR) <- [공개 채널 설명입니다.]
25-05-20 14:47:53.992 [Test worker] TRACE org.hibernate.orm.jdbc.bind          [ |  | ] - binding parameter (3:VARCHAR) <- [공개 채널 1]
25-05-20 14:47:53.992 [Test worker] TRACE org.hibernate.orm.jdbc.bind          [ |  | ] - binding parameter (4:ENUM) <- [PUBLIC]
25-05-20 14:47:53.992 [Test worker] TRACE org.hibernate.orm.jdbc.bind          [ |  | ] - binding parameter (5:TIMESTAMP_UTC) <- [2025-05-20T05:47:53.981942Z]
25-05-20 14:47:53.992 [Test worker] TRACE org.hibernate.orm.jdbc.bind          [ |  | ] - binding parameter (6:UUID) <- [c5a85c4d-4a0f-4941-aa4c-f327e609779d]
25-05-20 14:47:53.993 [Test worker] DEBUG org.hibernate.SQL                    [ |  | ] - 
    select
        u1_0.id 
    from
        users u1_0 
    where
        u1_0.email=? 
    fetch
        first ? rows only
25-05-20 14:47:53.993 [Test worker] TRACE org.hibernate.orm.jdbc.bind          [ |  | ] - binding parameter (1:VARCHAR) <- [otheruser@example.com]
25-05-20 14:47:53.993 [Test worker] TRACE org.hibernate.orm.jdbc.bind          [ |  | ] - binding parameter (2:INTEGER) <- [1]
25-05-20 14:47:53.994 [Test worker] DEBUG org.hibernate.SQL                    [ |  | ] - 
    select
        u1_0.id 
    from
        users u1_0 
    where
        u1_0.username=? 
    fetch
        first ? rows only
25-05-20 14:47:53.995 [Test worker] TRACE org.hibernate.orm.jdbc.bind          [ |  | ] - binding parameter (1:VARCHAR) <- [otheruser]
25-05-20 14:47:53.995 [Test worker] TRACE org.hibernate.orm.jdbc.bind          [ |  | ] - binding parameter (2:INTEGER) <- [1]
25-05-20 14:47:53.996 [Test worker] INFO  c.s.m.d.s.basic.BasicUserService     [ |  | ] - 사용자 생성 완료: id=b5271655-a1e1-421c-9aea-ea5cb0ef70cd, username=otheruser
25-05-20 14:47:53.996 [Test worker] DEBUG c.s.m.d.s.basic.BasicChannelService  [ |  | ] - 채널 생성 시작: PrivateChannelCreateRequest[participantIds=[b6213b7e-5042-475d-90d8-ba35460df13e, b5271655-a1e1-421c-9aea-ea5cb0ef70cd]]
25-05-20 14:47:54.001 [Test worker] DEBUG org.hibernate.SQL                    [ |  | ] - 
    insert 
    into
        users
        (created_at, email, password, profile_id, updated_at, username, id) 
    values
        (?, ?, ?, ?, ?, ?, ?)
25-05-20 14:47:54.001 [Test worker] TRACE org.hibernate.orm.jdbc.bind          [ |  | ] - binding parameter (1:TIMESTAMP_UTC) <- [2025-05-20T05:47:53.995746Z]
25-05-20 14:47:54.001 [Test worker] TRACE org.hibernate.orm.jdbc.bind          [ |  | ] - binding parameter (2:VARCHAR) <- [otheruser@example.com]
25-05-20 14:47:54.001 [Test worker] TRACE org.hibernate.orm.jdbc.bind          [ |  | ] - binding parameter (3:VARCHAR) <- [Password1!]
25-05-20 14:47:54.001 [Test worker] TRACE org.hibernate.orm.jdbc.bind          [ |  | ] - binding parameter (4:UUID) <- [null]
25-05-20 14:47:54.001 [Test worker] TRACE org.hibernate.orm.jdbc.bind          [ |  | ] - binding parameter (5:TIMESTAMP_UTC) <- [2025-05-20T05:47:53.995746Z]
25-05-20 14:47:54.002 [Test worker] TRACE org.hibernate.orm.jdbc.bind          [ |  | ] - binding parameter (6:VARCHAR) <- [otheruser]
25-05-20 14:47:54.002 [Test worker] TRACE org.hibernate.orm.jdbc.bind          [ |  | ] - binding parameter (7:UUID) <- [b5271655-a1e1-421c-9aea-ea5cb0ef70cd]
25-05-20 14:47:54.002 [Test worker] DEBUG org.hibernate.SQL                    [ |  | ] - 
    insert 
    into
        user_statuses
        (created_at, last_active_at, updated_at, user_id, id) 
    values
        (?, ?, ?, ?, ?)
25-05-20 14:47:54.002 [Test worker] TRACE org.hibernate.orm.jdbc.bind          [ |  | ] - binding parameter (1:TIMESTAMP_UTC) <- [2025-05-20T05:47:53.996053Z]
25-05-20 14:47:54.002 [Test worker] TRACE org.hibernate.orm.jdbc.bind          [ |  | ] - binding parameter (2:TIMESTAMP_UTC) <- [2025-05-20T05:47:53.995456Z]
25-05-20 14:47:54.002 [Test worker] TRACE org.hibernate.orm.jdbc.bind          [ |  | ] - binding parameter (3:TIMESTAMP_UTC) <- [2025-05-20T05:47:53.996053Z]
25-05-20 14:47:54.003 [Test worker] TRACE org.hibernate.orm.jdbc.bind          [ |  | ] - binding parameter (4:UUID) <- [b5271655-a1e1-421c-9aea-ea5cb0ef70cd]
25-05-20 14:47:54.003 [Test worker] TRACE org.hibernate.orm.jdbc.bind          [ |  | ] - binding parameter (5:UUID) <- [f7e992b0-e47d-463c-b2b5-ea2b70286390]
25-05-20 14:47:54.003 [Test worker] DEBUG org.hibernate.SQL                    [ |  | ] - 
    insert 
    into
        channels
        (created_at, description, name, type, updated_at, id) 
    values
        (?, ?, ?, ?, ?, ?)
25-05-20 14:47:54.003 [Test worker] TRACE org.hibernate.orm.jdbc.bind          [ |  | ] - binding parameter (1:TIMESTAMP_UTC) <- [2025-05-20T05:47:53.997018Z]
25-05-20 14:47:54.003 [Test worker] TRACE org.hibernate.orm.jdbc.bind          [ |  | ] - binding parameter (2:VARCHAR) <- [null]
25-05-20 14:47:54.003 [Test worker] TRACE org.hibernate.orm.jdbc.bind          [ |  | ] - binding parameter (3:VARCHAR) <- [null]
25-05-20 14:47:54.003 [Test worker] TRACE org.hibernate.orm.jdbc.bind          [ |  | ] - binding parameter (4:ENUM) <- [PRIVATE]
25-05-20 14:47:54.003 [Test worker] TRACE org.hibernate.orm.jdbc.bind          [ |  | ] - binding parameter (5:TIMESTAMP_UTC) <- [2025-05-20T05:47:53.997018Z]
25-05-20 14:47:54.004 [Test worker] TRACE org.hibernate.orm.jdbc.bind          [ |  | ] - binding parameter (6:UUID) <- [a45052ce-e4a8-49c5-a6bf-926bbf46cf31]
25-05-20 14:47:54.004 [Test worker] DEBUG org.hibernate.SQL                    [ |  | ] - 
    select
        u1_0.id,
        u1_0.created_at,
        u1_0.email,
        u1_0.password,
        u1_0.profile_id,
        u1_0.updated_at,
        u1_0.username 
    from
        users u1_0 
    where
        u1_0.id in (?, ?)
25-05-20 14:47:54.004 [Test worker] TRACE org.hibernate.orm.jdbc.bind          [ |  | ] - binding parameter (1:UUID) <- [b6213b7e-5042-475d-90d8-ba35460df13e]
25-05-20 14:47:54.004 [Test worker] TRACE org.hibernate.orm.jdbc.bind          [ |  | ] - binding parameter (2:UUID) <- [b5271655-a1e1-421c-9aea-ea5cb0ef70cd]
25-05-20 14:47:54.006 [Test worker] INFO  c.s.m.d.s.basic.BasicChannelService  [ |  | ] - 채널 생성 완료: id=a45052ce-e4a8-49c5-a6bf-926bbf46cf31, name=null
25-05-20 14:47:54.007 [Test worker] DEBUG org.hibernate.SQL                    [ |  | ] - 
    insert 
    into
        read_statuses
        (channel_id, created_at, last_read_at, updated_at, user_id, id) 
    values
        (?, ?, ?, ?, ?, ?)
25-05-20 14:47:54.007 [Test worker] TRACE org.hibernate.orm.jdbc.bind          [ |  | ] - binding parameter (1:UUID) <- [a45052ce-e4a8-49c5-a6bf-926bbf46cf31]
25-05-20 14:47:54.007 [Test worker] TRACE org.hibernate.orm.jdbc.bind          [ |  | ] - binding parameter (2:TIMESTAMP_UTC) <- [2025-05-20T05:47:54.005775Z]
25-05-20 14:47:54.007 [Test worker] TRACE org.hibernate.orm.jdbc.bind          [ |  | ] - binding parameter (3:TIMESTAMP_UTC) <- [2025-05-20T05:47:53.997018Z]
25-05-20 14:47:54.008 [Test worker] TRACE org.hibernate.orm.jdbc.bind          [ |  | ] - binding parameter (4:TIMESTAMP_UTC) <- [2025-05-20T05:47:54.005775Z]
25-05-20 14:47:54.008 [Test worker] TRACE org.hibernate.orm.jdbc.bind          [ |  | ] - binding parameter (5:UUID) <- [b5271655-a1e1-421c-9aea-ea5cb0ef70cd]
25-05-20 14:47:54.008 [Test worker] TRACE org.hibernate.orm.jdbc.bind          [ |  | ] - binding parameter (6:UUID) <- [e0d04f0d-9ba6-4902-ad43-52d8d14bd0bc]
25-05-20 14:47:54.008 [Test worker] DEBUG org.hibernate.SQL                    [ |  | ] - 
    insert 
    into
        read_statuses
        (channel_id, created_at, last_read_at, updated_at, user_id, id) 
    values
        (?, ?, ?, ?, ?, ?)
25-05-20 14:47:54.008 [Test worker] TRACE org.hibernate.orm.jdbc.bind          [ |  | ] - binding parameter (1:UUID) <- [a45052ce-e4a8-49c5-a6bf-926bbf46cf31]
25-05-20 14:47:54.008 [Test worker] TRACE org.hibernate.orm.jdbc.bind          [ |  | ] - binding parameter (2:TIMESTAMP_UTC) <- [2025-05-20T05:47:54.006085Z]
25-05-20 14:47:54.009 [Test worker] TRACE org.hibernate.orm.jdbc.bind          [ |  | ] - binding parameter (3:TIMESTAMP_UTC) <- [2025-05-20T05:47:53.997018Z]
25-05-20 14:47:54.009 [Test worker] TRACE org.hibernate.orm.jdbc.bind          [ |  | ] - binding parameter (4:TIMESTAMP_UTC) <- [2025-05-20T05:47:54.006085Z]
25-05-20 14:47:54.009 [Test worker] TRACE org.hibernate.orm.jdbc.bind          [ |  | ] - binding parameter (5:UUID) <- [b6213b7e-5042-475d-90d8-ba35460df13e]
25-05-20 14:47:54.009 [Test worker] TRACE org.hibernate.orm.jdbc.bind          [ |  | ] - binding parameter (6:UUID) <- [34bd040e-962d-4420-b0ee-7850cacbf9e2]
25-05-20 14:47:54.009 [Test worker] DEBUG org.hibernate.SQL                    [ |  | ] - 
    select
        rs1_0.id,
        rs1_0.channel_id,
        rs1_0.created_at,
        rs1_0.last_read_at,
        rs1_0.updated_at,
        rs1_0.user_id,
        u1_0.id,
        u1_0.created_at,
        u1_0.email,
        u1_0.password,
        p1_0.id,
        p1_0.content_type,
        p1_0.created_at,
        p1_0.file_name,
        p1_0.size,
        s1_0.id,
        s1_0.created_at,
        s1_0.last_active_at,
        s1_0.updated_at,
        s1_0.user_id,
        u1_0.updated_at,
        u1_0.username 
    from
        read_statuses rs1_0 
    join
        users u1_0 
            on u1_0.id=rs1_0.user_id 
    join
        user_statuses s1_0 
            on u1_0.id=s1_0.user_id 
    left join
        binary_contents p1_0 
            on p1_0.id=u1_0.profile_id 
    where
        rs1_0.channel_id=?
25-05-20 14:47:54.010 [Test worker] TRACE org.hibernate.orm.jdbc.bind          [ |  | ] - binding parameter (1:UUID) <- [a45052ce-e4a8-49c5-a6bf-926bbf46cf31]
25-05-20 14:47:54.012 [Test worker] DEBUG org.hibernate.SQL                    [ |  | ] - 
    select
        m1_0.created_at 
    from
        messages m1_0 
    where
        m1_0.channel_id=? 
    order by
        m1_0.created_at desc 
    fetch
        first 1 rows only
25-05-20 14:47:54.013 [Test worker] TRACE org.hibernate.orm.jdbc.bind          [ |  | ] - binding parameter (1:UUID) <- [a45052ce-e4a8-49c5-a6bf-926bbf46cf31]
25-05-20 14:47:54.014 [Test worker] DEBUG c.s.m.d.config.MDCLoggingInterceptor [c65f088f130e4cde928d80dd02318a0b | GET | /api/channels] - Request started
25-05-20 14:47:54.014 [Test worker] INFO  c.s.m.d.controller.ChannelController [c65f088f130e4cde928d80dd02318a0b | GET | /api/channels] - 사용자별 채널 목록 조회 요청: userId=b6213b7e-5042-475d-90d8-ba35460df13e
25-05-20 14:47:54.016 [Test worker] DEBUG org.hibernate.SQL                    [c65f088f130e4cde928d80dd02318a0b | GET | /api/channels] - 
    select
        rs1_0.id,
        rs1_0.channel_id,
        rs1_0.created_at,
        rs1_0.last_read_at,
        rs1_0.updated_at,
        rs1_0.user_id 
    from
        read_statuses rs1_0 
    where
        rs1_0.user_id=?
25-05-20 14:47:54.017 [Test worker] TRACE org.hibernate.orm.jdbc.bind          [c65f088f130e4cde928d80dd02318a0b | GET | /api/channels] - binding parameter (1:UUID) <- [b6213b7e-5042-475d-90d8-ba35460df13e]
25-05-20 14:47:54.018 [Test worker] DEBUG org.hibernate.SQL                    [c65f088f130e4cde928d80dd02318a0b | GET | /api/channels] - 
    select
        c1_0.id,
        c1_0.created_at,
        c1_0.description,
        c1_0.name,
        c1_0.type,
        c1_0.updated_at 
    from
        channels c1_0 
    where
        c1_0.type=? 
        or c1_0.id in (?)
25-05-20 14:47:54.019 [Test worker] TRACE org.hibernate.orm.jdbc.bind          [c65f088f130e4cde928d80dd02318a0b | GET | /api/channels] - binding parameter (1:ENUM) <- [PUBLIC]
25-05-20 14:47:54.019 [Test worker] TRACE org.hibernate.orm.jdbc.bind          [c65f088f130e4cde928d80dd02318a0b | GET | /api/channels] - binding parameter (2:UUID) <- [a45052ce-e4a8-49c5-a6bf-926bbf46cf31]
25-05-20 14:47:54.022 [Test worker] DEBUG org.hibernate.SQL                    [c65f088f130e4cde928d80dd02318a0b | GET | /api/channels] - 
    select
        m1_0.created_at 
    from
        messages m1_0 
    where
        m1_0.channel_id=? 
    order by
        m1_0.created_at desc 
    fetch
        first 1 rows only
25-05-20 14:47:54.022 [Test worker] TRACE org.hibernate.orm.jdbc.bind          [c65f088f130e4cde928d80dd02318a0b | GET | /api/channels] - binding parameter (1:UUID) <- [c5a85c4d-4a0f-4941-aa4c-f327e609779d]
25-05-20 14:47:54.023 [Test worker] DEBUG org.hibernate.SQL                    [c65f088f130e4cde928d80dd02318a0b | GET | /api/channels] - 
    select
        rs1_0.id,
        rs1_0.channel_id,
        rs1_0.created_at,
        rs1_0.last_read_at,
        rs1_0.updated_at,
        rs1_0.user_id,
        u1_0.id,
        u1_0.created_at,
        u1_0.email,
        u1_0.password,
        p1_0.id,
        p1_0.content_type,
        p1_0.created_at,
        p1_0.file_name,
        p1_0.size,
        s1_0.id,
        s1_0.created_at,
        s1_0.last_active_at,
        s1_0.updated_at,
        s1_0.user_id,
        u1_0.updated_at,
        u1_0.username 
    from
        read_statuses rs1_0 
    join
        users u1_0 
            on u1_0.id=rs1_0.user_id 
    join
        user_statuses s1_0 
            on u1_0.id=s1_0.user_id 
    left join
        binary_contents p1_0 
            on p1_0.id=u1_0.profile_id 
    where
        rs1_0.channel_id=?
25-05-20 14:47:54.024 [Test worker] TRACE org.hibernate.orm.jdbc.bind          [c65f088f130e4cde928d80dd02318a0b | GET | /api/channels] - binding parameter (1:UUID) <- [a45052ce-e4a8-49c5-a6bf-926bbf46cf31]
25-05-20 14:47:54.025 [Test worker] DEBUG org.hibernate.SQL                    [c65f088f130e4cde928d80dd02318a0b | GET | /api/channels] - 
    select
        m1_0.created_at 
    from
        messages m1_0 
    where
        m1_0.channel_id=? 
    order by
        m1_0.created_at desc 
    fetch
        first 1 rows only
25-05-20 14:47:54.026 [Test worker] TRACE org.hibernate.orm.jdbc.bind          [c65f088f130e4cde928d80dd02318a0b | GET | /api/channels] - binding parameter (1:UUID) <- [a45052ce-e4a8-49c5-a6bf-926bbf46cf31]
25-05-20 14:47:54.026 [Test worker] DEBUG c.s.m.d.controller.ChannelController [c65f088f130e4cde928d80dd02318a0b | GET | /api/channels] - 사용자별 채널 목록 조회 응답: count=2
25-05-20 14:47:54.028 [Test worker] DEBUG c.s.m.d.config.MDCLoggingInterceptor [c65f088f130e4cde928d80dd02318a0b | GET | /api/channels] - Request completed
25-05-20 14:47:54.041 [Test worker] DEBUG c.s.m.d.config.MDCLoggingInterceptor [40e569a338c04ead9b8e7b69944b3a44 | POST | /api/channels/public] - Request started
25-05-20 14:47:54.042 [Test worker] INFO  c.s.m.d.controller.ChannelController [40e569a338c04ead9b8e7b69944b3a44 | POST | /api/channels/public] - 공개 채널 생성 요청: PublicChannelCreateRequest[name=테스트 채널, description=테스트 채널 설명입니다.]
25-05-20 14:47:54.042 [Test worker] DEBUG c.s.m.d.s.basic.BasicChannelService  [40e569a338c04ead9b8e7b69944b3a44 | POST | /api/channels/public] - 채널 생성 시작: PublicChannelCreateRequest[name=테스트 채널, description=테스트 채널 설명입니다.]
25-05-20 14:47:54.044 [Test worker] INFO  c.s.m.d.s.basic.BasicChannelService  [40e569a338c04ead9b8e7b69944b3a44 | POST | /api/channels/public] - 채널 생성 완료: id=4feb0baa-c58a-4e35-8477-c3a9420d9df2, name=테스트 채널
25-05-20 14:47:54.044 [Test worker] DEBUG org.hibernate.SQL                    [40e569a338c04ead9b8e7b69944b3a44 | POST | /api/channels/public] - 
    select
        m1_0.created_at 
    from
        messages m1_0 
    where
        m1_0.channel_id=? 
    order by
        m1_0.created_at desc 
    fetch
        first 1 rows only
25-05-20 14:47:54.045 [Test worker] TRACE org.hibernate.orm.jdbc.bind          [40e569a338c04ead9b8e7b69944b3a44 | POST | /api/channels/public] - binding parameter (1:UUID) <- [4feb0baa-c58a-4e35-8477-c3a9420d9df2]
25-05-20 14:47:54.045 [Test worker] DEBUG c.s.m.d.controller.ChannelController [40e569a338c04ead9b8e7b69944b3a44 | POST | /api/channels/public] - 공개 채널 생성 응답: ChannelDto[id=4feb0baa-c58a-4e35-8477-c3a9420d9df2, type=PUBLIC, name=테스트 채널, description=테스트 채널 설명입니다., participants=[], lastMessageAt=-1000000000-01-01T00:00:00Z]
25-05-20 14:47:54.046 [Test worker] DEBUG c.s.m.d.config.MDCLoggingInterceptor [40e569a338c04ead9b8e7b69944b3a44 | POST | /api/channels/public] - Request completed
25-05-20 14:47:54.055 [Test worker] INFO  o.s.t.c.s.AnnotationConfigContextLoaderUtils [ |  | ] - Could not detect default configuration classes for test class [com.sprint.mission.discodeit.integration.MessageApiIntegrationTest]: MessageApiIntegrationTest does not declare any static, non-private, non-final, nested classes annotated with @Configuration.
25-05-20 14:47:54.057 [Test worker] INFO  o.s.b.t.c.SpringBootTestContextBootstrapper [ |  | ] - Found @SpringBootConfiguration com.sprint.mission.discodeit.DiscodeitApplication for test class com.sprint.mission.discodeit.integration.MessageApiIntegrationTest
25-05-20 14:47:54.062 [Test worker] DEBUG c.s.m.d.s.basic.BasicChannelService  [ |  | ] - 채널 생성 시작: PublicChannelCreateRequest[name=테스트 채널, description=테스트 채널 설명입니다.]
25-05-20 14:47:54.063 [Test worker] INFO  c.s.m.d.s.basic.BasicChannelService  [ |  | ] - 채널 생성 완료: id=a914511a-6c7a-4dc9-8b7f-c2f257c0a101, name=테스트 채널
25-05-20 14:47:54.064 [Test worker] DEBUG org.hibernate.SQL                    [ |  | ] - 
    select
        m1_0.created_at 
    from
        messages m1_0 
    where
        m1_0.channel_id=? 
    order by
        m1_0.created_at desc 
    fetch
        first 1 rows only
25-05-20 14:47:54.065 [Test worker] TRACE org.hibernate.orm.jdbc.bind          [ |  | ] - binding parameter (1:UUID) <- [a914511a-6c7a-4dc9-8b7f-c2f257c0a101]
25-05-20 14:47:54.066 [Test worker] DEBUG c.s.m.d.s.basic.BasicUserService     [ |  | ] - 사용자 생성 시작: UserCreateRequest[username=messageuser, email=messageuser@example.com, password=Password1!]
25-05-20 14:47:54.068 [Test worker] DEBUG org.hibernate.SQL                    [ |  | ] - 
    select
        u1_0.id 
    from
        users u1_0 
    where
        u1_0.email=? 
    fetch
        first ? rows only
25-05-20 14:47:54.068 [Test worker] TRACE org.hibernate.orm.jdbc.bind          [ |  | ] - binding parameter (1:VARCHAR) <- [messageuser@example.com]
25-05-20 14:47:54.069 [Test worker] TRACE org.hibernate.orm.jdbc.bind          [ |  | ] - binding parameter (2:INTEGER) <- [1]
25-05-20 14:47:54.070 [Test worker] DEBUG org.hibernate.SQL                    [ |  | ] - 
    select
        u1_0.id 
    from
        users u1_0 
    where
        u1_0.username=? 
    fetch
        first ? rows only
25-05-20 14:47:54.071 [Test worker] TRACE org.hibernate.orm.jdbc.bind          [ |  | ] - binding parameter (1:VARCHAR) <- [messageuser]
25-05-20 14:47:54.071 [Test worker] TRACE org.hibernate.orm.jdbc.bind          [ |  | ] - binding parameter (2:INTEGER) <- [1]
25-05-20 14:47:54.072 [Test worker] INFO  c.s.m.d.s.basic.BasicUserService     [ |  | ] - 사용자 생성 완료: id=a5748de6-b3d5-4806-957a-e63c809c57e8, username=messageuser
25-05-20 14:47:54.072 [Test worker] DEBUG c.s.m.d.s.basic.BasicMessageService  [ |  | ] - 메시지 생성 시작: request=MessageCreateRequest[content=삭제할 메시지 내용입니다., channelId=a914511a-6c7a-4dc9-8b7f-c2f257c0a101, authorId=a5748de6-b3d5-4806-957a-e63c809c57e8]
25-05-20 14:47:54.073 [Test worker] INFO  c.s.m.d.s.basic.BasicMessageService  [ |  | ] - 메시지 생성 완료: id=e707b385-2616-4f52-b186-e971f425a236, channelId=a914511a-6c7a-4dc9-8b7f-c2f257c0a101
25-05-20 14:47:54.074 [Test worker] DEBUG c.s.m.d.config.MDCLoggingInterceptor [fda24d1195844030a7511a77a0a74615 | DELETE | /api/messages/e707b385-2616-4f52-b186-e971f425a236] - Request started
25-05-20 14:47:54.075 [Test worker] INFO  c.s.m.d.controller.MessageController [fda24d1195844030a7511a77a0a74615 | DELETE | /api/messages/e707b385-2616-4f52-b186-e971f425a236] - 메시지 삭제 요청: id=e707b385-2616-4f52-b186-e971f425a236
25-05-20 14:47:54.075 [Test worker] DEBUG c.s.m.d.s.basic.BasicMessageService  [fda24d1195844030a7511a77a0a74615 | DELETE | /api/messages/e707b385-2616-4f52-b186-e971f425a236] - 메시지 삭제 시작: id=e707b385-2616-4f52-b186-e971f425a236
25-05-20 14:47:54.077 [Test worker] DEBUG org.hibernate.SQL                    [fda24d1195844030a7511a77a0a74615 | DELETE | /api/messages/e707b385-2616-4f52-b186-e971f425a236] - 
    insert 
    into
        channels
        (created_at, description, name, type, updated_at, id) 
    values
        (?, ?, ?, ?, ?, ?)
25-05-20 14:47:54.078 [Test worker] TRACE org.hibernate.orm.jdbc.bind          [fda24d1195844030a7511a77a0a74615 | DELETE | /api/messages/e707b385-2616-4f52-b186-e971f425a236] - binding parameter (1:TIMESTAMP_UTC) <- [2025-05-20T05:47:54.063349Z]
25-05-20 14:47:54.078 [Test worker] TRACE org.hibernate.orm.jdbc.bind          [fda24d1195844030a7511a77a0a74615 | DELETE | /api/messages/e707b385-2616-4f52-b186-e971f425a236] - binding parameter (2:VARCHAR) <- [테스트 채널 설명입니다.]
25-05-20 14:47:54.078 [Test worker] TRACE org.hibernate.orm.jdbc.bind          [fda24d1195844030a7511a77a0a74615 | DELETE | /api/messages/e707b385-2616-4f52-b186-e971f425a236] - binding parameter (3:VARCHAR) <- [테스트 채널]
25-05-20 14:47:54.078 [Test worker] TRACE org.hibernate.orm.jdbc.bind          [fda24d1195844030a7511a77a0a74615 | DELETE | /api/messages/e707b385-2616-4f52-b186-e971f425a236] - binding parameter (4:ENUM) <- [PUBLIC]
25-05-20 14:47:54.078 [Test worker] TRACE org.hibernate.orm.jdbc.bind          [fda24d1195844030a7511a77a0a74615 | DELETE | /api/messages/e707b385-2616-4f52-b186-e971f425a236] - binding parameter (5:TIMESTAMP_UTC) <- [2025-05-20T05:47:54.063349Z]
25-05-20 14:47:54.078 [Test worker] TRACE org.hibernate.orm.jdbc.bind          [fda24d1195844030a7511a77a0a74615 | DELETE | /api/messages/e707b385-2616-4f52-b186-e971f425a236] - binding parameter (6:UUID) <- [a914511a-6c7a-4dc9-8b7f-c2f257c0a101]
25-05-20 14:47:54.078 [Test worker] DEBUG org.hibernate.SQL                    [fda24d1195844030a7511a77a0a74615 | DELETE | /api/messages/e707b385-2616-4f52-b186-e971f425a236] - 
    insert 
    into
        users
        (created_at, email, password, profile_id, updated_at, username, id) 
    values
        (?, ?, ?, ?, ?, ?, ?)
25-05-20 14:47:54.079 [Test worker] TRACE org.hibernate.orm.jdbc.bind          [fda24d1195844030a7511a77a0a74615 | DELETE | /api/messages/e707b385-2616-4f52-b186-e971f425a236] - binding parameter (1:TIMESTAMP_UTC) <- [2025-05-20T05:47:54.071916Z]
25-05-20 14:47:54.079 [Test worker] TRACE org.hibernate.orm.jdbc.bind          [fda24d1195844030a7511a77a0a74615 | DELETE | /api/messages/e707b385-2616-4f52-b186-e971f425a236] - binding parameter (2:VARCHAR) <- [messageuser@example.com]
25-05-20 14:47:54.079 [Test worker] TRACE org.hibernate.orm.jdbc.bind          [fda24d1195844030a7511a77a0a74615 | DELETE | /api/messages/e707b385-2616-4f52-b186-e971f425a236] - binding parameter (3:VARCHAR) <- [Password1!]
25-05-20 14:47:54.079 [Test worker] TRACE org.hibernate.orm.jdbc.bind          [fda24d1195844030a7511a77a0a74615 | DELETE | /api/messages/e707b385-2616-4f52-b186-e971f425a236] - binding parameter (4:UUID) <- [null]
25-05-20 14:47:54.079 [Test worker] TRACE org.hibernate.orm.jdbc.bind          [fda24d1195844030a7511a77a0a74615 | DELETE | /api/messages/e707b385-2616-4f52-b186-e971f425a236] - binding parameter (5:TIMESTAMP_UTC) <- [2025-05-20T05:47:54.071916Z]
25-05-20 14:47:54.079 [Test worker] TRACE org.hibernate.orm.jdbc.bind          [fda24d1195844030a7511a77a0a74615 | DELETE | /api/messages/e707b385-2616-4f52-b186-e971f425a236] - binding parameter (6:VARCHAR) <- [messageuser]
25-05-20 14:47:54.079 [Test worker] TRACE org.hibernate.orm.jdbc.bind          [fda24d1195844030a7511a77a0a74615 | DELETE | /api/messages/e707b385-2616-4f52-b186-e971f425a236] - binding parameter (7:UUID) <- [a5748de6-b3d5-4806-957a-e63c809c57e8]
25-05-20 14:47:54.080 [Test worker] DEBUG org.hibernate.SQL                    [fda24d1195844030a7511a77a0a74615 | DELETE | /api/messages/e707b385-2616-4f52-b186-e971f425a236] - 
    insert 
    into
        user_statuses
        (created_at, last_active_at, updated_at, user_id, id) 
    values
        (?, ?, ?, ?, ?)
25-05-20 14:47:54.080 [Test worker] TRACE org.hibernate.orm.jdbc.bind          [fda24d1195844030a7511a77a0a74615 | DELETE | /api/messages/e707b385-2616-4f52-b186-e971f425a236] - binding parameter (1:TIMESTAMP_UTC) <- [2025-05-20T05:47:54.072220Z]
25-05-20 14:47:54.080 [Test worker] TRACE org.hibernate.orm.jdbc.bind          [fda24d1195844030a7511a77a0a74615 | DELETE | /api/messages/e707b385-2616-4f52-b186-e971f425a236] - binding parameter (2:TIMESTAMP_UTC) <- [2025-05-20T05:47:54.071687Z]
25-05-20 14:47:54.080 [Test worker] TRACE org.hibernate.orm.jdbc.bind          [fda24d1195844030a7511a77a0a74615 | DELETE | /api/messages/e707b385-2616-4f52-b186-e971f425a236] - binding parameter (3:TIMESTAMP_UTC) <- [2025-05-20T05:47:54.072220Z]
25-05-20 14:47:54.080 [Test worker] TRACE org.hibernate.orm.jdbc.bind          [fda24d1195844030a7511a77a0a74615 | DELETE | /api/messages/e707b385-2616-4f52-b186-e971f425a236] - binding parameter (4:UUID) <- [a5748de6-b3d5-4806-957a-e63c809c57e8]
25-05-20 14:47:54.080 [Test worker] TRACE org.hibernate.orm.jdbc.bind          [fda24d1195844030a7511a77a0a74615 | DELETE | /api/messages/e707b385-2616-4f52-b186-e971f425a236] - binding parameter (5:UUID) <- [426f7c00-2b79-43c4-99c6-2d198cf482cc]
25-05-20 14:47:54.081 [Test worker] DEBUG org.hibernate.SQL                    [fda24d1195844030a7511a77a0a74615 | DELETE | /api/messages/e707b385-2616-4f52-b186-e971f425a236] - 
    insert 
    into
        messages
        (author_id, channel_id, content, created_at, updated_at, id) 
    values
        (?, ?, ?, ?, ?, ?)
25-05-20 14:47:54.081 [Test worker] TRACE org.hibernate.orm.jdbc.bind          [fda24d1195844030a7511a77a0a74615 | DELETE | /api/messages/e707b385-2616-4f52-b186-e971f425a236] - binding parameter (1:UUID) <- [a5748de6-b3d5-4806-957a-e63c809c57e8]
25-05-20 14:47:54.081 [Test worker] TRACE org.hibernate.orm.jdbc.bind          [fda24d1195844030a7511a77a0a74615 | DELETE | /api/messages/e707b385-2616-4f52-b186-e971f425a236] - binding parameter (2:UUID) <- [a914511a-6c7a-4dc9-8b7f-c2f257c0a101]
25-05-20 14:47:54.081 [Test worker] TRACE org.hibernate.orm.jdbc.bind          [fda24d1195844030a7511a77a0a74615 | DELETE | /api/messages/e707b385-2616-4f52-b186-e971f425a236] - binding parameter (3:VARCHAR) <- [삭제할 메시지 내용입니다.]
25-05-20 14:47:54.081 [Test worker] TRACE org.hibernate.orm.jdbc.bind          [fda24d1195844030a7511a77a0a74615 | DELETE | /api/messages/e707b385-2616-4f52-b186-e971f425a236] - binding parameter (4:TIMESTAMP_UTC) <- [2025-05-20T05:47:54.073518Z]
25-05-20 14:47:54.081 [Test worker] TRACE org.hibernate.orm.jdbc.bind          [fda24d1195844030a7511a77a0a74615 | DELETE | /api/messages/e707b385-2616-4f52-b186-e971f425a236] - binding parameter (5:TIMESTAMP_UTC) <- [2025-05-20T05:47:54.073518Z]
25-05-20 14:47:54.081 [Test worker] TRACE org.hibernate.orm.jdbc.bind          [fda24d1195844030a7511a77a0a74615 | DELETE | /api/messages/e707b385-2616-4f52-b186-e971f425a236] - binding parameter (6:UUID) <- [e707b385-2616-4f52-b186-e971f425a236]
25-05-20 14:47:54.082 [Test worker] DEBUG org.hibernate.SQL                    [fda24d1195844030a7511a77a0a74615 | DELETE | /api/messages/e707b385-2616-4f52-b186-e971f425a236] - 
    select
        count(*) 
    from
        messages m1_0 
    where
        m1_0.id=?
25-05-20 14:47:54.082 [Test worker] TRACE org.hibernate.orm.jdbc.bind          [fda24d1195844030a7511a77a0a74615 | DELETE | /api/messages/e707b385-2616-4f52-b186-e971f425a236] - binding parameter (1:UUID) <- [e707b385-2616-4f52-b186-e971f425a236]
25-05-20 14:47:54.084 [Test worker] INFO  c.s.m.d.s.basic.BasicMessageService  [fda24d1195844030a7511a77a0a74615 | DELETE | /api/messages/e707b385-2616-4f52-b186-e971f425a236] - 메시지 삭제 완료: id=e707b385-2616-4f52-b186-e971f425a236
25-05-20 14:47:54.084 [Test worker] DEBUG c.s.m.d.controller.MessageController [fda24d1195844030a7511a77a0a74615 | DELETE | /api/messages/e707b385-2616-4f52-b186-e971f425a236] - 메시지 삭제 완료
25-05-20 14:47:54.084 [Test worker] DEBUG c.s.m.d.config.MDCLoggingInterceptor [fda24d1195844030a7511a77a0a74615 | DELETE | /api/messages/e707b385-2616-4f52-b186-e971f425a236] - Request completed
25-05-20 14:47:54.086 [Test worker] DEBUG c.s.m.d.config.MDCLoggingInterceptor [bb57ea06ac8d4432bf46b080a0c5cde7 | GET | /api/messages] - Request started
25-05-20 14:47:54.088 [Test worker] INFO  c.s.m.d.controller.MessageController [bb57ea06ac8d4432bf46b080a0c5cde7 | GET | /api/messages] - 채널별 메시지 목록 조회 요청: channelId=a914511a-6c7a-4dc9-8b7f-c2f257c0a101, cursor=null, pageable=Page request [number: 0, size 50, sort: createdAt: DESC]
25-05-20 14:47:54.106 [Test worker] DEBUG org.hibernate.SQL                    [bb57ea06ac8d4432bf46b080a0c5cde7 | GET | /api/messages] - 
    delete 
    from
        messages 
    where
        id=?
25-05-20 14:47:54.106 [Test worker] TRACE org.hibernate.orm.jdbc.bind          [bb57ea06ac8d4432bf46b080a0c5cde7 | GET | /api/messages] - binding parameter (1:UUID) <- [e707b385-2616-4f52-b186-e971f425a236]
25-05-20 14:47:54.107 [Test worker] DEBUG org.hibernate.SQL                    [bb57ea06ac8d4432bf46b080a0c5cde7 | GET | /api/messages] - 
    select
        m1_0.id,
        a1_0.id,
        a1_0.created_at,
        a1_0.email,
        a1_0.password,
        p1_0.id,
        p1_0.content_type,
        p1_0.created_at,
        p1_0.file_name,
        p1_0.size,
        s1_0.id,
        s1_0.created_at,
        s1_0.last_active_at,
        s1_0.updated_at,
        s1_0.user_id,
        a1_0.updated_at,
        a1_0.username,
        m1_0.channel_id,
        m1_0.content,
        m1_0.created_at,
        m1_0.updated_at 
    from
        messages m1_0 
    left join
        users a1_0 
            on a1_0.id=m1_0.author_id 
    join
        user_statuses s1_0 
            on a1_0.id=s1_0.user_id 
    left join
        binary_contents p1_0 
            on p1_0.id=a1_0.profile_id 
    where
        m1_0.channel_id=? 
        and m1_0.created_at<? 
    order by
        m1_0.created_at desc 
    fetch
        first ? rows only
25-05-20 14:47:54.108 [Test worker] TRACE org.hibernate.orm.jdbc.bind          [bb57ea06ac8d4432bf46b080a0c5cde7 | GET | /api/messages] - binding parameter (1:UUID) <- [a914511a-6c7a-4dc9-8b7f-c2f257c0a101]
25-05-20 14:47:54.109 [Test worker] TRACE org.hibernate.orm.jdbc.bind          [bb57ea06ac8d4432bf46b080a0c5cde7 | GET | /api/messages] - binding parameter (2:TIMESTAMP_UTC) <- [2025-05-20T05:47:54.088667Z]
25-05-20 14:47:54.109 [Test worker] TRACE org.hibernate.orm.jdbc.bind          [bb57ea06ac8d4432bf46b080a0c5cde7 | GET | /api/messages] - binding parameter (3:INTEGER) <- [51]
25-05-20 14:47:54.111 [Test worker] DEBUG c.s.m.d.controller.MessageController [bb57ea06ac8d4432bf46b080a0c5cde7 | GET | /api/messages] - 채널별 메시지 목록 조회 응답: totalElements=null
25-05-20 14:47:54.116 [Test worker] DEBUG c.s.m.d.config.MDCLoggingInterceptor [bb57ea06ac8d4432bf46b080a0c5cde7 | GET | /api/messages] - Request completed
25-05-20 14:47:54.127 [Test worker] DEBUG c.s.m.d.s.basic.BasicChannelService  [ |  | ] - 채널 생성 시작: PublicChannelCreateRequest[name=테스트 채널, description=테스트 채널 설명입니다.]
25-05-20 14:47:54.127 [Test worker] INFO  c.s.m.d.s.basic.BasicChannelService  [ |  | ] - 채널 생성 완료: id=d71861f9-ce59-4913-87ba-d7ec22d3eea6, name=테스트 채널
25-05-20 14:47:54.128 [Test worker] DEBUG org.hibernate.SQL                    [ |  | ] - 
    select
        m1_0.created_at 
    from
        messages m1_0 
    where
        m1_0.channel_id=? 
    order by
        m1_0.created_at desc 
    fetch
        first 1 rows only
25-05-20 14:47:54.129 [Test worker] TRACE org.hibernate.orm.jdbc.bind          [ |  | ] - binding parameter (1:UUID) <- [d71861f9-ce59-4913-87ba-d7ec22d3eea6]
25-05-20 14:47:54.129 [Test worker] DEBUG c.s.m.d.s.basic.BasicUserService     [ |  | ] - 사용자 생성 시작: UserCreateRequest[username=messageuser, email=messageuser@example.com, password=Password1!]
25-05-20 14:47:54.131 [Test worker] DEBUG org.hibernate.SQL                    [ |  | ] - 
    select
        u1_0.id 
    from
        users u1_0 
    where
        u1_0.email=? 
    fetch
        first ? rows only
25-05-20 14:47:54.132 [Test worker] TRACE org.hibernate.orm.jdbc.bind          [ |  | ] - binding parameter (1:VARCHAR) <- [messageuser@example.com]
25-05-20 14:47:54.132 [Test worker] TRACE org.hibernate.orm.jdbc.bind          [ |  | ] - binding parameter (2:INTEGER) <- [1]
25-05-20 14:47:54.134 [Test worker] DEBUG org.hibernate.SQL                    [ |  | ] - 
    select
        u1_0.id 
    from
        users u1_0 
    where
        u1_0.username=? 
    fetch
        first ? rows only
25-05-20 14:47:54.135 [Test worker] TRACE org.hibernate.orm.jdbc.bind          [ |  | ] - binding parameter (1:VARCHAR) <- [messageuser]
25-05-20 14:47:54.135 [Test worker] TRACE org.hibernate.orm.jdbc.bind          [ |  | ] - binding parameter (2:INTEGER) <- [1]
25-05-20 14:47:54.136 [Test worker] INFO  c.s.m.d.s.basic.BasicUserService     [ |  | ] - 사용자 생성 완료: id=b9e0820c-851b-4b3e-b75c-7380e4f3aac6, username=messageuser
25-05-20 14:47:54.139 [Test worker] DEBUG c.s.m.d.config.MDCLoggingInterceptor [51501d362fbb4ef79bc84df3a2ecc9a4 | POST | /api/messages] - Request started
25-05-20 14:47:54.143 [Test worker] INFO  c.s.m.d.controller.MessageController [51501d362fbb4ef79bc84df3a2ecc9a4 | POST | /api/messages] - 메시지 생성 요청: request=MessageCreateRequest[content=테스트 메시지 내용입니다., channelId=d71861f9-ce59-4913-87ba-d7ec22d3eea6, authorId=b9e0820c-851b-4b3e-b75c-7380e4f3aac6], attachmentCount=1
25-05-20 14:47:54.143 [Test worker] DEBUG c.s.m.d.s.basic.BasicMessageService  [51501d362fbb4ef79bc84df3a2ecc9a4 | POST | /api/messages] - 메시지 생성 시작: request=MessageCreateRequest[content=테스트 메시지 내용입니다., channelId=d71861f9-ce59-4913-87ba-d7ec22d3eea6, authorId=b9e0820c-851b-4b3e-b75c-7380e4f3aac6]
25-05-20 14:47:54.146 [Test worker] INFO  c.s.m.d.s.basic.BasicMessageService  [51501d362fbb4ef79bc84df3a2ecc9a4 | POST | /api/messages] - 메시지 생성 완료: id=5bfec154-69e6-4f97-8387-3755e16e75c3, channelId=d71861f9-ce59-4913-87ba-d7ec22d3eea6
25-05-20 14:47:54.146 [Test worker] DEBUG c.s.m.d.controller.MessageController [51501d362fbb4ef79bc84df3a2ecc9a4 | POST | /api/messages] - 메시지 생성 응답: MessageDto[id=5bfec154-69e6-4f97-8387-3755e16e75c3, createdAt=2025-05-20T05:47:54.145693Z, updatedAt=2025-05-20T05:47:54.145693Z, content=테스트 메시지 내용입니다., channelId=d71861f9-ce59-4913-87ba-d7ec22d3eea6, author=UserDto[id=b9e0820c-851b-4b3e-b75c-7380e4f3aac6, username=messageuser, email=messageuser@example.com, profile=null, online=true], attachments=[BinaryContentDto[id=d2c9ccf9-09e8-4dc5-9227-a488d2592e18, fileName=test.txt, size=30, contentType=text/plain]]]
25-05-20 14:47:54.150 [Test worker] DEBUG c.s.m.d.config.MDCLoggingInterceptor [51501d362fbb4ef79bc84df3a2ecc9a4 | POST | /api/messages] - Request completed
25-05-20 14:47:54.163 [Test worker] DEBUG c.s.m.d.config.MDCLoggingInterceptor [c674aa92f0a747a09f190ac436eab741 | DELETE | /api/messages/dd22b512-2db2-45c0-815c-e86ed51a53bf] - Request started
25-05-20 14:47:54.163 [Test worker] INFO  c.s.m.d.controller.MessageController [c674aa92f0a747a09f190ac436eab741 | DELETE | /api/messages/dd22b512-2db2-45c0-815c-e86ed51a53bf] - 메시지 삭제 요청: id=dd22b512-2db2-45c0-815c-e86ed51a53bf
25-05-20 14:47:54.164 [Test worker] DEBUG c.s.m.d.s.basic.BasicMessageService  [c674aa92f0a747a09f190ac436eab741 | DELETE | /api/messages/dd22b512-2db2-45c0-815c-e86ed51a53bf] - 메시지 삭제 시작: id=dd22b512-2db2-45c0-815c-e86ed51a53bf
25-05-20 14:47:54.165 [Test worker] DEBUG org.hibernate.SQL                    [c674aa92f0a747a09f190ac436eab741 | DELETE | /api/messages/dd22b512-2db2-45c0-815c-e86ed51a53bf] - 
    select
        count(*) 
    from
        messages m1_0 
    where
        m1_0.id=?
25-05-20 14:47:54.166 [Test worker] TRACE org.hibernate.orm.jdbc.bind          [c674aa92f0a747a09f190ac436eab741 | DELETE | /api/messages/dd22b512-2db2-45c0-815c-e86ed51a53bf] - binding parameter (1:UUID) <- [dd22b512-2db2-45c0-815c-e86ed51a53bf]
25-05-20 14:47:54.167 [Test worker] ERROR c.s.m.d.e.GlobalExceptionHandler     [c674aa92f0a747a09f190ac436eab741 | DELETE | /api/messages/dd22b512-2db2-45c0-815c-e86ed51a53bf] - 커스텀 예외 발생: code=MESSAGE_NOT_FOUND, message=메시지를 찾을 수 없습니다.
com.sprint.mission.discodeit.exception.message.MessageNotFoundException: 메시지를 찾을 수 없습니다.
	at com.sprint.mission.discodeit.exception.message.MessageNotFoundException.withId(MessageNotFoundException.java:13)
	at com.sprint.mission.discodeit.service.basic.BasicMessageService.delete(BasicMessageService.java:130)
	at java.base/jdk.internal.reflect.NativeMethodAccessorImpl.invoke0(Native Method)
	at java.base/jdk.internal.reflect.NativeMethodAccessorImpl.invoke(NativeMethodAccessorImpl.java:77)
	at java.base/jdk.internal.reflect.DelegatingMethodAccessorImpl.invoke(DelegatingMethodAccessorImpl.java:43)
	at java.base/java.lang.reflect.Method.invoke(Method.java:569)
	at org.springframework.aop.support.AopUtils.invokeJoinpointUsingReflection(AopUtils.java:359)
	at org.springframework.aop.framework.ReflectiveMethodInvocation.invokeJoinpoint(ReflectiveMethodInvocation.java:196)
	at org.springframework.aop.framework.ReflectiveMethodInvocation.proceed(ReflectiveMethodInvocation.java:163)
	at org.springframework.transaction.interceptor.TransactionAspectSupport.invokeWithinTransaction(TransactionAspectSupport.java:380)
	at org.springframework.transaction.interceptor.TransactionInterceptor.invoke(TransactionInterceptor.java:119)
	at org.springframework.aop.framework.ReflectiveMethodInvocation.proceed(ReflectiveMethodInvocation.java:184)
	at org.springframework.aop.framework.CglibAopProxy$DynamicAdvisedInterceptor.intercept(CglibAopProxy.java:727)
	at com.sprint.mission.discodeit.service.basic.BasicMessageService$$SpringCGLIB$$0.delete(<generated>)
	at com.sprint.mission.discodeit.controller.MessageController.delete(MessageController.java:90)
	at java.base/jdk.internal.reflect.NativeMethodAccessorImpl.invoke0(Native Method)
	at java.base/jdk.internal.reflect.NativeMethodAccessorImpl.invoke(NativeMethodAccessorImpl.java:77)
	at java.base/jdk.internal.reflect.DelegatingMethodAccessorImpl.invoke(DelegatingMethodAccessorImpl.java:43)
	at java.base/java.lang.reflect.Method.invoke(Method.java:569)
	at org.springframework.web.method.support.InvocableHandlerMethod.doInvoke(InvocableHandlerMethod.java:255)
	at org.springframework.web.method.support.InvocableHandlerMethod.invokeForRequest(InvocableHandlerMethod.java:188)
	at org.springframework.web.servlet.mvc.method.annotation.ServletInvocableHandlerMethod.invokeAndHandle(ServletInvocableHandlerMethod.java:118)
	at org.springframework.web.servlet.mvc.method.annotation.RequestMappingHandlerAdapter.invokeHandlerMethod(RequestMappingHandlerAdapter.java:986)
	at org.springframework.web.servlet.mvc.method.annotation.RequestMappingHandlerAdapter.handleInternal(RequestMappingHandlerAdapter.java:891)
	at org.springframework.web.servlet.mvc.method.AbstractHandlerMethodAdapter.handle(AbstractHandlerMethodAdapter.java:87)
	at org.springframework.web.servlet.DispatcherServlet.doDispatch(DispatcherServlet.java:1088)
	at org.springframework.web.servlet.DispatcherServlet.doService(DispatcherServlet.java:978)
	at org.springframework.web.servlet.FrameworkServlet.processRequest(FrameworkServlet.java:1014)
	at org.springframework.web.servlet.FrameworkServlet.doDelete(FrameworkServlet.java:936)
	at jakarta.servlet.http.HttpServlet.service(HttpServlet.java:596)
	at org.springframework.web.servlet.FrameworkServlet.service(FrameworkServlet.java:885)
	at org.springframework.test.web.servlet.TestDispatcherServlet.service(TestDispatcherServlet.java:72)
	at jakarta.servlet.http.HttpServlet.service(HttpServlet.java:658)
	at org.springframework.mock.web.MockFilterChain$ServletFilterProxy.doFilter(MockFilterChain.java:165)
	at org.springframework.mock.web.MockFilterChain.doFilter(MockFilterChain.java:132)
	at org.springframework.web.filter.RequestContextFilter.doFilterInternal(RequestContextFilter.java:100)
	at org.springframework.web.filter.OncePerRequestFilter.doFilter(OncePerRequestFilter.java:116)
	at org.springframework.test.web.servlet.setup.MockMvcFilterDecorator.doFilter(MockMvcFilterDecorator.java:162)
	at org.springframework.mock.web.MockFilterChain.doFilter(MockFilterChain.java:132)
	at org.springframework.web.filter.FormContentFilter.doFilterInternal(FormContentFilter.java:93)
	at org.springframework.web.filter.OncePerRequestFilter.doFilter(OncePerRequestFilter.java:116)
	at org.springframework.test.web.servlet.setup.MockMvcFilterDecorator.doFilter(MockMvcFilterDecorator.java:162)
	at org.springframework.mock.web.MockFilterChain.doFilter(MockFilterChain.java:132)
	at org.springframework.web.filter.ServerHttpObservationFilter.doFilterInternal(ServerHttpObservationFilter.java:114)
	at org.springframework.web.filter.OncePerRequestFilter.doFilter(OncePerRequestFilter.java:116)
	at org.springframework.test.web.servlet.setup.MockMvcFilterDecorator.doFilter(MockMvcFilterDecorator.java:162)
	at org.springframework.mock.web.MockFilterChain.doFilter(MockFilterChain.java:132)
	at org.springframework.web.filter.CharacterEncodingFilter.doFilterInternal(CharacterEncodingFilter.java:201)
	at org.springframework.web.filter.OncePerRequestFilter.doFilter(OncePerRequestFilter.java:116)
	at org.springframework.test.web.servlet.setup.MockMvcFilterDecorator.doFilter(MockMvcFilterDecorator.java:162)
	at org.springframework.mock.web.MockFilterChain.doFilter(MockFilterChain.java:132)
	at org.springframework.test.web.servlet.MockMvc.perform(MockMvc.java:201)
	at com.sprint.mission.discodeit.integration.MessageApiIntegrationTest.deleteMessage_Failure_MessageNotFound(MessageApiIntegrationTest.java:304)
	at java.base/jdk.internal.reflect.NativeMethodAccessorImpl.invoke0(Native Method)
	at java.base/jdk.internal.reflect.NativeMethodAccessorImpl.invoke(NativeMethodAccessorImpl.java:77)
	at java.base/jdk.internal.reflect.DelegatingMethodAccessorImpl.invoke(DelegatingMethodAccessorImpl.java:43)
	at java.base/java.lang.reflect.Method.invoke(Method.java:569)
	at org.junit.platform.commons.util.ReflectionUtils.invokeMethod(ReflectionUtils.java:767)
	at org.junit.jupiter.engine.execution.MethodInvocation.proceed(MethodInvocation.java:60)
	at org.junit.jupiter.engine.execution.InvocationInterceptorChain$ValidatingInvocation.proceed(InvocationInterceptorChain.java:131)
	at org.junit.jupiter.engine.extension.TimeoutExtension.intercept(TimeoutExtension.java:156)
	at org.junit.jupiter.engine.extension.TimeoutExtension.interceptTestableMethod(TimeoutExtension.java:147)
	at org.junit.jupiter.engine.extension.TimeoutExtension.interceptTestMethod(TimeoutExtension.java:86)
	at org.junit.jupiter.engine.execution.InterceptingExecutableInvoker$ReflectiveInterceptorCall.lambda$ofVoidMethod$0(InterceptingExecutableInvoker.java:103)
	at org.junit.jupiter.engine.execution.InterceptingExecutableInvoker.lambda$invoke$0(InterceptingExecutableInvoker.java:93)
	at org.junit.jupiter.engine.execution.InvocationInterceptorChain$InterceptedInvocation.proceed(InvocationInterceptorChain.java:106)
	at org.junit.jupiter.engine.execution.InvocationInterceptorChain.proceed(InvocationInterceptorChain.java:64)
	at org.junit.jupiter.engine.execution.InvocationInterceptorChain.chainAndInvoke(InvocationInterceptorChain.java:45)
	at org.junit.jupiter.engine.execution.InvocationInterceptorChain.invoke(InvocationInterceptorChain.java:37)
	at org.junit.jupiter.engine.execution.InterceptingExecutableInvoker.invoke(InterceptingExecutableInvoker.java:92)
	at org.junit.jupiter.engine.execution.InterceptingExecutableInvoker.invoke(InterceptingExecutableInvoker.java:86)
	at org.junit.jupiter.engine.descriptor.TestMethodTestDescriptor.lambda$invokeTestMethod$8(TestMethodTestDescriptor.java:217)
	at org.junit.platform.engine.support.hierarchical.ThrowableCollector.execute(ThrowableCollector.java:73)
	at org.junit.jupiter.engine.descriptor.TestMethodTestDescriptor.invokeTestMethod(TestMethodTestDescriptor.java:213)
	at org.junit.jupiter.engine.descriptor.TestMethodTestDescriptor.execute(TestMethodTestDescriptor.java:138)
	at org.junit.jupiter.engine.descriptor.TestMethodTestDescriptor.execute(TestMethodTestDescriptor.java:68)
	at org.junit.platform.engine.support.hierarchical.NodeTestTask.lambda$executeRecursively$6(NodeTestTask.java:156)
	at org.junit.platform.engine.support.hierarchical.ThrowableCollector.execute(ThrowableCollector.java:73)
	at org.junit.platform.engine.support.hierarchical.NodeTestTask.lambda$executeRecursively$8(NodeTestTask.java:146)
	at org.junit.platform.engine.support.hierarchical.Node.around(Node.java:137)
	at org.junit.platform.engine.support.hierarchical.NodeTestTask.lambda$executeRecursively$9(NodeTestTask.java:144)
	at org.junit.platform.engine.support.hierarchical.ThrowableCollector.execute(ThrowableCollector.java:73)
	at org.junit.platform.engine.support.hierarchical.NodeTestTask.executeRecursively(NodeTestTask.java:143)
	at org.junit.platform.engine.support.hierarchical.NodeTestTask.execute(NodeTestTask.java:100)
	at java.base/java.util.ArrayList.forEach(ArrayList.java:1511)
	at org.junit.platform.engine.support.hierarchical.SameThreadHierarchicalTestExecutorService.invokeAll(SameThreadHierarchicalTestExecutorService.java:41)
	at org.junit.platform.engine.support.hierarchical.NodeTestTask.lambda$executeRecursively$6(NodeTestTask.java:160)
	at org.junit.platform.engine.support.hierarchical.ThrowableCollector.execute(ThrowableCollector.java:73)
	at org.junit.platform.engine.support.hierarchical.NodeTestTask.lambda$executeRecursively$8(NodeTestTask.java:146)
	at org.junit.platform.engine.support.hierarchical.Node.around(Node.java:137)
	at org.junit.platform.engine.support.hierarchical.NodeTestTask.lambda$executeRecursively$9(NodeTestTask.java:144)
	at org.junit.platform.engine.support.hierarchical.ThrowableCollector.execute(ThrowableCollector.java:73)
	at org.junit.platform.engine.support.hierarchical.NodeTestTask.executeRecursively(NodeTestTask.java:143)
	at org.junit.platform.engine.support.hierarchical.NodeTestTask.execute(NodeTestTask.java:100)
	at java.base/java.util.ArrayList.forEach(ArrayList.java:1511)
	at org.junit.platform.engine.support.hierarchical.SameThreadHierarchicalTestExecutorService.invokeAll(SameThreadHierarchicalTestExecutorService.java:41)
	at org.junit.platform.engine.support.hierarchical.NodeTestTask.lambda$executeRecursively$6(NodeTestTask.java:160)
	at org.junit.platform.engine.support.hierarchical.ThrowableCollector.execute(ThrowableCollector.java:73)
	at org.junit.platform.engine.support.hierarchical.NodeTestTask.lambda$executeRecursively$8(NodeTestTask.java:146)
	at org.junit.platform.engine.support.hierarchical.Node.around(Node.java:137)
	at org.junit.platform.engine.support.hierarchical.NodeTestTask.lambda$executeRecursively$9(NodeTestTask.java:144)
	at org.junit.platform.engine.support.hierarchical.ThrowableCollector.execute(ThrowableCollector.java:73)
	at org.junit.platform.engine.support.hierarchical.NodeTestTask.executeRecursively(NodeTestTask.java:143)
	at org.junit.platform.engine.support.hierarchical.NodeTestTask.execute(NodeTestTask.java:100)
	at org.junit.platform.engine.support.hierarchical.SameThreadHierarchicalTestExecutorService.submit(SameThreadHierarchicalTestExecutorService.java:35)
	at org.junit.platform.engine.support.hierarchical.HierarchicalTestExecutor.execute(HierarchicalTestExecutor.java:57)
	at org.junit.platform.engine.support.hierarchical.HierarchicalTestEngine.execute(HierarchicalTestEngine.java:54)
	at org.junit.platform.launcher.core.EngineExecutionOrchestrator.execute(EngineExecutionOrchestrator.java:198)
	at org.junit.platform.launcher.core.EngineExecutionOrchestrator.execute(EngineExecutionOrchestrator.java:169)
	at org.junit.platform.launcher.core.EngineExecutionOrchestrator.execute(EngineExecutionOrchestrator.java:93)
	at org.junit.platform.launcher.core.EngineExecutionOrchestrator.lambda$execute$0(EngineExecutionOrchestrator.java:58)
	at org.junit.platform.launcher.core.EngineExecutionOrchestrator.withInterceptedStreams(EngineExecutionOrchestrator.java:141)
	at org.junit.platform.launcher.core.EngineExecutionOrchestrator.execute(EngineExecutionOrchestrator.java:57)
	at org.junit.platform.launcher.core.DefaultLauncher.execute(DefaultLauncher.java:103)
	at org.junit.platform.launcher.core.DefaultLauncher.execute(DefaultLauncher.java:85)
	at org.junit.platform.launcher.core.DelegatingLauncher.execute(DelegatingLauncher.java:47)
	at org.gradle.api.internal.tasks.testing.junitplatform.JUnitPlatformTestClassProcessor$CollectAllTestClassesExecutor.processAllTestClasses(JUnitPlatformTestClassProcessor.java:124)
	at org.gradle.api.internal.tasks.testing.junitplatform.JUnitPlatformTestClassProcessor$CollectAllTestClassesExecutor.access$000(JUnitPlatformTestClassProcessor.java:99)
	at org.gradle.api.internal.tasks.testing.junitplatform.JUnitPlatformTestClassProcessor.stop(JUnitPlatformTestClassProcessor.java:94)
	at org.gradle.api.internal.tasks.testing.SuiteTestClassProcessor.stop(SuiteTestClassProcessor.java:63)
	at java.base/jdk.internal.reflect.NativeMethodAccessorImpl.invoke0(Native Method)
	at java.base/jdk.internal.reflect.NativeMethodAccessorImpl.invoke(NativeMethodAccessorImpl.java:77)
	at java.base/jdk.internal.reflect.DelegatingMethodAccessorImpl.invoke(DelegatingMethodAccessorImpl.java:43)
	at java.base/java.lang.reflect.Method.invoke(Method.java:569)
	at org.gradle.internal.dispatch.ReflectionDispatch.dispatch(ReflectionDispatch.java:36)
	at org.gradle.internal.dispatch.ReflectionDispatch.dispatch(ReflectionDispatch.java:24)
	at org.gradle.internal.dispatch.ContextClassLoaderDispatch.dispatch(ContextClassLoaderDispatch.java:33)
	at org.gradle.internal.dispatch.ProxyDispatchAdapter$DispatchingInvocationHandler.invoke(ProxyDispatchAdapter.java:92)
	at jdk.proxy2/jdk.proxy2.$Proxy6.stop(Unknown Source)
	at org.gradle.api.internal.tasks.testing.worker.TestWorker$3.run(TestWorker.java:200)
	at org.gradle.api.internal.tasks.testing.worker.TestWorker.executeAndMaintainThreadName(TestWorker.java:132)
	at org.gradle.api.internal.tasks.testing.worker.TestWorker.execute(TestWorker.java:103)
	at org.gradle.api.internal.tasks.testing.worker.TestWorker.execute(TestWorker.java:63)
	at org.gradle.process.internal.worker.child.ActionExecutionWorker.execute(ActionExecutionWorker.java:56)
	at org.gradle.process.internal.worker.child.SystemApplicationClassLoaderWorker.call(SystemApplicationClassLoaderWorker.java:121)
	at org.gradle.process.internal.worker.child.SystemApplicationClassLoaderWorker.call(SystemApplicationClassLoaderWorker.java:71)
	at worker.org.gradle.process.internal.worker.GradleWorkerMain.run(GradleWorkerMain.java:69)
	at worker.org.gradle.process.internal.worker.GradleWorkerMain.main(GradleWorkerMain.java:74)
25-05-20 14:47:54.171 [Test worker] DEBUG c.s.m.d.config.MDCLoggingInterceptor [c674aa92f0a747a09f190ac436eab741 | DELETE | /api/messages/dd22b512-2db2-45c0-815c-e86ed51a53bf] - Request completed
25-05-20 14:47:54.181 [Test worker] DEBUG c.s.m.d.s.basic.BasicChannelService  [ |  | ] - 채널 생성 시작: PublicChannelCreateRequest[name=테스트 채널, description=테스트 채널 설명입니다.]
25-05-20 14:47:54.183 [Test worker] INFO  c.s.m.d.s.basic.BasicChannelService  [ |  | ] - 채널 생성 완료: id=3a850869-317e-41ab-aba9-271c3d247ae7, name=테스트 채널
25-05-20 14:47:54.184 [Test worker] DEBUG org.hibernate.SQL                    [ |  | ] - 
    select
        m1_0.created_at 
    from
        messages m1_0 
    where
        m1_0.channel_id=? 
    order by
        m1_0.created_at desc 
    fetch
        first 1 rows only
25-05-20 14:47:54.185 [Test worker] TRACE org.hibernate.orm.jdbc.bind          [ |  | ] - binding parameter (1:UUID) <- [3a850869-317e-41ab-aba9-271c3d247ae7]
25-05-20 14:47:54.186 [Test worker] DEBUG c.s.m.d.s.basic.BasicUserService     [ |  | ] - 사용자 생성 시작: UserCreateRequest[username=messageuser, email=messageuser@example.com, password=Password1!]
25-05-20 14:47:54.187 [Test worker] DEBUG org.hibernate.SQL                    [ |  | ] - 
    select
        u1_0.id 
    from
        users u1_0 
    where
        u1_0.email=? 
    fetch
        first ? rows only
25-05-20 14:47:54.188 [Test worker] TRACE org.hibernate.orm.jdbc.bind          [ |  | ] - binding parameter (1:VARCHAR) <- [messageuser@example.com]
25-05-20 14:47:54.188 [Test worker] TRACE org.hibernate.orm.jdbc.bind          [ |  | ] - binding parameter (2:INTEGER) <- [1]
25-05-20 14:47:54.190 [Test worker] DEBUG org.hibernate.SQL                    [ |  | ] - 
    select
        u1_0.id 
    from
        users u1_0 
    where
        u1_0.username=? 
    fetch
        first ? rows only
25-05-20 14:47:54.190 [Test worker] TRACE org.hibernate.orm.jdbc.bind          [ |  | ] - binding parameter (1:VARCHAR) <- [messageuser]
25-05-20 14:47:54.190 [Test worker] TRACE org.hibernate.orm.jdbc.bind          [ |  | ] - binding parameter (2:INTEGER) <- [1]
25-05-20 14:47:54.192 [Test worker] INFO  c.s.m.d.s.basic.BasicUserService     [ |  | ] - 사용자 생성 완료: id=a42a439b-854d-4ff0-9bdf-34178310d13e, username=messageuser
25-05-20 14:47:54.192 [Test worker] DEBUG c.s.m.d.s.basic.BasicMessageService  [ |  | ] - 메시지 생성 시작: request=MessageCreateRequest[content=첫 번째 메시지 내용입니다., channelId=3a850869-317e-41ab-aba9-271c3d247ae7, authorId=a42a439b-854d-4ff0-9bdf-34178310d13e]
25-05-20 14:47:54.194 [Test worker] INFO  c.s.m.d.s.basic.BasicMessageService  [ |  | ] - 메시지 생성 완료: id=60d2f431-621e-4bfe-838f-23bb5b211264, channelId=3a850869-317e-41ab-aba9-271c3d247ae7
25-05-20 14:47:54.194 [Test worker] DEBUG c.s.m.d.s.basic.BasicMessageService  [ |  | ] - 메시지 생성 시작: request=MessageCreateRequest[content=두 번째 메시지 내용입니다., channelId=3a850869-317e-41ab-aba9-271c3d247ae7, authorId=a42a439b-854d-4ff0-9bdf-34178310d13e]
25-05-20 14:47:54.194 [Test worker] INFO  c.s.m.d.s.basic.BasicMessageService  [ |  | ] - 메시지 생성 완료: id=f554e706-931e-4fb4-b8ec-17ed636ab20a, channelId=3a850869-317e-41ab-aba9-271c3d247ae7
25-05-20 14:47:54.195 [Test worker] DEBUG c.s.m.d.config.MDCLoggingInterceptor [5f15b8338a2149c485c6711382c266fd | GET | /api/messages] - Request started
25-05-20 14:47:54.196 [Test worker] INFO  c.s.m.d.controller.MessageController [5f15b8338a2149c485c6711382c266fd | GET | /api/messages] - 채널별 메시지 목록 조회 요청: channelId=3a850869-317e-41ab-aba9-271c3d247ae7, cursor=null, pageable=Page request [number: 0, size 50, sort: createdAt: DESC]
25-05-20 14:47:54.198 [Test worker] DEBUG org.hibernate.SQL                    [5f15b8338a2149c485c6711382c266fd | GET | /api/messages] - 
    insert 
    into
        channels
        (created_at, description, name, type, updated_at, id) 
    values
        (?, ?, ?, ?, ?, ?)
25-05-20 14:47:54.199 [Test worker] TRACE org.hibernate.orm.jdbc.bind          [5f15b8338a2149c485c6711382c266fd | GET | /api/messages] - binding parameter (1:TIMESTAMP_UTC) <- [2025-05-20T05:47:54.182585Z]
25-05-20 14:47:54.199 [Test worker] TRACE org.hibernate.orm.jdbc.bind          [5f15b8338a2149c485c6711382c266fd | GET | /api/messages] - binding parameter (2:VARCHAR) <- [테스트 채널 설명입니다.]
25-05-20 14:47:54.199 [Test worker] TRACE org.hibernate.orm.jdbc.bind          [5f15b8338a2149c485c6711382c266fd | GET | /api/messages] - binding parameter (3:VARCHAR) <- [테스트 채널]
25-05-20 14:47:54.199 [Test worker] TRACE org.hibernate.orm.jdbc.bind          [5f15b8338a2149c485c6711382c266fd | GET | /api/messages] - binding parameter (4:ENUM) <- [PUBLIC]
25-05-20 14:47:54.199 [Test worker] TRACE org.hibernate.orm.jdbc.bind          [5f15b8338a2149c485c6711382c266fd | GET | /api/messages] - binding parameter (5:TIMESTAMP_UTC) <- [2025-05-20T05:47:54.182585Z]
25-05-20 14:47:54.199 [Test worker] TRACE org.hibernate.orm.jdbc.bind          [5f15b8338a2149c485c6711382c266fd | GET | /api/messages] - binding parameter (6:UUID) <- [3a850869-317e-41ab-aba9-271c3d247ae7]
25-05-20 14:47:54.200 [Test worker] DEBUG org.hibernate.SQL                    [5f15b8338a2149c485c6711382c266fd | GET | /api/messages] - 
    insert 
    into
        users
        (created_at, email, password, profile_id, updated_at, username, id) 
    values
        (?, ?, ?, ?, ?, ?, ?)
25-05-20 14:47:54.200 [Test worker] TRACE org.hibernate.orm.jdbc.bind          [5f15b8338a2149c485c6711382c266fd | GET | /api/messages] - binding parameter (1:TIMESTAMP_UTC) <- [2025-05-20T05:47:54.191463Z]
25-05-20 14:47:54.201 [Test worker] TRACE org.hibernate.orm.jdbc.bind          [5f15b8338a2149c485c6711382c266fd | GET | /api/messages] - binding parameter (2:VARCHAR) <- [messageuser@example.com]
25-05-20 14:47:54.201 [Test worker] TRACE org.hibernate.orm.jdbc.bind          [5f15b8338a2149c485c6711382c266fd | GET | /api/messages] - binding parameter (3:VARCHAR) <- [Password1!]
25-05-20 14:47:54.201 [Test worker] TRACE org.hibernate.orm.jdbc.bind          [5f15b8338a2149c485c6711382c266fd | GET | /api/messages] - binding parameter (4:UUID) <- [null]
25-05-20 14:47:54.201 [Test worker] TRACE org.hibernate.orm.jdbc.bind          [5f15b8338a2149c485c6711382c266fd | GET | /api/messages] - binding parameter (5:TIMESTAMP_UTC) <- [2025-05-20T05:47:54.191463Z]
25-05-20 14:47:54.201 [Test worker] TRACE org.hibernate.orm.jdbc.bind          [5f15b8338a2149c485c6711382c266fd | GET | /api/messages] - binding parameter (6:VARCHAR) <- [messageuser]
25-05-20 14:47:54.201 [Test worker] TRACE org.hibernate.orm.jdbc.bind          [5f15b8338a2149c485c6711382c266fd | GET | /api/messages] - binding parameter (7:UUID) <- [a42a439b-854d-4ff0-9bdf-34178310d13e]
25-05-20 14:47:54.202 [Test worker] DEBUG org.hibernate.SQL                    [5f15b8338a2149c485c6711382c266fd | GET | /api/messages] - 
    insert 
    into
        user_statuses
        (created_at, last_active_at, updated_at, user_id, id) 
    values
        (?, ?, ?, ?, ?)
25-05-20 14:47:54.203 [Test worker] TRACE org.hibernate.orm.jdbc.bind          [5f15b8338a2149c485c6711382c266fd | GET | /api/messages] - binding parameter (1:TIMESTAMP_UTC) <- [2025-05-20T05:47:54.191819Z]
25-05-20 14:47:54.203 [Test worker] TRACE org.hibernate.orm.jdbc.bind          [5f15b8338a2149c485c6711382c266fd | GET | /api/messages] - binding parameter (2:TIMESTAMP_UTC) <- [2025-05-20T05:47:54.191188Z]
25-05-20 14:47:54.203 [Test worker] TRACE org.hibernate.orm.jdbc.bind          [5f15b8338a2149c485c6711382c266fd | GET | /api/messages] - binding parameter (3:TIMESTAMP_UTC) <- [2025-05-20T05:47:54.191819Z]
25-05-20 14:47:54.203 [Test worker] TRACE org.hibernate.orm.jdbc.bind          [5f15b8338a2149c485c6711382c266fd | GET | /api/messages] - binding parameter (4:UUID) <- [a42a439b-854d-4ff0-9bdf-34178310d13e]
25-05-20 14:47:54.203 [Test worker] TRACE org.hibernate.orm.jdbc.bind          [5f15b8338a2149c485c6711382c266fd | GET | /api/messages] - binding parameter (5:UUID) <- [07935c5a-ce8a-4ae2-bd44-e7c96ded34e5]
25-05-20 14:47:54.204 [Test worker] DEBUG org.hibernate.SQL                    [5f15b8338a2149c485c6711382c266fd | GET | /api/messages] - 
    insert 
    into
        messages
        (author_id, channel_id, content, created_at, updated_at, id) 
    values
        (?, ?, ?, ?, ?, ?)
25-05-20 14:47:54.204 [Test worker] TRACE org.hibernate.orm.jdbc.bind          [5f15b8338a2149c485c6711382c266fd | GET | /api/messages] - binding parameter (1:UUID) <- [a42a439b-854d-4ff0-9bdf-34178310d13e]
25-05-20 14:47:54.204 [Test worker] TRACE org.hibernate.orm.jdbc.bind          [5f15b8338a2149c485c6711382c266fd | GET | /api/messages] - binding parameter (2:UUID) <- [3a850869-317e-41ab-aba9-271c3d247ae7]
25-05-20 14:47:54.204 [Test worker] TRACE org.hibernate.orm.jdbc.bind          [5f15b8338a2149c485c6711382c266fd | GET | /api/messages] - binding parameter (3:VARCHAR) <- [첫 번째 메시지 내용입니다.]
25-05-20 14:47:54.204 [Test worker] TRACE org.hibernate.orm.jdbc.bind          [5f15b8338a2149c485c6711382c266fd | GET | /api/messages] - binding parameter (4:TIMESTAMP_UTC) <- [2025-05-20T05:47:54.193607Z]
25-05-20 14:47:54.204 [Test worker] TRACE org.hibernate.orm.jdbc.bind          [5f15b8338a2149c485c6711382c266fd | GET | /api/messages] - binding parameter (5:TIMESTAMP_UTC) <- [2025-05-20T05:47:54.193607Z]
25-05-20 14:47:54.205 [Test worker] TRACE org.hibernate.orm.jdbc.bind          [5f15b8338a2149c485c6711382c266fd | GET | /api/messages] - binding parameter (6:UUID) <- [60d2f431-621e-4bfe-838f-23bb5b211264]
25-05-20 14:47:54.205 [Test worker] DEBUG org.hibernate.SQL                    [5f15b8338a2149c485c6711382c266fd | GET | /api/messages] - 
    insert 
    into
        messages
        (author_id, channel_id, content, created_at, updated_at, id) 
    values
        (?, ?, ?, ?, ?, ?)
25-05-20 14:47:54.206 [Test worker] TRACE org.hibernate.orm.jdbc.bind          [5f15b8338a2149c485c6711382c266fd | GET | /api/messages] - binding parameter (1:UUID) <- [a42a439b-854d-4ff0-9bdf-34178310d13e]
25-05-20 14:47:54.206 [Test worker] TRACE org.hibernate.orm.jdbc.bind          [5f15b8338a2149c485c6711382c266fd | GET | /api/messages] - binding parameter (2:UUID) <- [3a850869-317e-41ab-aba9-271c3d247ae7]
25-05-20 14:47:54.206 [Test worker] TRACE org.hibernate.orm.jdbc.bind          [5f15b8338a2149c485c6711382c266fd | GET | /api/messages] - binding parameter (3:VARCHAR) <- [두 번째 메시지 내용입니다.]
25-05-20 14:47:54.206 [Test worker] TRACE org.hibernate.orm.jdbc.bind          [5f15b8338a2149c485c6711382c266fd | GET | /api/messages] - binding parameter (4:TIMESTAMP_UTC) <- [2025-05-20T05:47:54.194671Z]
25-05-20 14:47:54.206 [Test worker] TRACE org.hibernate.orm.jdbc.bind          [5f15b8338a2149c485c6711382c266fd | GET | /api/messages] - binding parameter (5:TIMESTAMP_UTC) <- [2025-05-20T05:47:54.194671Z]
25-05-20 14:47:54.206 [Test worker] TRACE org.hibernate.orm.jdbc.bind          [5f15b8338a2149c485c6711382c266fd | GET | /api/messages] - binding parameter (6:UUID) <- [f554e706-931e-4fb4-b8ec-17ed636ab20a]
25-05-20 14:47:54.207 [Test worker] DEBUG org.hibernate.SQL                    [5f15b8338a2149c485c6711382c266fd | GET | /api/messages] - 
    select
        m1_0.id,
        a1_0.id,
        a1_0.created_at,
        a1_0.email,
        a1_0.password,
        p1_0.id,
        p1_0.content_type,
        p1_0.created_at,
        p1_0.file_name,
        p1_0.size,
        s1_0.id,
        s1_0.created_at,
        s1_0.last_active_at,
        s1_0.updated_at,
        s1_0.user_id,
        a1_0.updated_at,
        a1_0.username,
        m1_0.channel_id,
        m1_0.content,
        m1_0.created_at,
        m1_0.updated_at 
    from
        messages m1_0 
    left join
        users a1_0 
            on a1_0.id=m1_0.author_id 
    join
        user_statuses s1_0 
            on a1_0.id=s1_0.user_id 
    left join
        binary_contents p1_0 
            on p1_0.id=a1_0.profile_id 
    where
        m1_0.channel_id=? 
        and m1_0.created_at<? 
    order by
        m1_0.created_at desc 
    fetch
        first ? rows only
25-05-20 14:47:54.209 [Test worker] TRACE org.hibernate.orm.jdbc.bind          [5f15b8338a2149c485c6711382c266fd | GET | /api/messages] - binding parameter (1:UUID) <- [3a850869-317e-41ab-aba9-271c3d247ae7]
25-05-20 14:47:54.209 [Test worker] TRACE org.hibernate.orm.jdbc.bind          [5f15b8338a2149c485c6711382c266fd | GET | /api/messages] - binding parameter (2:TIMESTAMP_UTC) <- [2025-05-20T05:47:54.196670Z]
25-05-20 14:47:54.209 [Test worker] TRACE org.hibernate.orm.jdbc.bind          [5f15b8338a2149c485c6711382c266fd | GET | /api/messages] - binding parameter (3:INTEGER) <- [51]
25-05-20 14:47:54.210 [Test worker] DEBUG c.s.m.d.controller.MessageController [5f15b8338a2149c485c6711382c266fd | GET | /api/messages] - 채널별 메시지 목록 조회 응답: totalElements=null
25-05-20 14:47:54.211 [Test worker] DEBUG c.s.m.d.config.MDCLoggingInterceptor [5f15b8338a2149c485c6711382c266fd | GET | /api/messages] - Request completed
25-05-20 14:47:54.226 [Test worker] DEBUG c.s.m.d.config.MDCLoggingInterceptor [15012dd4815b4b1f8dc8c60b9a2dd0b1 | PATCH | /api/messages/a0a5521a-9ee8-41c8-ae66-bd4bda5d89f3] - Request started
25-05-20 14:47:54.230 [Test worker] INFO  c.s.m.d.controller.MessageController [15012dd4815b4b1f8dc8c60b9a2dd0b1 | PATCH | /api/messages/a0a5521a-9ee8-41c8-ae66-bd4bda5d89f3] - 메시지 수정 요청: id=a0a5521a-9ee8-41c8-ae66-bd4bda5d89f3, request=MessageUpdateRequest[newContent=수정된 메시지 내용입니다.]
25-05-20 14:47:54.231 [Test worker] DEBUG c.s.m.d.s.basic.BasicMessageService  [15012dd4815b4b1f8dc8c60b9a2dd0b1 | PATCH | /api/messages/a0a5521a-9ee8-41c8-ae66-bd4bda5d89f3] - 메시지 수정 시작: id=a0a5521a-9ee8-41c8-ae66-bd4bda5d89f3, request=MessageUpdateRequest[newContent=수정된 메시지 내용입니다.]
25-05-20 14:47:54.232 [Test worker] DEBUG org.hibernate.SQL                    [15012dd4815b4b1f8dc8c60b9a2dd0b1 | PATCH | /api/messages/a0a5521a-9ee8-41c8-ae66-bd4bda5d89f3] - 
    select
        m1_0.id,
        m1_0.author_id,
        m1_0.channel_id,
        m1_0.content,
        m1_0.created_at,
        m1_0.updated_at 
    from
        messages m1_0 
    where
        m1_0.id=?
25-05-20 14:47:54.232 [Test worker] TRACE org.hibernate.orm.jdbc.bind          [15012dd4815b4b1f8dc8c60b9a2dd0b1 | PATCH | /api/messages/a0a5521a-9ee8-41c8-ae66-bd4bda5d89f3] - binding parameter (1:UUID) <- [a0a5521a-9ee8-41c8-ae66-bd4bda5d89f3]
25-05-20 14:47:54.234 [Test worker] ERROR c.s.m.d.e.GlobalExceptionHandler     [15012dd4815b4b1f8dc8c60b9a2dd0b1 | PATCH | /api/messages/a0a5521a-9ee8-41c8-ae66-bd4bda5d89f3] - 커스텀 예외 발생: code=MESSAGE_NOT_FOUND, message=메시지를 찾을 수 없습니다.
com.sprint.mission.discodeit.exception.message.MessageNotFoundException: 메시지를 찾을 수 없습니다.
	at com.sprint.mission.discodeit.exception.message.MessageNotFoundException.withId(MessageNotFoundException.java:13)
	at com.sprint.mission.discodeit.service.basic.BasicMessageService.lambda$update$4(BasicMessageService.java:118)
	at java.base/java.util.Optional.orElseThrow(Optional.java:403)
	at com.sprint.mission.discodeit.service.basic.BasicMessageService.update(BasicMessageService.java:118)
	at java.base/jdk.internal.reflect.NativeMethodAccessorImpl.invoke0(Native Method)
	at java.base/jdk.internal.reflect.NativeMethodAccessorImpl.invoke(NativeMethodAccessorImpl.java:77)
	at java.base/jdk.internal.reflect.DelegatingMethodAccessorImpl.invoke(DelegatingMethodAccessorImpl.java:43)
	at java.base/java.lang.reflect.Method.invoke(Method.java:569)
	at org.springframework.aop.support.AopUtils.invokeJoinpointUsingReflection(AopUtils.java:359)
	at org.springframework.aop.framework.ReflectiveMethodInvocation.invokeJoinpoint(ReflectiveMethodInvocation.java:196)
	at org.springframework.aop.framework.ReflectiveMethodInvocation.proceed(ReflectiveMethodInvocation.java:163)
	at org.springframework.transaction.interceptor.TransactionAspectSupport.invokeWithinTransaction(TransactionAspectSupport.java:380)
	at org.springframework.transaction.interceptor.TransactionInterceptor.invoke(TransactionInterceptor.java:119)
	at org.springframework.aop.framework.ReflectiveMethodInvocation.proceed(ReflectiveMethodInvocation.java:184)
	at org.springframework.aop.framework.CglibAopProxy$DynamicAdvisedInterceptor.intercept(CglibAopProxy.java:727)
	at com.sprint.mission.discodeit.service.basic.BasicMessageService$$SpringCGLIB$$0.update(<generated>)
	at com.sprint.mission.discodeit.controller.MessageController.update(MessageController.java:80)
	at java.base/jdk.internal.reflect.NativeMethodAccessorImpl.invoke0(Native Method)
	at java.base/jdk.internal.reflect.NativeMethodAccessorImpl.invoke(NativeMethodAccessorImpl.java:77)
	at java.base/jdk.internal.reflect.DelegatingMethodAccessorImpl.invoke(DelegatingMethodAccessorImpl.java:43)
	at java.base/java.lang.reflect.Method.invoke(Method.java:569)
	at org.springframework.web.method.support.InvocableHandlerMethod.doInvoke(InvocableHandlerMethod.java:255)
	at org.springframework.web.method.support.InvocableHandlerMethod.invokeForRequest(InvocableHandlerMethod.java:188)
	at org.springframework.web.servlet.mvc.method.annotation.ServletInvocableHandlerMethod.invokeAndHandle(ServletInvocableHandlerMethod.java:118)
	at org.springframework.web.servlet.mvc.method.annotation.RequestMappingHandlerAdapter.invokeHandlerMethod(RequestMappingHandlerAdapter.java:986)
	at org.springframework.web.servlet.mvc.method.annotation.RequestMappingHandlerAdapter.handleInternal(RequestMappingHandlerAdapter.java:891)
	at org.springframework.web.servlet.mvc.method.AbstractHandlerMethodAdapter.handle(AbstractHandlerMethodAdapter.java:87)
	at org.springframework.web.servlet.DispatcherServlet.doDispatch(DispatcherServlet.java:1088)
	at org.springframework.web.servlet.DispatcherServlet.doService(DispatcherServlet.java:978)
	at org.springframework.web.servlet.FrameworkServlet.processRequest(FrameworkServlet.java:1014)
	at org.springframework.web.servlet.FrameworkServlet.service(FrameworkServlet.java:888)
	at org.springframework.test.web.servlet.TestDispatcherServlet.service(TestDispatcherServlet.java:72)
	at jakarta.servlet.http.HttpServlet.service(HttpServlet.java:658)
	at org.springframework.mock.web.MockFilterChain$ServletFilterProxy.doFilter(MockFilterChain.java:165)
	at org.springframework.mock.web.MockFilterChain.doFilter(MockFilterChain.java:132)
	at org.springframework.web.filter.RequestContextFilter.doFilterInternal(RequestContextFilter.java:100)
	at org.springframework.web.filter.OncePerRequestFilter.doFilter(OncePerRequestFilter.java:116)
	at org.springframework.test.web.servlet.setup.MockMvcFilterDecorator.doFilter(MockMvcFilterDecorator.java:162)
	at org.springframework.mock.web.MockFilterChain.doFilter(MockFilterChain.java:132)
	at org.springframework.web.filter.FormContentFilter.doFilterInternal(FormContentFilter.java:93)
	at org.springframework.web.filter.OncePerRequestFilter.doFilter(OncePerRequestFilter.java:116)
	at org.springframework.test.web.servlet.setup.MockMvcFilterDecorator.doFilter(MockMvcFilterDecorator.java:162)
	at org.springframework.mock.web.MockFilterChain.doFilter(MockFilterChain.java:132)
	at org.springframework.web.filter.ServerHttpObservationFilter.doFilterInternal(ServerHttpObservationFilter.java:114)
	at org.springframework.web.filter.OncePerRequestFilter.doFilter(OncePerRequestFilter.java:116)
	at org.springframework.test.web.servlet.setup.MockMvcFilterDecorator.doFilter(MockMvcFilterDecorator.java:162)
	at org.springframework.mock.web.MockFilterChain.doFilter(MockFilterChain.java:132)
	at org.springframework.web.filter.CharacterEncodingFilter.doFilterInternal(CharacterEncodingFilter.java:201)
	at org.springframework.web.filter.OncePerRequestFilter.doFilter(OncePerRequestFilter.java:116)
	at org.springframework.test.web.servlet.setup.MockMvcFilterDecorator.doFilter(MockMvcFilterDecorator.java:162)
	at org.springframework.mock.web.MockFilterChain.doFilter(MockFilterChain.java:132)
	at org.springframework.test.web.servlet.MockMvc.perform(MockMvc.java:201)
	at com.sprint.mission.discodeit.integration.MessageApiIntegrationTest.updateMessage_Failure_MessageNotFound(MessageApiIntegrationTest.java:248)
	at java.base/jdk.internal.reflect.NativeMethodAccessorImpl.invoke0(Native Method)
	at java.base/jdk.internal.reflect.NativeMethodAccessorImpl.invoke(NativeMethodAccessorImpl.java:77)
	at java.base/jdk.internal.reflect.DelegatingMethodAccessorImpl.invoke(DelegatingMethodAccessorImpl.java:43)
	at java.base/java.lang.reflect.Method.invoke(Method.java:569)
	at org.junit.platform.commons.util.ReflectionUtils.invokeMethod(ReflectionUtils.java:767)
	at org.junit.jupiter.engine.execution.MethodInvocation.proceed(MethodInvocation.java:60)
	at org.junit.jupiter.engine.execution.InvocationInterceptorChain$ValidatingInvocation.proceed(InvocationInterceptorChain.java:131)
	at org.junit.jupiter.engine.extension.TimeoutExtension.intercept(TimeoutExtension.java:156)
	at org.junit.jupiter.engine.extension.TimeoutExtension.interceptTestableMethod(TimeoutExtension.java:147)
	at org.junit.jupiter.engine.extension.TimeoutExtension.interceptTestMethod(TimeoutExtension.java:86)
	at org.junit.jupiter.engine.execution.InterceptingExecutableInvoker$ReflectiveInterceptorCall.lambda$ofVoidMethod$0(InterceptingExecutableInvoker.java:103)
	at org.junit.jupiter.engine.execution.InterceptingExecutableInvoker.lambda$invoke$0(InterceptingExecutableInvoker.java:93)
	at org.junit.jupiter.engine.execution.InvocationInterceptorChain$InterceptedInvocation.proceed(InvocationInterceptorChain.java:106)
	at org.junit.jupiter.engine.execution.InvocationInterceptorChain.proceed(InvocationInterceptorChain.java:64)
	at org.junit.jupiter.engine.execution.InvocationInterceptorChain.chainAndInvoke(InvocationInterceptorChain.java:45)
	at org.junit.jupiter.engine.execution.InvocationInterceptorChain.invoke(InvocationInterceptorChain.java:37)
	at org.junit.jupiter.engine.execution.InterceptingExecutableInvoker.invoke(InterceptingExecutableInvoker.java:92)
	at org.junit.jupiter.engine.execution.InterceptingExecutableInvoker.invoke(InterceptingExecutableInvoker.java:86)
	at org.junit.jupiter.engine.descriptor.TestMethodTestDescriptor.lambda$invokeTestMethod$8(TestMethodTestDescriptor.java:217)
	at org.junit.platform.engine.support.hierarchical.ThrowableCollector.execute(ThrowableCollector.java:73)
	at org.junit.jupiter.engine.descriptor.TestMethodTestDescriptor.invokeTestMethod(TestMethodTestDescriptor.java:213)
	at org.junit.jupiter.engine.descriptor.TestMethodTestDescriptor.execute(TestMethodTestDescriptor.java:138)
	at org.junit.jupiter.engine.descriptor.TestMethodTestDescriptor.execute(TestMethodTestDescriptor.java:68)
	at org.junit.platform.engine.support.hierarchical.NodeTestTask.lambda$executeRecursively$6(NodeTestTask.java:156)
	at org.junit.platform.engine.support.hierarchical.ThrowableCollector.execute(ThrowableCollector.java:73)
	at org.junit.platform.engine.support.hierarchical.NodeTestTask.lambda$executeRecursively$8(NodeTestTask.java:146)
	at org.junit.platform.engine.support.hierarchical.Node.around(Node.java:137)
	at org.junit.platform.engine.support.hierarchical.NodeTestTask.lambda$executeRecursively$9(NodeTestTask.java:144)
	at org.junit.platform.engine.support.hierarchical.ThrowableCollector.execute(ThrowableCollector.java:73)
	at org.junit.platform.engine.support.hierarchical.NodeTestTask.executeRecursively(NodeTestTask.java:143)
	at org.junit.platform.engine.support.hierarchical.NodeTestTask.execute(NodeTestTask.java:100)
	at java.base/java.util.ArrayList.forEach(ArrayList.java:1511)
	at org.junit.platform.engine.support.hierarchical.SameThreadHierarchicalTestExecutorService.invokeAll(SameThreadHierarchicalTestExecutorService.java:41)
	at org.junit.platform.engine.support.hierarchical.NodeTestTask.lambda$executeRecursively$6(NodeTestTask.java:160)
	at org.junit.platform.engine.support.hierarchical.ThrowableCollector.execute(ThrowableCollector.java:73)
	at org.junit.platform.engine.support.hierarchical.NodeTestTask.lambda$executeRecursively$8(NodeTestTask.java:146)
	at org.junit.platform.engine.support.hierarchical.Node.around(Node.java:137)
	at org.junit.platform.engine.support.hierarchical.NodeTestTask.lambda$executeRecursively$9(NodeTestTask.java:144)
	at org.junit.platform.engine.support.hierarchical.ThrowableCollector.execute(ThrowableCollector.java:73)
	at org.junit.platform.engine.support.hierarchical.NodeTestTask.executeRecursively(NodeTestTask.java:143)
	at org.junit.platform.engine.support.hierarchical.NodeTestTask.execute(NodeTestTask.java:100)
	at java.base/java.util.ArrayList.forEach(ArrayList.java:1511)
	at org.junit.platform.engine.support.hierarchical.SameThreadHierarchicalTestExecutorService.invokeAll(SameThreadHierarchicalTestExecutorService.java:41)
	at org.junit.platform.engine.support.hierarchical.NodeTestTask.lambda$executeRecursively$6(NodeTestTask.java:160)
	at org.junit.platform.engine.support.hierarchical.ThrowableCollector.execute(ThrowableCollector.java:73)
	at org.junit.platform.engine.support.hierarchical.NodeTestTask.lambda$executeRecursively$8(NodeTestTask.java:146)
	at org.junit.platform.engine.support.hierarchical.Node.around(Node.java:137)
	at org.junit.platform.engine.support.hierarchical.NodeTestTask.lambda$executeRecursively$9(NodeTestTask.java:144)
	at org.junit.platform.engine.support.hierarchical.ThrowableCollector.execute(ThrowableCollector.java:73)
	at org.junit.platform.engine.support.hierarchical.NodeTestTask.executeRecursively(NodeTestTask.java:143)
	at org.junit.platform.engine.support.hierarchical.NodeTestTask.execute(NodeTestTask.java:100)
	at org.junit.platform.engine.support.hierarchical.SameThreadHierarchicalTestExecutorService.submit(SameThreadHierarchicalTestExecutorService.java:35)
	at org.junit.platform.engine.support.hierarchical.HierarchicalTestExecutor.execute(HierarchicalTestExecutor.java:57)
	at org.junit.platform.engine.support.hierarchical.HierarchicalTestEngine.execute(HierarchicalTestEngine.java:54)
	at org.junit.platform.launcher.core.EngineExecutionOrchestrator.execute(EngineExecutionOrchestrator.java:198)
	at org.junit.platform.launcher.core.EngineExecutionOrchestrator.execute(EngineExecutionOrchestrator.java:169)
	at org.junit.platform.launcher.core.EngineExecutionOrchestrator.execute(EngineExecutionOrchestrator.java:93)
	at org.junit.platform.launcher.core.EngineExecutionOrchestrator.lambda$execute$0(EngineExecutionOrchestrator.java:58)
	at org.junit.platform.launcher.core.EngineExecutionOrchestrator.withInterceptedStreams(EngineExecutionOrchestrator.java:141)
	at org.junit.platform.launcher.core.EngineExecutionOrchestrator.execute(EngineExecutionOrchestrator.java:57)
	at org.junit.platform.launcher.core.DefaultLauncher.execute(DefaultLauncher.java:103)
	at org.junit.platform.launcher.core.DefaultLauncher.execute(DefaultLauncher.java:85)
	at org.junit.platform.launcher.core.DelegatingLauncher.execute(DelegatingLauncher.java:47)
	at org.gradle.api.internal.tasks.testing.junitplatform.JUnitPlatformTestClassProcessor$CollectAllTestClassesExecutor.processAllTestClasses(JUnitPlatformTestClassProcessor.java:124)
	at org.gradle.api.internal.tasks.testing.junitplatform.JUnitPlatformTestClassProcessor$CollectAllTestClassesExecutor.access$000(JUnitPlatformTestClassProcessor.java:99)
	at org.gradle.api.internal.tasks.testing.junitplatform.JUnitPlatformTestClassProcessor.stop(JUnitPlatformTestClassProcessor.java:94)
	at org.gradle.api.internal.tasks.testing.SuiteTestClassProcessor.stop(SuiteTestClassProcessor.java:63)
	at java.base/jdk.internal.reflect.NativeMethodAccessorImpl.invoke0(Native Method)
	at java.base/jdk.internal.reflect.NativeMethodAccessorImpl.invoke(NativeMethodAccessorImpl.java:77)
	at java.base/jdk.internal.reflect.DelegatingMethodAccessorImpl.invoke(DelegatingMethodAccessorImpl.java:43)
	at java.base/java.lang.reflect.Method.invoke(Method.java:569)
	at org.gradle.internal.dispatch.ReflectionDispatch.dispatch(ReflectionDispatch.java:36)
	at org.gradle.internal.dispatch.ReflectionDispatch.dispatch(ReflectionDispatch.java:24)
	at org.gradle.internal.dispatch.ContextClassLoaderDispatch.dispatch(ContextClassLoaderDispatch.java:33)
	at org.gradle.internal.dispatch.ProxyDispatchAdapter$DispatchingInvocationHandler.invoke(ProxyDispatchAdapter.java:92)
	at jdk.proxy2/jdk.proxy2.$Proxy6.stop(Unknown Source)
	at org.gradle.api.internal.tasks.testing.worker.TestWorker$3.run(TestWorker.java:200)
	at org.gradle.api.internal.tasks.testing.worker.TestWorker.executeAndMaintainThreadName(TestWorker.java:132)
	at org.gradle.api.internal.tasks.testing.worker.TestWorker.execute(TestWorker.java:103)
	at org.gradle.api.internal.tasks.testing.worker.TestWorker.execute(TestWorker.java:63)
	at org.gradle.process.internal.worker.child.ActionExecutionWorker.execute(ActionExecutionWorker.java:56)
	at org.gradle.process.internal.worker.child.SystemApplicationClassLoaderWorker.call(SystemApplicationClassLoaderWorker.java:121)
	at org.gradle.process.internal.worker.child.SystemApplicationClassLoaderWorker.call(SystemApplicationClassLoaderWorker.java:71)
	at worker.org.gradle.process.internal.worker.GradleWorkerMain.run(GradleWorkerMain.java:69)
	at worker.org.gradle.process.internal.worker.GradleWorkerMain.main(GradleWorkerMain.java:74)
25-05-20 14:47:54.238 [Test worker] DEBUG c.s.m.d.config.MDCLoggingInterceptor [15012dd4815b4b1f8dc8c60b9a2dd0b1 | PATCH | /api/messages/a0a5521a-9ee8-41c8-ae66-bd4bda5d89f3] - Request completed
25-05-20 14:47:54.247 [Test worker] DEBUG c.s.m.d.s.basic.BasicChannelService  [ |  | ] - 채널 생성 시작: PublicChannelCreateRequest[name=테스트 채널, description=테스트 채널 설명입니다.]
25-05-20 14:47:54.248 [Test worker] INFO  c.s.m.d.s.basic.BasicChannelService  [ |  | ] - 채널 생성 완료: id=2988c6c5-ec85-4f27-b6d8-b323eb75e754, name=테스트 채널
25-05-20 14:47:54.249 [Test worker] DEBUG org.hibernate.SQL                    [ |  | ] - 
    select
        m1_0.created_at 
    from
        messages m1_0 
    where
        m1_0.channel_id=? 
    order by
        m1_0.created_at desc 
    fetch
        first 1 rows only
25-05-20 14:47:54.250 [Test worker] TRACE org.hibernate.orm.jdbc.bind          [ |  | ] - binding parameter (1:UUID) <- [2988c6c5-ec85-4f27-b6d8-b323eb75e754]
25-05-20 14:47:54.251 [Test worker] DEBUG c.s.m.d.s.basic.BasicUserService     [ |  | ] - 사용자 생성 시작: UserCreateRequest[username=messageuser, email=messageuser@example.com, password=Password1!]
25-05-20 14:47:54.252 [Test worker] DEBUG org.hibernate.SQL                    [ |  | ] - 
    select
        u1_0.id 
    from
        users u1_0 
    where
        u1_0.email=? 
    fetch
        first ? rows only
25-05-20 14:47:54.254 [Test worker] TRACE org.hibernate.orm.jdbc.bind          [ |  | ] - binding parameter (1:VARCHAR) <- [messageuser@example.com]
25-05-20 14:47:54.255 [Test worker] TRACE org.hibernate.orm.jdbc.bind          [ |  | ] - binding parameter (2:INTEGER) <- [1]
25-05-20 14:47:54.257 [Test worker] DEBUG org.hibernate.SQL                    [ |  | ] - 
    select
        u1_0.id 
    from
        users u1_0 
    where
        u1_0.username=? 
    fetch
        first ? rows only
25-05-20 14:47:54.257 [Test worker] TRACE org.hibernate.orm.jdbc.bind          [ |  | ] - binding parameter (1:VARCHAR) <- [messageuser]
25-05-20 14:47:54.257 [Test worker] TRACE org.hibernate.orm.jdbc.bind          [ |  | ] - binding parameter (2:INTEGER) <- [1]
25-05-20 14:47:54.259 [Test worker] INFO  c.s.m.d.s.basic.BasicUserService     [ |  | ] - 사용자 생성 완료: id=10b5260f-e5d3-4bac-9f05-630bff13bf65, username=messageuser
25-05-20 14:47:54.259 [Test worker] DEBUG c.s.m.d.s.basic.BasicMessageService  [ |  | ] - 메시지 생성 시작: request=MessageCreateRequest[content=원본 메시지 내용입니다., channelId=2988c6c5-ec85-4f27-b6d8-b323eb75e754, authorId=10b5260f-e5d3-4bac-9f05-630bff13bf65]
25-05-20 14:47:54.260 [Test worker] INFO  c.s.m.d.s.basic.BasicMessageService  [ |  | ] - 메시지 생성 완료: id=32cf0093-238d-4e01-898c-cb890fbcc87b, channelId=2988c6c5-ec85-4f27-b6d8-b323eb75e754
25-05-20 14:47:54.261 [Test worker] DEBUG c.s.m.d.config.MDCLoggingInterceptor [26ad2900adba471a9d9fd79d97ee8caf | PATCH | /api/messages/32cf0093-238d-4e01-898c-cb890fbcc87b] - Request started
25-05-20 14:47:54.261 [Test worker] INFO  c.s.m.d.controller.MessageController [26ad2900adba471a9d9fd79d97ee8caf | PATCH | /api/messages/32cf0093-238d-4e01-898c-cb890fbcc87b] - 메시지 수정 요청: id=32cf0093-238d-4e01-898c-cb890fbcc87b, request=MessageUpdateRequest[newContent=수정된 메시지 내용입니다.]
25-05-20 14:47:54.262 [Test worker] DEBUG c.s.m.d.s.basic.BasicMessageService  [26ad2900adba471a9d9fd79d97ee8caf | PATCH | /api/messages/32cf0093-238d-4e01-898c-cb890fbcc87b] - 메시지 수정 시작: id=32cf0093-238d-4e01-898c-cb890fbcc87b, request=MessageUpdateRequest[newContent=수정된 메시지 내용입니다.]
25-05-20 14:47:54.262 [Test worker] INFO  c.s.m.d.s.basic.BasicMessageService  [26ad2900adba471a9d9fd79d97ee8caf | PATCH | /api/messages/32cf0093-238d-4e01-898c-cb890fbcc87b] - 메시지 수정 완료: id=32cf0093-238d-4e01-898c-cb890fbcc87b, channelId=2988c6c5-ec85-4f27-b6d8-b323eb75e754
25-05-20 14:47:54.262 [Test worker] DEBUG c.s.m.d.controller.MessageController [26ad2900adba471a9d9fd79d97ee8caf | PATCH | /api/messages/32cf0093-238d-4e01-898c-cb890fbcc87b] - 메시지 수정 응답: MessageDto[id=32cf0093-238d-4e01-898c-cb890fbcc87b, createdAt=2025-05-20T05:47:54.259916Z, updatedAt=2025-05-20T05:47:54.259916Z, content=수정된 메시지 내용입니다., channelId=2988c6c5-ec85-4f27-b6d8-b323eb75e754, author=UserDto[id=10b5260f-e5d3-4bac-9f05-630bff13bf65, username=messageuser, email=messageuser@example.com, profile=null, online=true], attachments=[]]
25-05-20 14:47:54.263 [Test worker] DEBUG c.s.m.d.config.MDCLoggingInterceptor [26ad2900adba471a9d9fd79d97ee8caf | PATCH | /api/messages/32cf0093-238d-4e01-898c-cb890fbcc87b] - Request completed
25-05-20 14:47:54.275 [Test worker] DEBUG c.s.m.d.config.MDCLoggingInterceptor [b2a438f456b84b9fb8fbe9cdbc4ec529 | POST | /api/messages] - Request started
25-05-20 14:47:54.277 [Test worker] ERROR c.s.m.d.e.GlobalExceptionHandler     [b2a438f456b84b9fb8fbe9cdbc4ec529 | POST | /api/messages] - 요청 유효성 검사 실패: Validation failed for argument [0] in public org.springframework.http.ResponseEntity<com.sprint.mission.discodeit.dto.data.MessageDto> com.sprint.mission.discodeit.controller.MessageController.create(com.sprint.mission.discodeit.dto.request.MessageCreateRequest,java.util.List<org.springframework.web.multipart.MultipartFile>): [Field error in object 'messageCreateRequest' on field 'content': rejected value []; codes [NotBlank.messageCreateRequest.content,NotBlank.content,NotBlank.java.lang.String,NotBlank]; arguments [org.springframework.context.support.DefaultMessageSourceResolvable: codes [messageCreateRequest.content,content]; arguments []; default message [content]]; default message [메시지 내용은 필수입니다]] 
25-05-20 14:47:54.278 [Test worker] DEBUG c.s.m.d.config.MDCLoggingInterceptor [b2a438f456b84b9fb8fbe9cdbc4ec529 | POST | /api/messages] - Request completed
25-05-20 14:47:54.285 [Test worker] INFO  o.s.t.c.s.AnnotationConfigContextLoaderUtils [ |  | ] - Could not detect default configuration classes for test class [com.sprint.mission.discodeit.integration.ReadStatusApiIntegrationTest]: ReadStatusApiIntegrationTest does not declare any static, non-private, non-final, nested classes annotated with @Configuration.
25-05-20 14:47:54.305 [Test worker] INFO  o.s.b.t.c.SpringBootTestContextBootstrapper [ |  | ] - Found @SpringBootConfiguration com.sprint.mission.discodeit.DiscodeitApplication for test class com.sprint.mission.discodeit.integration.ReadStatusApiIntegrationTest
25-05-20 14:47:54.319 [Test worker] DEBUG c.s.m.d.s.basic.BasicUserService     [ |  | ] - 사용자 생성 시작: UserCreateRequest[username=listuser, email=list@example.com, password=Password1!]
25-05-20 14:47:54.320 [Test worker] DEBUG org.hibernate.SQL                    [ |  | ] - 
    select
        u1_0.id 
    from
        users u1_0 
    where
        u1_0.email=? 
    fetch
        first ? rows only
25-05-20 14:47:54.321 [Test worker] TRACE org.hibernate.orm.jdbc.bind          [ |  | ] - binding parameter (1:VARCHAR) <- [list@example.com]
25-05-20 14:47:54.322 [Test worker] TRACE org.hibernate.orm.jdbc.bind          [ |  | ] - binding parameter (2:INTEGER) <- [1]
25-05-20 14:47:54.326 [Test worker] DEBUG org.hibernate.SQL                    [ |  | ] - 
    select
        u1_0.id 
    from
        users u1_0 
    where
        u1_0.username=? 
    fetch
        first ? rows only
25-05-20 14:47:54.327 [Test worker] TRACE org.hibernate.orm.jdbc.bind          [ |  | ] - binding parameter (1:VARCHAR) <- [listuser]
25-05-20 14:47:54.327 [Test worker] TRACE org.hibernate.orm.jdbc.bind          [ |  | ] - binding parameter (2:INTEGER) <- [1]
25-05-20 14:47:54.329 [Test worker] INFO  c.s.m.d.s.basic.BasicUserService     [ |  | ] - 사용자 생성 완료: id=9c526216-2f4f-434a-a30d-fb630a07f6c5, username=listuser
25-05-20 14:47:54.330 [Test worker] DEBUG c.s.m.d.s.basic.BasicChannelService  [ |  | ] - 채널 생성 시작: PublicChannelCreateRequest[name=목록 테스트 채널 1, description=목록 테스트 채널 설명입니다.]
25-05-20 14:47:54.331 [Test worker] INFO  c.s.m.d.s.basic.BasicChannelService  [ |  | ] - 채널 생성 완료: id=f2bdb149-7309-47ee-9833-3c59d907ee64, name=목록 테스트 채널 1
25-05-20 14:47:54.337 [Test worker] DEBUG org.hibernate.SQL                    [ |  | ] - 
    select
        m1_0.created_at 
    from
        messages m1_0 
    where
        m1_0.channel_id=? 
    order by
        m1_0.created_at desc 
    fetch
        first 1 rows only
25-05-20 14:47:54.339 [Test worker] TRACE org.hibernate.orm.jdbc.bind          [ |  | ] - binding parameter (1:UUID) <- [f2bdb149-7309-47ee-9833-3c59d907ee64]
25-05-20 14:47:54.341 [Test worker] DEBUG c.s.m.d.s.basic.BasicChannelService  [ |  | ] - 채널 생성 시작: PublicChannelCreateRequest[name=목록 테스트 채널 2, description=목록 테스트 채널 설명입니다.]
25-05-20 14:47:54.343 [Test worker] INFO  c.s.m.d.s.basic.BasicChannelService  [ |  | ] - 채널 생성 완료: id=eed56991-367c-4930-ba7b-cd6fe9592bbc, name=목록 테스트 채널 2
25-05-20 14:47:54.344 [Test worker] DEBUG org.hibernate.SQL                    [ |  | ] - 
    select
        m1_0.created_at 
    from
        messages m1_0 
    where
        m1_0.channel_id=? 
    order by
        m1_0.created_at desc 
    fetch
        first 1 rows only
25-05-20 14:47:54.345 [Test worker] TRACE org.hibernate.orm.jdbc.bind          [ |  | ] - binding parameter (1:UUID) <- [eed56991-367c-4930-ba7b-cd6fe9592bbc]
25-05-20 14:47:54.346 [Test worker] DEBUG c.s.m.d.s.b.BasicReadStatusService   [ |  | ] - 읽음 상태 생성 시작: userId=9c526216-2f4f-434a-a30d-fb630a07f6c5, channelId=f2bdb149-7309-47ee-9833-3c59d907ee64
25-05-20 14:47:54.354 [Test worker] DEBUG org.hibernate.SQL                    [ |  | ] - 
    select
        rs1_0.id 
    from
        read_statuses rs1_0 
    where
        rs1_0.user_id=? 
        and rs1_0.channel_id=? 
    fetch
        first ? rows only
25-05-20 14:47:54.355 [Test worker] TRACE org.hibernate.orm.jdbc.bind          [ |  | ] - binding parameter (1:UUID) <- [9c526216-2f4f-434a-a30d-fb630a07f6c5]
25-05-20 14:47:54.355 [Test worker] TRACE org.hibernate.orm.jdbc.bind          [ |  | ] - binding parameter (2:UUID) <- [f2bdb149-7309-47ee-9833-3c59d907ee64]
25-05-20 14:47:54.355 [Test worker] TRACE org.hibernate.orm.jdbc.bind          [ |  | ] - binding parameter (3:INTEGER) <- [1]
25-05-20 14:47:54.358 [Test worker] INFO  c.s.m.d.s.b.BasicReadStatusService   [ |  | ] - 읽음 상태 생성 완료: id=fcff5112-b1da-45fc-bc91-9ca707888d67, userId=9c526216-2f4f-434a-a30d-fb630a07f6c5, channelId=f2bdb149-7309-47ee-9833-3c59d907ee64
25-05-20 14:47:54.359 [Test worker] DEBUG c.s.m.d.s.b.BasicReadStatusService   [ |  | ] - 읽음 상태 생성 시작: userId=9c526216-2f4f-434a-a30d-fb630a07f6c5, channelId=eed56991-367c-4930-ba7b-cd6fe9592bbc
25-05-20 14:47:54.367 [Test worker] DEBUG org.hibernate.SQL                    [ |  | ] - 
    insert 
    into
        users
        (created_at, email, password, profile_id, updated_at, username, id) 
    values
        (?, ?, ?, ?, ?, ?, ?)
25-05-20 14:47:54.369 [Test worker] TRACE org.hibernate.orm.jdbc.bind          [ |  | ] - binding parameter (1:TIMESTAMP_UTC) <- [2025-05-20T05:47:54.328569Z]
25-05-20 14:47:54.369 [Test worker] TRACE org.hibernate.orm.jdbc.bind          [ |  | ] - binding parameter (2:VARCHAR) <- [list@example.com]
25-05-20 14:47:54.369 [Test worker] TRACE org.hibernate.orm.jdbc.bind          [ |  | ] - binding parameter (3:VARCHAR) <- [Password1!]
25-05-20 14:47:54.369 [Test worker] TRACE org.hibernate.orm.jdbc.bind          [ |  | ] - binding parameter (4:UUID) <- [null]
25-05-20 14:47:54.370 [Test worker] TRACE org.hibernate.orm.jdbc.bind          [ |  | ] - binding parameter (5:TIMESTAMP_UTC) <- [2025-05-20T05:47:54.328569Z]
25-05-20 14:47:54.370 [Test worker] TRACE org.hibernate.orm.jdbc.bind          [ |  | ] - binding parameter (6:VARCHAR) <- [listuser]
25-05-20 14:47:54.370 [Test worker] TRACE org.hibernate.orm.jdbc.bind          [ |  | ] - binding parameter (7:UUID) <- [9c526216-2f4f-434a-a30d-fb630a07f6c5]
25-05-20 14:47:54.371 [Test worker] DEBUG org.hibernate.SQL                    [ |  | ] - 
    insert 
    into
        user_statuses
        (created_at, last_active_at, updated_at, user_id, id) 
    values
        (?, ?, ?, ?, ?)
25-05-20 14:47:54.372 [Test worker] TRACE org.hibernate.orm.jdbc.bind          [ |  | ] - binding parameter (1:TIMESTAMP_UTC) <- [2025-05-20T05:47:54.329168Z]
25-05-20 14:47:54.372 [Test worker] TRACE org.hibernate.orm.jdbc.bind          [ |  | ] - binding parameter (2:TIMESTAMP_UTC) <- [2025-05-20T05:47:54.328271Z]
25-05-20 14:47:54.372 [Test worker] TRACE org.hibernate.orm.jdbc.bind          [ |  | ] - binding parameter (3:TIMESTAMP_UTC) <- [2025-05-20T05:47:54.329168Z]
25-05-20 14:47:54.372 [Test worker] TRACE org.hibernate.orm.jdbc.bind          [ |  | ] - binding parameter (4:UUID) <- [9c526216-2f4f-434a-a30d-fb630a07f6c5]
25-05-20 14:47:54.372 [Test worker] TRACE org.hibernate.orm.jdbc.bind          [ |  | ] - binding parameter (5:UUID) <- [bc8792cf-85f3-41d4-8083-1825ff7ad830]
25-05-20 14:47:54.373 [Test worker] DEBUG org.hibernate.SQL                    [ |  | ] - 
    insert 
    into
        channels
        (created_at, description, name, type, updated_at, id) 
    values
        (?, ?, ?, ?, ?, ?)
25-05-20 14:47:54.374 [Test worker] TRACE org.hibernate.orm.jdbc.bind          [ |  | ] - binding parameter (1:TIMESTAMP_UTC) <- [2025-05-20T05:47:54.330797Z]
25-05-20 14:47:54.374 [Test worker] TRACE org.hibernate.orm.jdbc.bind          [ |  | ] - binding parameter (2:VARCHAR) <- [목록 테스트 채널 설명입니다.]
25-05-20 14:47:54.374 [Test worker] TRACE org.hibernate.orm.jdbc.bind          [ |  | ] - binding parameter (3:VARCHAR) <- [목록 테스트 채널 1]
25-05-20 14:47:54.375 [Test worker] TRACE org.hibernate.orm.jdbc.bind          [ |  | ] - binding parameter (4:ENUM) <- [PUBLIC]
25-05-20 14:47:54.375 [Test worker] TRACE org.hibernate.orm.jdbc.bind          [ |  | ] - binding parameter (5:TIMESTAMP_UTC) <- [2025-05-20T05:47:54.330797Z]
25-05-20 14:47:54.375 [Test worker] TRACE org.hibernate.orm.jdbc.bind          [ |  | ] - binding parameter (6:UUID) <- [f2bdb149-7309-47ee-9833-3c59d907ee64]
25-05-20 14:47:54.376 [Test worker] DEBUG org.hibernate.SQL                    [ |  | ] - 
    insert 
    into
        channels
        (created_at, description, name, type, updated_at, id) 
    values
        (?, ?, ?, ?, ?, ?)
25-05-20 14:47:54.376 [Test worker] TRACE org.hibernate.orm.jdbc.bind          [ |  | ] - binding parameter (1:TIMESTAMP_UTC) <- [2025-05-20T05:47:54.342079Z]
25-05-20 14:47:54.376 [Test worker] TRACE org.hibernate.orm.jdbc.bind          [ |  | ] - binding parameter (2:VARCHAR) <- [목록 테스트 채널 설명입니다.]
25-05-20 14:47:54.376 [Test worker] TRACE org.hibernate.orm.jdbc.bind          [ |  | ] - binding parameter (3:VARCHAR) <- [목록 테스트 채널 2]
25-05-20 14:47:54.376 [Test worker] TRACE org.hibernate.orm.jdbc.bind          [ |  | ] - binding parameter (4:ENUM) <- [PUBLIC]
25-05-20 14:47:54.376 [Test worker] TRACE org.hibernate.orm.jdbc.bind          [ |  | ] - binding parameter (5:TIMESTAMP_UTC) <- [2025-05-20T05:47:54.342079Z]
25-05-20 14:47:54.376 [Test worker] TRACE org.hibernate.orm.jdbc.bind          [ |  | ] - binding parameter (6:UUID) <- [eed56991-367c-4930-ba7b-cd6fe9592bbc]
25-05-20 14:47:54.377 [Test worker] DEBUG org.hibernate.SQL                    [ |  | ] - 
    insert 
    into
        read_statuses
        (channel_id, created_at, last_read_at, updated_at, user_id, id) 
    values
        (?, ?, ?, ?, ?, ?)
25-05-20 14:47:54.378 [Test worker] TRACE org.hibernate.orm.jdbc.bind          [ |  | ] - binding parameter (1:UUID) <- [f2bdb149-7309-47ee-9833-3c59d907ee64]
25-05-20 14:47:54.378 [Test worker] TRACE org.hibernate.orm.jdbc.bind          [ |  | ] - binding parameter (2:TIMESTAMP_UTC) <- [2025-05-20T05:47:54.357365Z]
25-05-20 14:47:54.378 [Test worker] TRACE org.hibernate.orm.jdbc.bind          [ |  | ] - binding parameter (3:TIMESTAMP_UTC) <- [2025-05-20T04:47:54.345989Z]
25-05-20 14:47:54.378 [Test worker] TRACE org.hibernate.orm.jdbc.bind          [ |  | ] - binding parameter (4:TIMESTAMP_UTC) <- [2025-05-20T05:47:54.357365Z]
25-05-20 14:47:54.378 [Test worker] TRACE org.hibernate.orm.jdbc.bind          [ |  | ] - binding parameter (5:UUID) <- [9c526216-2f4f-434a-a30d-fb630a07f6c5]
25-05-20 14:47:54.378 [Test worker] TRACE org.hibernate.orm.jdbc.bind          [ |  | ] - binding parameter (6:UUID) <- [fcff5112-b1da-45fc-bc91-9ca707888d67]
25-05-20 14:47:54.379 [Test worker] DEBUG org.hibernate.SQL                    [ |  | ] - 
    select
        rs1_0.id 
    from
        read_statuses rs1_0 
    where
        rs1_0.user_id=? 
        and rs1_0.channel_id=? 
    fetch
        first ? rows only
25-05-20 14:47:54.379 [Test worker] TRACE org.hibernate.orm.jdbc.bind          [ |  | ] - binding parameter (1:UUID) <- [9c526216-2f4f-434a-a30d-fb630a07f6c5]
25-05-20 14:47:54.380 [Test worker] TRACE org.hibernate.orm.jdbc.bind          [ |  | ] - binding parameter (2:UUID) <- [eed56991-367c-4930-ba7b-cd6fe9592bbc]
25-05-20 14:47:54.380 [Test worker] TRACE org.hibernate.orm.jdbc.bind          [ |  | ] - binding parameter (3:INTEGER) <- [1]
25-05-20 14:47:54.382 [Test worker] INFO  c.s.m.d.s.b.BasicReadStatusService   [ |  | ] - 읽음 상태 생성 완료: id=fc7bd58b-8311-4d34-8b52-cf971d42394d, userId=9c526216-2f4f-434a-a30d-fb630a07f6c5, channelId=eed56991-367c-4930-ba7b-cd6fe9592bbc
25-05-20 14:47:54.384 [Test worker] DEBUG c.s.m.d.config.MDCLoggingInterceptor [a7f7b167d68d47429021d09878a76413 | GET | /api/readStatuses] - Request started
25-05-20 14:47:54.384 [Test worker] INFO  c.s.m.d.c.ReadStatusController       [a7f7b167d68d47429021d09878a76413 | GET | /api/readStatuses] - 사용자별 읽음 상태 목록 조회 요청: userId=9c526216-2f4f-434a-a30d-fb630a07f6c5
25-05-20 14:47:54.385 [Test worker] DEBUG c.s.m.d.s.b.BasicReadStatusService   [a7f7b167d68d47429021d09878a76413 | GET | /api/readStatuses] - 사용자별 읽음 상태 목록 조회 시작: userId=9c526216-2f4f-434a-a30d-fb630a07f6c5
25-05-20 14:47:54.386 [Test worker] DEBUG org.hibernate.SQL                    [a7f7b167d68d47429021d09878a76413 | GET | /api/readStatuses] - 
    insert 
    into
        read_statuses
        (channel_id, created_at, last_read_at, updated_at, user_id, id) 
    values
        (?, ?, ?, ?, ?, ?)
25-05-20 14:47:54.387 [Test worker] TRACE org.hibernate.orm.jdbc.bind          [a7f7b167d68d47429021d09878a76413 | GET | /api/readStatuses] - binding parameter (1:UUID) <- [eed56991-367c-4930-ba7b-cd6fe9592bbc]
25-05-20 14:47:54.387 [Test worker] TRACE org.hibernate.orm.jdbc.bind          [a7f7b167d68d47429021d09878a76413 | GET | /api/readStatuses] - binding parameter (2:TIMESTAMP_UTC) <- [2025-05-20T05:47:54.381854Z]
25-05-20 14:47:54.387 [Test worker] TRACE org.hibernate.orm.jdbc.bind          [a7f7b167d68d47429021d09878a76413 | GET | /api/readStatuses] - binding parameter (3:TIMESTAMP_UTC) <- [2025-05-20T05:47:54.346001Z]
25-05-20 14:47:54.387 [Test worker] TRACE org.hibernate.orm.jdbc.bind          [a7f7b167d68d47429021d09878a76413 | GET | /api/readStatuses] - binding parameter (4:TIMESTAMP_UTC) <- [2025-05-20T05:47:54.381854Z]
25-05-20 14:47:54.387 [Test worker] TRACE org.hibernate.orm.jdbc.bind          [a7f7b167d68d47429021d09878a76413 | GET | /api/readStatuses] - binding parameter (5:UUID) <- [9c526216-2f4f-434a-a30d-fb630a07f6c5]
25-05-20 14:47:54.387 [Test worker] TRACE org.hibernate.orm.jdbc.bind          [a7f7b167d68d47429021d09878a76413 | GET | /api/readStatuses] - binding parameter (6:UUID) <- [fc7bd58b-8311-4d34-8b52-cf971d42394d]
25-05-20 14:47:54.388 [Test worker] DEBUG org.hibernate.SQL                    [a7f7b167d68d47429021d09878a76413 | GET | /api/readStatuses] - 
    select
        rs1_0.id,
        rs1_0.channel_id,
        rs1_0.created_at,
        rs1_0.last_read_at,
        rs1_0.updated_at,
        rs1_0.user_id 
    from
        read_statuses rs1_0 
    where
        rs1_0.user_id=?
25-05-20 14:47:54.388 [Test worker] TRACE org.hibernate.orm.jdbc.bind          [a7f7b167d68d47429021d09878a76413 | GET | /api/readStatuses] - binding parameter (1:UUID) <- [9c526216-2f4f-434a-a30d-fb630a07f6c5]
25-05-20 14:47:54.389 [Test worker] INFO  c.s.m.d.s.b.BasicReadStatusService   [a7f7b167d68d47429021d09878a76413 | GET | /api/readStatuses] - 사용자별 읽음 상태 목록 조회 완료: userId=9c526216-2f4f-434a-a30d-fb630a07f6c5, 조회된 항목 수=2
25-05-20 14:47:54.390 [Test worker] DEBUG c.s.m.d.c.ReadStatusController       [a7f7b167d68d47429021d09878a76413 | GET | /api/readStatuses] - 사용자별 읽음 상태 목록 조회 응답: count=2
25-05-20 14:47:54.392 [Test worker] DEBUG c.s.m.d.config.MDCLoggingInterceptor [a7f7b167d68d47429021d09878a76413 | GET | /api/readStatuses] - Request completed
25-05-20 14:47:54.421 [Test worker] DEBUG c.s.m.d.s.basic.BasicUserService     [ |  | ] - 사용자 생성 시작: UserCreateRequest[username=updateuser, email=update@example.com, password=Password1!]
25-05-20 14:47:54.422 [Test worker] DEBUG org.hibernate.SQL                    [ |  | ] - 
    select
        u1_0.id 
    from
        users u1_0 
    where
        u1_0.email=? 
    fetch
        first ? rows only
25-05-20 14:47:54.423 [Test worker] TRACE org.hibernate.orm.jdbc.bind          [ |  | ] - binding parameter (1:VARCHAR) <- [update@example.com]
25-05-20 14:47:54.423 [Test worker] TRACE org.hibernate.orm.jdbc.bind          [ |  | ] - binding parameter (2:INTEGER) <- [1]
25-05-20 14:47:54.426 [Test worker] DEBUG org.hibernate.SQL                    [ |  | ] - 
    select
        u1_0.id 
    from
        users u1_0 
    where
        u1_0.username=? 
    fetch
        first ? rows only
25-05-20 14:47:54.427 [Test worker] TRACE org.hibernate.orm.jdbc.bind          [ |  | ] - binding parameter (1:VARCHAR) <- [updateuser]
25-05-20 14:47:54.427 [Test worker] TRACE org.hibernate.orm.jdbc.bind          [ |  | ] - binding parameter (2:INTEGER) <- [1]
25-05-20 14:47:54.430 [Test worker] INFO  c.s.m.d.s.basic.BasicUserService     [ |  | ] - 사용자 생성 완료: id=108a6290-f6e1-4f1b-990d-555155b5d554, username=updateuser
25-05-20 14:47:54.430 [Test worker] DEBUG c.s.m.d.s.basic.BasicChannelService  [ |  | ] - 채널 생성 시작: PublicChannelCreateRequest[name=업데이트 테스트 채널, description=업데이트 테스트 채널 설명입니다.]
25-05-20 14:47:54.431 [Test worker] INFO  c.s.m.d.s.basic.BasicChannelService  [ |  | ] - 채널 생성 완료: id=51029c4a-5aeb-4fbf-9c63-554c0b20e339, name=업데이트 테스트 채널
25-05-20 14:47:54.435 [Test worker] DEBUG org.hibernate.SQL                    [ |  | ] - 
    select
        m1_0.created_at 
    from
        messages m1_0 
    where
        m1_0.channel_id=? 
    order by
        m1_0.created_at desc 
    fetch
        first 1 rows only
25-05-20 14:47:54.437 [Test worker] TRACE org.hibernate.orm.jdbc.bind          [ |  | ] - binding parameter (1:UUID) <- [51029c4a-5aeb-4fbf-9c63-554c0b20e339]
25-05-20 14:47:54.438 [Test worker] DEBUG c.s.m.d.s.b.BasicReadStatusService   [ |  | ] - 읽음 상태 생성 시작: userId=108a6290-f6e1-4f1b-990d-555155b5d554, channelId=51029c4a-5aeb-4fbf-9c63-554c0b20e339
25-05-20 14:47:54.444 [Test worker] DEBUG org.hibernate.SQL                    [ |  | ] - 
    select
        rs1_0.id 
    from
        read_statuses rs1_0 
    where
        rs1_0.user_id=? 
        and rs1_0.channel_id=? 
    fetch
        first ? rows only
25-05-20 14:47:54.445 [Test worker] TRACE org.hibernate.orm.jdbc.bind          [ |  | ] - binding parameter (1:UUID) <- [108a6290-f6e1-4f1b-990d-555155b5d554]
25-05-20 14:47:54.445 [Test worker] TRACE org.hibernate.orm.jdbc.bind          [ |  | ] - binding parameter (2:UUID) <- [51029c4a-5aeb-4fbf-9c63-554c0b20e339]
25-05-20 14:47:54.445 [Test worker] TRACE org.hibernate.orm.jdbc.bind          [ |  | ] - binding parameter (3:INTEGER) <- [1]
25-05-20 14:47:54.448 [Test worker] INFO  c.s.m.d.s.b.BasicReadStatusService   [ |  | ] - 읽음 상태 생성 완료: id=c3ffebf7-9bb7-4d43-97a5-3b7dc82ff620, userId=108a6290-f6e1-4f1b-990d-555155b5d554, channelId=51029c4a-5aeb-4fbf-9c63-554c0b20e339
25-05-20 14:47:54.451 [Test worker] DEBUG c.s.m.d.config.MDCLoggingInterceptor [2ea1c16946d040f4a32f07a46160ae50 | PATCH | /api/readStatuses/c3ffebf7-9bb7-4d43-97a5-3b7dc82ff620] - Request started
25-05-20 14:47:54.460 [Test worker] INFO  c.s.m.d.c.ReadStatusController       [2ea1c16946d040f4a32f07a46160ae50 | PATCH | /api/readStatuses/c3ffebf7-9bb7-4d43-97a5-3b7dc82ff620] - 읽음 상태 수정 요청: id=c3ffebf7-9bb7-4d43-97a5-3b7dc82ff620, request=ReadStatusUpdateRequest[newLastReadAt=2025-05-20T05:47:54.449167Z]
25-05-20 14:47:54.462 [Test worker] DEBUG c.s.m.d.s.b.BasicReadStatusService   [2ea1c16946d040f4a32f07a46160ae50 | PATCH | /api/readStatuses/c3ffebf7-9bb7-4d43-97a5-3b7dc82ff620] - 읽음 상태 수정 시작: id=c3ffebf7-9bb7-4d43-97a5-3b7dc82ff620, newLastReadAt=2025-05-20T05:47:54.449167Z
25-05-20 14:47:54.465 [Test worker] INFO  c.s.m.d.s.b.BasicReadStatusService   [2ea1c16946d040f4a32f07a46160ae50 | PATCH | /api/readStatuses/c3ffebf7-9bb7-4d43-97a5-3b7dc82ff620] - 읽음 상태 수정 완료: id=c3ffebf7-9bb7-4d43-97a5-3b7dc82ff620
25-05-20 14:47:54.466 [Test worker] DEBUG c.s.m.d.c.ReadStatusController       [2ea1c16946d040f4a32f07a46160ae50 | PATCH | /api/readStatuses/c3ffebf7-9bb7-4d43-97a5-3b7dc82ff620] - 읽음 상태 수정 응답: ReadStatusDto[id=c3ffebf7-9bb7-4d43-97a5-3b7dc82ff620, userId=108a6290-f6e1-4f1b-990d-555155b5d554, channelId=51029c4a-5aeb-4fbf-9c63-554c0b20e339, lastReadAt=2025-05-20T05:47:54.449167Z]
25-05-20 14:47:54.481 [Test worker] DEBUG c.s.m.d.config.MDCLoggingInterceptor [2ea1c16946d040f4a32f07a46160ae50 | PATCH | /api/readStatuses/c3ffebf7-9bb7-4d43-97a5-3b7dc82ff620] - Request completed
25-05-20 14:47:54.508 [Test worker] DEBUG c.s.m.d.s.basic.BasicUserService     [ |  | ] - 사용자 생성 시작: UserCreateRequest[username=readstatususer, email=readstatus@example.com, password=Password1!]
25-05-20 14:47:54.510 [Test worker] DEBUG org.hibernate.SQL                    [ |  | ] - 
    select
        u1_0.id 
    from
        users u1_0 
    where
        u1_0.email=? 
    fetch
        first ? rows only
25-05-20 14:47:54.510 [Test worker] TRACE org.hibernate.orm.jdbc.bind          [ |  | ] - binding parameter (1:VARCHAR) <- [readstatus@example.com]
25-05-20 14:47:54.511 [Test worker] TRACE org.hibernate.orm.jdbc.bind          [ |  | ] - binding parameter (2:INTEGER) <- [1]
25-05-20 14:47:54.516 [Test worker] DEBUG org.hibernate.SQL                    [ |  | ] - 
    select
        u1_0.id 
    from
        users u1_0 
    where
        u1_0.username=? 
    fetch
        first ? rows only
25-05-20 14:47:54.519 [Test worker] TRACE org.hibernate.orm.jdbc.bind          [ |  | ] - binding parameter (1:VARCHAR) <- [readstatususer]
25-05-20 14:47:54.519 [Test worker] TRACE org.hibernate.orm.jdbc.bind          [ |  | ] - binding parameter (2:INTEGER) <- [1]
25-05-20 14:47:54.521 [Test worker] INFO  c.s.m.d.s.basic.BasicUserService     [ |  | ] - 사용자 생성 완료: id=652a59bc-0113-45c0-bbd3-e50f21e16b81, username=readstatususer
25-05-20 14:47:54.521 [Test worker] DEBUG c.s.m.d.s.basic.BasicChannelService  [ |  | ] - 채널 생성 시작: PublicChannelCreateRequest[name=읽음 상태 테스트 채널, description=읽음 상태 테스트 채널 설명입니다.]
25-05-20 14:47:54.522 [Test worker] INFO  c.s.m.d.s.basic.BasicChannelService  [ |  | ] - 채널 생성 완료: id=92c1e7aa-9542-48b1-a0c7-809015822d3f, name=읽음 상태 테스트 채널
25-05-20 14:47:54.523 [Test worker] DEBUG org.hibernate.SQL                    [ |  | ] - 
    select
        m1_0.created_at 
    from
        messages m1_0 
    where
        m1_0.channel_id=? 
    order by
        m1_0.created_at desc 
    fetch
        first 1 rows only
25-05-20 14:47:54.524 [Test worker] TRACE org.hibernate.orm.jdbc.bind          [ |  | ] - binding parameter (1:UUID) <- [92c1e7aa-9542-48b1-a0c7-809015822d3f]
25-05-20 14:47:54.526 [Test worker] DEBUG c.s.m.d.config.MDCLoggingInterceptor [a58a7cc7f6434e8fb771b6157c5b7fc5 | POST | /api/readStatuses] - Request started
25-05-20 14:47:54.534 [Test worker] INFO  c.s.m.d.c.ReadStatusController       [a58a7cc7f6434e8fb771b6157c5b7fc5 | POST | /api/readStatuses] - 읽음 상태 생성 요청: ReadStatusCreateRequest[userId=652a59bc-0113-45c0-bbd3-e50f21e16b81, channelId=92c1e7aa-9542-48b1-a0c7-809015822d3f, lastReadAt=2025-05-20T05:47:54.524606Z]
25-05-20 14:47:54.534 [Test worker] DEBUG c.s.m.d.s.b.BasicReadStatusService   [a58a7cc7f6434e8fb771b6157c5b7fc5 | POST | /api/readStatuses] - 읽음 상태 생성 시작: userId=652a59bc-0113-45c0-bbd3-e50f21e16b81, channelId=92c1e7aa-9542-48b1-a0c7-809015822d3f
25-05-20 14:47:54.537 [Test worker] DEBUG org.hibernate.SQL                    [a58a7cc7f6434e8fb771b6157c5b7fc5 | POST | /api/readStatuses] - 
    select
        rs1_0.id 
    from
        read_statuses rs1_0 
    where
        rs1_0.user_id=? 
        and rs1_0.channel_id=? 
    fetch
        first ? rows only
25-05-20 14:47:54.538 [Test worker] TRACE org.hibernate.orm.jdbc.bind          [a58a7cc7f6434e8fb771b6157c5b7fc5 | POST | /api/readStatuses] - binding parameter (1:UUID) <- [652a59bc-0113-45c0-bbd3-e50f21e16b81]
25-05-20 14:47:54.539 [Test worker] TRACE org.hibernate.orm.jdbc.bind          [a58a7cc7f6434e8fb771b6157c5b7fc5 | POST | /api/readStatuses] - binding parameter (2:UUID) <- [92c1e7aa-9542-48b1-a0c7-809015822d3f]
25-05-20 14:47:54.539 [Test worker] TRACE org.hibernate.orm.jdbc.bind          [a58a7cc7f6434e8fb771b6157c5b7fc5 | POST | /api/readStatuses] - binding parameter (3:INTEGER) <- [1]
25-05-20 14:47:54.540 [Test worker] INFO  c.s.m.d.s.b.BasicReadStatusService   [a58a7cc7f6434e8fb771b6157c5b7fc5 | POST | /api/readStatuses] - 읽음 상태 생성 완료: id=400c1372-6cff-4059-8f6b-b382de11766f, userId=652a59bc-0113-45c0-bbd3-e50f21e16b81, channelId=92c1e7aa-9542-48b1-a0c7-809015822d3f
25-05-20 14:47:54.540 [Test worker] DEBUG c.s.m.d.c.ReadStatusController       [a58a7cc7f6434e8fb771b6157c5b7fc5 | POST | /api/readStatuses] - 읽음 상태 생성 응답: ReadStatusDto[id=400c1372-6cff-4059-8f6b-b382de11766f, userId=652a59bc-0113-45c0-bbd3-e50f21e16b81, channelId=92c1e7aa-9542-48b1-a0c7-809015822d3f, lastReadAt=2025-05-20T05:47:54.524606Z]
25-05-20 14:47:54.541 [Test worker] DEBUG c.s.m.d.config.MDCLoggingInterceptor [a58a7cc7f6434e8fb771b6157c5b7fc5 | POST | /api/readStatuses] - Request completed
25-05-20 14:47:54.552 [Test worker] DEBUG c.s.m.d.config.MDCLoggingInterceptor [47abc8522f774ad29bd2c406d66ec895 | PATCH | /api/readStatuses/8385a9f8-8b35-4c2a-b667-e1472338ebbe] - Request started
25-05-20 14:47:54.554 [Test worker] INFO  c.s.m.d.c.ReadStatusController       [47abc8522f774ad29bd2c406d66ec895 | PATCH | /api/readStatuses/8385a9f8-8b35-4c2a-b667-e1472338ebbe] - 읽음 상태 수정 요청: id=8385a9f8-8b35-4c2a-b667-e1472338ebbe, request=ReadStatusUpdateRequest[newLastReadAt=2025-05-20T05:47:54.551677Z]
25-05-20 14:47:54.554 [Test worker] DEBUG c.s.m.d.s.b.BasicReadStatusService   [47abc8522f774ad29bd2c406d66ec895 | PATCH | /api/readStatuses/8385a9f8-8b35-4c2a-b667-e1472338ebbe] - 읽음 상태 수정 시작: id=8385a9f8-8b35-4c2a-b667-e1472338ebbe, newLastReadAt=2025-05-20T05:47:54.551677Z
25-05-20 14:47:54.555 [Test worker] DEBUG org.hibernate.SQL                    [47abc8522f774ad29bd2c406d66ec895 | PATCH | /api/readStatuses/8385a9f8-8b35-4c2a-b667-e1472338ebbe] - 
    select
        rs1_0.id,
        rs1_0.channel_id,
        rs1_0.created_at,
        rs1_0.last_read_at,
        rs1_0.updated_at,
        rs1_0.user_id 
    from
        read_statuses rs1_0 
    where
        rs1_0.id=?
25-05-20 14:47:54.555 [Test worker] TRACE org.hibernate.orm.jdbc.bind          [47abc8522f774ad29bd2c406d66ec895 | PATCH | /api/readStatuses/8385a9f8-8b35-4c2a-b667-e1472338ebbe] - binding parameter (1:UUID) <- [8385a9f8-8b35-4c2a-b667-e1472338ebbe]
25-05-20 14:47:54.557 [Test worker] ERROR c.s.m.d.e.GlobalExceptionHandler     [47abc8522f774ad29bd2c406d66ec895 | PATCH | /api/readStatuses/8385a9f8-8b35-4c2a-b667-e1472338ebbe] - 커스텀 예외 발생: code=READ_STATUS_NOT_FOUND, message=읽음 상태를 찾을 수 없습니다.
com.sprint.mission.discodeit.exception.readstatus.ReadStatusNotFoundException: 읽음 상태를 찾을 수 없습니다.
	at com.sprint.mission.discodeit.exception.readstatus.ReadStatusNotFoundException.withId(ReadStatusNotFoundException.java:13)
	at com.sprint.mission.discodeit.service.basic.BasicReadStatusService.lambda$update$3(BasicReadStatusService.java:88)
	at java.base/java.util.Optional.orElseThrow(Optional.java:403)
	at com.sprint.mission.discodeit.service.basic.BasicReadStatusService.update(BasicReadStatusService.java:88)
	at java.base/jdk.internal.reflect.NativeMethodAccessorImpl.invoke0(Native Method)
	at java.base/jdk.internal.reflect.NativeMethodAccessorImpl.invoke(NativeMethodAccessorImpl.java:77)
	at java.base/jdk.internal.reflect.DelegatingMethodAccessorImpl.invoke(DelegatingMethodAccessorImpl.java:43)
	at java.base/java.lang.reflect.Method.invoke(Method.java:569)
	at org.springframework.aop.support.AopUtils.invokeJoinpointUsingReflection(AopUtils.java:359)
	at org.springframework.aop.framework.ReflectiveMethodInvocation.invokeJoinpoint(ReflectiveMethodInvocation.java:196)
	at org.springframework.aop.framework.ReflectiveMethodInvocation.proceed(ReflectiveMethodInvocation.java:163)
	at org.springframework.transaction.interceptor.TransactionAspectSupport.invokeWithinTransaction(TransactionAspectSupport.java:380)
	at org.springframework.transaction.interceptor.TransactionInterceptor.invoke(TransactionInterceptor.java:119)
	at org.springframework.aop.framework.ReflectiveMethodInvocation.proceed(ReflectiveMethodInvocation.java:184)
	at org.springframework.aop.framework.CglibAopProxy$DynamicAdvisedInterceptor.intercept(CglibAopProxy.java:727)
	at com.sprint.mission.discodeit.service.basic.BasicReadStatusService$$SpringCGLIB$$0.update(<generated>)
	at com.sprint.mission.discodeit.controller.ReadStatusController.update(ReadStatusController.java:46)
	at java.base/jdk.internal.reflect.NativeMethodAccessorImpl.invoke0(Native Method)
	at java.base/jdk.internal.reflect.NativeMethodAccessorImpl.invoke(NativeMethodAccessorImpl.java:77)
	at java.base/jdk.internal.reflect.DelegatingMethodAccessorImpl.invoke(DelegatingMethodAccessorImpl.java:43)
	at java.base/java.lang.reflect.Method.invoke(Method.java:569)
	at org.springframework.web.method.support.InvocableHandlerMethod.doInvoke(InvocableHandlerMethod.java:255)
	at org.springframework.web.method.support.InvocableHandlerMethod.invokeForRequest(InvocableHandlerMethod.java:188)
	at org.springframework.web.servlet.mvc.method.annotation.ServletInvocableHandlerMethod.invokeAndHandle(ServletInvocableHandlerMethod.java:118)
	at org.springframework.web.servlet.mvc.method.annotation.RequestMappingHandlerAdapter.invokeHandlerMethod(RequestMappingHandlerAdapter.java:986)
	at org.springframework.web.servlet.mvc.method.annotation.RequestMappingHandlerAdapter.handleInternal(RequestMappingHandlerAdapter.java:891)
	at org.springframework.web.servlet.mvc.method.AbstractHandlerMethodAdapter.handle(AbstractHandlerMethodAdapter.java:87)
	at org.springframework.web.servlet.DispatcherServlet.doDispatch(DispatcherServlet.java:1088)
	at org.springframework.web.servlet.DispatcherServlet.doService(DispatcherServlet.java:978)
	at org.springframework.web.servlet.FrameworkServlet.processRequest(FrameworkServlet.java:1014)
	at org.springframework.web.servlet.FrameworkServlet.service(FrameworkServlet.java:888)
	at org.springframework.test.web.servlet.TestDispatcherServlet.service(TestDispatcherServlet.java:72)
	at jakarta.servlet.http.HttpServlet.service(HttpServlet.java:658)
	at org.springframework.mock.web.MockFilterChain$ServletFilterProxy.doFilter(MockFilterChain.java:165)
	at org.springframework.mock.web.MockFilterChain.doFilter(MockFilterChain.java:132)
	at org.springframework.web.filter.RequestContextFilter.doFilterInternal(RequestContextFilter.java:100)
	at org.springframework.web.filter.OncePerRequestFilter.doFilter(OncePerRequestFilter.java:116)
	at org.springframework.test.web.servlet.setup.MockMvcFilterDecorator.doFilter(MockMvcFilterDecorator.java:162)
	at org.springframework.mock.web.MockFilterChain.doFilter(MockFilterChain.java:132)
	at org.springframework.web.filter.FormContentFilter.doFilterInternal(FormContentFilter.java:93)
	at org.springframework.web.filter.OncePerRequestFilter.doFilter(OncePerRequestFilter.java:116)
	at org.springframework.test.web.servlet.setup.MockMvcFilterDecorator.doFilter(MockMvcFilterDecorator.java:162)
	at org.springframework.mock.web.MockFilterChain.doFilter(MockFilterChain.java:132)
	at org.springframework.web.filter.ServerHttpObservationFilter.doFilterInternal(ServerHttpObservationFilter.java:114)
	at org.springframework.web.filter.OncePerRequestFilter.doFilter(OncePerRequestFilter.java:116)
	at org.springframework.test.web.servlet.setup.MockMvcFilterDecorator.doFilter(MockMvcFilterDecorator.java:162)
	at org.springframework.mock.web.MockFilterChain.doFilter(MockFilterChain.java:132)
	at org.springframework.web.filter.CharacterEncodingFilter.doFilterInternal(CharacterEncodingFilter.java:201)
	at org.springframework.web.filter.OncePerRequestFilter.doFilter(OncePerRequestFilter.java:116)
	at org.springframework.test.web.servlet.setup.MockMvcFilterDecorator.doFilter(MockMvcFilterDecorator.java:162)
	at org.springframework.mock.web.MockFilterChain.doFilter(MockFilterChain.java:132)
	at org.springframework.test.web.servlet.MockMvc.perform(MockMvc.java:201)
	at com.sprint.mission.discodeit.integration.ReadStatusApiIntegrationTest.updateReadStatus_Failure_NotFound(ReadStatusApiIntegrationTest.java:209)
	at java.base/jdk.internal.reflect.NativeMethodAccessorImpl.invoke0(Native Method)
	at java.base/jdk.internal.reflect.NativeMethodAccessorImpl.invoke(NativeMethodAccessorImpl.java:77)
	at java.base/jdk.internal.reflect.DelegatingMethodAccessorImpl.invoke(DelegatingMethodAccessorImpl.java:43)
	at java.base/java.lang.reflect.Method.invoke(Method.java:569)
	at org.junit.platform.commons.util.ReflectionUtils.invokeMethod(ReflectionUtils.java:767)
	at org.junit.jupiter.engine.execution.MethodInvocation.proceed(MethodInvocation.java:60)
	at org.junit.jupiter.engine.execution.InvocationInterceptorChain$ValidatingInvocation.proceed(InvocationInterceptorChain.java:131)
	at org.junit.jupiter.engine.extension.TimeoutExtension.intercept(TimeoutExtension.java:156)
	at org.junit.jupiter.engine.extension.TimeoutExtension.interceptTestableMethod(TimeoutExtension.java:147)
	at org.junit.jupiter.engine.extension.TimeoutExtension.interceptTestMethod(TimeoutExtension.java:86)
	at org.junit.jupiter.engine.execution.InterceptingExecutableInvoker$ReflectiveInterceptorCall.lambda$ofVoidMethod$0(InterceptingExecutableInvoker.java:103)
	at org.junit.jupiter.engine.execution.InterceptingExecutableInvoker.lambda$invoke$0(InterceptingExecutableInvoker.java:93)
	at org.junit.jupiter.engine.execution.InvocationInterceptorChain$InterceptedInvocation.proceed(InvocationInterceptorChain.java:106)
	at org.junit.jupiter.engine.execution.InvocationInterceptorChain.proceed(InvocationInterceptorChain.java:64)
	at org.junit.jupiter.engine.execution.InvocationInterceptorChain.chainAndInvoke(InvocationInterceptorChain.java:45)
	at org.junit.jupiter.engine.execution.InvocationInterceptorChain.invoke(InvocationInterceptorChain.java:37)
	at org.junit.jupiter.engine.execution.InterceptingExecutableInvoker.invoke(InterceptingExecutableInvoker.java:92)
	at org.junit.jupiter.engine.execution.InterceptingExecutableInvoker.invoke(InterceptingExecutableInvoker.java:86)
	at org.junit.jupiter.engine.descriptor.TestMethodTestDescriptor.lambda$invokeTestMethod$8(TestMethodTestDescriptor.java:217)
	at org.junit.platform.engine.support.hierarchical.ThrowableCollector.execute(ThrowableCollector.java:73)
	at org.junit.jupiter.engine.descriptor.TestMethodTestDescriptor.invokeTestMethod(TestMethodTestDescriptor.java:213)
	at org.junit.jupiter.engine.descriptor.TestMethodTestDescriptor.execute(TestMethodTestDescriptor.java:138)
	at org.junit.jupiter.engine.descriptor.TestMethodTestDescriptor.execute(TestMethodTestDescriptor.java:68)
	at org.junit.platform.engine.support.hierarchical.NodeTestTask.lambda$executeRecursively$6(NodeTestTask.java:156)
	at org.junit.platform.engine.support.hierarchical.ThrowableCollector.execute(ThrowableCollector.java:73)
	at org.junit.platform.engine.support.hierarchical.NodeTestTask.lambda$executeRecursively$8(NodeTestTask.java:146)
	at org.junit.platform.engine.support.hierarchical.Node.around(Node.java:137)
	at org.junit.platform.engine.support.hierarchical.NodeTestTask.lambda$executeRecursively$9(NodeTestTask.java:144)
	at org.junit.platform.engine.support.hierarchical.ThrowableCollector.execute(ThrowableCollector.java:73)
	at org.junit.platform.engine.support.hierarchical.NodeTestTask.executeRecursively(NodeTestTask.java:143)
	at org.junit.platform.engine.support.hierarchical.NodeTestTask.execute(NodeTestTask.java:100)
	at java.base/java.util.ArrayList.forEach(ArrayList.java:1511)
	at org.junit.platform.engine.support.hierarchical.SameThreadHierarchicalTestExecutorService.invokeAll(SameThreadHierarchicalTestExecutorService.java:41)
	at org.junit.platform.engine.support.hierarchical.NodeTestTask.lambda$executeRecursively$6(NodeTestTask.java:160)
	at org.junit.platform.engine.support.hierarchical.ThrowableCollector.execute(ThrowableCollector.java:73)
	at org.junit.platform.engine.support.hierarchical.NodeTestTask.lambda$executeRecursively$8(NodeTestTask.java:146)
	at org.junit.platform.engine.support.hierarchical.Node.around(Node.java:137)
	at org.junit.platform.engine.support.hierarchical.NodeTestTask.lambda$executeRecursively$9(NodeTestTask.java:144)
	at org.junit.platform.engine.support.hierarchical.ThrowableCollector.execute(ThrowableCollector.java:73)
	at org.junit.platform.engine.support.hierarchical.NodeTestTask.executeRecursively(NodeTestTask.java:143)
	at org.junit.platform.engine.support.hierarchical.NodeTestTask.execute(NodeTestTask.java:100)
	at java.base/java.util.ArrayList.forEach(ArrayList.java:1511)
	at org.junit.platform.engine.support.hierarchical.SameThreadHierarchicalTestExecutorService.invokeAll(SameThreadHierarchicalTestExecutorService.java:41)
	at org.junit.platform.engine.support.hierarchical.NodeTestTask.lambda$executeRecursively$6(NodeTestTask.java:160)
	at org.junit.platform.engine.support.hierarchical.ThrowableCollector.execute(ThrowableCollector.java:73)
	at org.junit.platform.engine.support.hierarchical.NodeTestTask.lambda$executeRecursively$8(NodeTestTask.java:146)
	at org.junit.platform.engine.support.hierarchical.Node.around(Node.java:137)
	at org.junit.platform.engine.support.hierarchical.NodeTestTask.lambda$executeRecursively$9(NodeTestTask.java:144)
	at org.junit.platform.engine.support.hierarchical.ThrowableCollector.execute(ThrowableCollector.java:73)
	at org.junit.platform.engine.support.hierarchical.NodeTestTask.executeRecursively(NodeTestTask.java:143)
	at org.junit.platform.engine.support.hierarchical.NodeTestTask.execute(NodeTestTask.java:100)
	at org.junit.platform.engine.support.hierarchical.SameThreadHierarchicalTestExecutorService.submit(SameThreadHierarchicalTestExecutorService.java:35)
	at org.junit.platform.engine.support.hierarchical.HierarchicalTestExecutor.execute(HierarchicalTestExecutor.java:57)
	at org.junit.platform.engine.support.hierarchical.HierarchicalTestEngine.execute(HierarchicalTestEngine.java:54)
	at org.junit.platform.launcher.core.EngineExecutionOrchestrator.execute(EngineExecutionOrchestrator.java:198)
	at org.junit.platform.launcher.core.EngineExecutionOrchestrator.execute(EngineExecutionOrchestrator.java:169)
	at org.junit.platform.launcher.core.EngineExecutionOrchestrator.execute(EngineExecutionOrchestrator.java:93)
	at org.junit.platform.launcher.core.EngineExecutionOrchestrator.lambda$execute$0(EngineExecutionOrchestrator.java:58)
	at org.junit.platform.launcher.core.EngineExecutionOrchestrator.withInterceptedStreams(EngineExecutionOrchestrator.java:141)
	at org.junit.platform.launcher.core.EngineExecutionOrchestrator.execute(EngineExecutionOrchestrator.java:57)
	at org.junit.platform.launcher.core.DefaultLauncher.execute(DefaultLauncher.java:103)
	at org.junit.platform.launcher.core.DefaultLauncher.execute(DefaultLauncher.java:85)
	at org.junit.platform.launcher.core.DelegatingLauncher.execute(DelegatingLauncher.java:47)
	at org.gradle.api.internal.tasks.testing.junitplatform.JUnitPlatformTestClassProcessor$CollectAllTestClassesExecutor.processAllTestClasses(JUnitPlatformTestClassProcessor.java:124)
	at org.gradle.api.internal.tasks.testing.junitplatform.JUnitPlatformTestClassProcessor$CollectAllTestClassesExecutor.access$000(JUnitPlatformTestClassProcessor.java:99)
	at org.gradle.api.internal.tasks.testing.junitplatform.JUnitPlatformTestClassProcessor.stop(JUnitPlatformTestClassProcessor.java:94)
	at org.gradle.api.internal.tasks.testing.SuiteTestClassProcessor.stop(SuiteTestClassProcessor.java:63)
	at java.base/jdk.internal.reflect.NativeMethodAccessorImpl.invoke0(Native Method)
	at java.base/jdk.internal.reflect.NativeMethodAccessorImpl.invoke(NativeMethodAccessorImpl.java:77)
	at java.base/jdk.internal.reflect.DelegatingMethodAccessorImpl.invoke(DelegatingMethodAccessorImpl.java:43)
	at java.base/java.lang.reflect.Method.invoke(Method.java:569)
	at org.gradle.internal.dispatch.ReflectionDispatch.dispatch(ReflectionDispatch.java:36)
	at org.gradle.internal.dispatch.ReflectionDispatch.dispatch(ReflectionDispatch.java:24)
	at org.gradle.internal.dispatch.ContextClassLoaderDispatch.dispatch(ContextClassLoaderDispatch.java:33)
	at org.gradle.internal.dispatch.ProxyDispatchAdapter$DispatchingInvocationHandler.invoke(ProxyDispatchAdapter.java:92)
	at jdk.proxy2/jdk.proxy2.$Proxy6.stop(Unknown Source)
	at org.gradle.api.internal.tasks.testing.worker.TestWorker$3.run(TestWorker.java:200)
	at org.gradle.api.internal.tasks.testing.worker.TestWorker.executeAndMaintainThreadName(TestWorker.java:132)
	at org.gradle.api.internal.tasks.testing.worker.TestWorker.execute(TestWorker.java:103)
	at org.gradle.api.internal.tasks.testing.worker.TestWorker.execute(TestWorker.java:63)
	at org.gradle.process.internal.worker.child.ActionExecutionWorker.execute(ActionExecutionWorker.java:56)
	at org.gradle.process.internal.worker.child.SystemApplicationClassLoaderWorker.call(SystemApplicationClassLoaderWorker.java:121)
	at org.gradle.process.internal.worker.child.SystemApplicationClassLoaderWorker.call(SystemApplicationClassLoaderWorker.java:71)
	at worker.org.gradle.process.internal.worker.GradleWorkerMain.run(GradleWorkerMain.java:69)
	at worker.org.gradle.process.internal.worker.GradleWorkerMain.main(GradleWorkerMain.java:74)
25-05-20 14:47:54.559 [Test worker] DEBUG c.s.m.d.config.MDCLoggingInterceptor [47abc8522f774ad29bd2c406d66ec895 | PATCH | /api/readStatuses/8385a9f8-8b35-4c2a-b667-e1472338ebbe] - Request completed
25-05-20 14:47:54.568 [Test worker] DEBUG c.s.m.d.s.basic.BasicUserService     [ |  | ] - 사용자 생성 시작: UserCreateRequest[username=duplicateuser, email=duplicate@example.com, password=Password1!]
25-05-20 14:47:54.570 [Test worker] DEBUG org.hibernate.SQL                    [ |  | ] - 
    select
        u1_0.id 
    from
        users u1_0 
    where
        u1_0.email=? 
    fetch
        first ? rows only
25-05-20 14:47:54.571 [Test worker] TRACE org.hibernate.orm.jdbc.bind          [ |  | ] - binding parameter (1:VARCHAR) <- [duplicate@example.com]
25-05-20 14:47:54.571 [Test worker] TRACE org.hibernate.orm.jdbc.bind          [ |  | ] - binding parameter (2:INTEGER) <- [1]
25-05-20 14:47:54.572 [Test worker] DEBUG org.hibernate.SQL                    [ |  | ] - 
    select
        u1_0.id 
    from
        users u1_0 
    where
        u1_0.username=? 
    fetch
        first ? rows only
25-05-20 14:47:54.572 [Test worker] TRACE org.hibernate.orm.jdbc.bind          [ |  | ] - binding parameter (1:VARCHAR) <- [duplicateuser]
25-05-20 14:47:54.572 [Test worker] TRACE org.hibernate.orm.jdbc.bind          [ |  | ] - binding parameter (2:INTEGER) <- [1]
25-05-20 14:47:54.573 [Test worker] INFO  c.s.m.d.s.basic.BasicUserService     [ |  | ] - 사용자 생성 완료: id=28d8af97-beee-4be6-ade7-1cf741f11eb2, username=duplicateuser
25-05-20 14:47:54.574 [Test worker] DEBUG c.s.m.d.s.basic.BasicChannelService  [ |  | ] - 채널 생성 시작: PublicChannelCreateRequest[name=중복 테스트 채널, description=중복 테스트 채널 설명입니다.]
25-05-20 14:47:54.574 [Test worker] INFO  c.s.m.d.s.basic.BasicChannelService  [ |  | ] - 채널 생성 완료: id=3310287a-bcd2-4a7f-a271-8eccd974c699, name=중복 테스트 채널
25-05-20 14:47:54.575 [Test worker] DEBUG org.hibernate.SQL                    [ |  | ] - 
    select
        m1_0.created_at 
    from
        messages m1_0 
    where
        m1_0.channel_id=? 
    order by
        m1_0.created_at desc 
    fetch
        first 1 rows only
25-05-20 14:47:54.576 [Test worker] TRACE org.hibernate.orm.jdbc.bind          [ |  | ] - binding parameter (1:UUID) <- [3310287a-bcd2-4a7f-a271-8eccd974c699]
25-05-20 14:47:54.577 [Test worker] DEBUG c.s.m.d.config.MDCLoggingInterceptor [f6e4fa2395e849ee975af4df4f4c3ff3 | POST | /api/readStatuses] - Request started
25-05-20 14:47:54.579 [Test worker] INFO  c.s.m.d.c.ReadStatusController       [f6e4fa2395e849ee975af4df4f4c3ff3 | POST | /api/readStatuses] - 읽음 상태 생성 요청: ReadStatusCreateRequest[userId=28d8af97-beee-4be6-ade7-1cf741f11eb2, channelId=3310287a-bcd2-4a7f-a271-8eccd974c699, lastReadAt=2025-05-20T05:47:54.576796Z]
25-05-20 14:47:54.579 [Test worker] DEBUG c.s.m.d.s.b.BasicReadStatusService   [f6e4fa2395e849ee975af4df4f4c3ff3 | POST | /api/readStatuses] - 읽음 상태 생성 시작: userId=28d8af97-beee-4be6-ade7-1cf741f11eb2, channelId=3310287a-bcd2-4a7f-a271-8eccd974c699
25-05-20 14:47:54.582 [Test worker] DEBUG org.hibernate.SQL                    [f6e4fa2395e849ee975af4df4f4c3ff3 | POST | /api/readStatuses] - 
    select
        rs1_0.id 
    from
        read_statuses rs1_0 
    where
        rs1_0.user_id=? 
        and rs1_0.channel_id=? 
    fetch
        first ? rows only
25-05-20 14:47:54.583 [Test worker] TRACE org.hibernate.orm.jdbc.bind          [f6e4fa2395e849ee975af4df4f4c3ff3 | POST | /api/readStatuses] - binding parameter (1:UUID) <- [28d8af97-beee-4be6-ade7-1cf741f11eb2]
25-05-20 14:47:54.583 [Test worker] TRACE org.hibernate.orm.jdbc.bind          [f6e4fa2395e849ee975af4df4f4c3ff3 | POST | /api/readStatuses] - binding parameter (2:UUID) <- [3310287a-bcd2-4a7f-a271-8eccd974c699]
25-05-20 14:47:54.583 [Test worker] TRACE org.hibernate.orm.jdbc.bind          [f6e4fa2395e849ee975af4df4f4c3ff3 | POST | /api/readStatuses] - binding parameter (3:INTEGER) <- [1]
25-05-20 14:47:54.585 [Test worker] INFO  c.s.m.d.s.b.BasicReadStatusService   [f6e4fa2395e849ee975af4df4f4c3ff3 | POST | /api/readStatuses] - 읽음 상태 생성 완료: id=ef749861-7d9c-4a65-918e-4fc6c763dfc5, userId=28d8af97-beee-4be6-ade7-1cf741f11eb2, channelId=3310287a-bcd2-4a7f-a271-8eccd974c699
25-05-20 14:47:54.585 [Test worker] DEBUG c.s.m.d.c.ReadStatusController       [f6e4fa2395e849ee975af4df4f4c3ff3 | POST | /api/readStatuses] - 읽음 상태 생성 응답: ReadStatusDto[id=ef749861-7d9c-4a65-918e-4fc6c763dfc5, userId=28d8af97-beee-4be6-ade7-1cf741f11eb2, channelId=3310287a-bcd2-4a7f-a271-8eccd974c699, lastReadAt=2025-05-20T05:47:54.576796Z]
25-05-20 14:47:54.586 [Test worker] DEBUG c.s.m.d.config.MDCLoggingInterceptor [f6e4fa2395e849ee975af4df4f4c3ff3 | POST | /api/readStatuses] - Request completed
25-05-20 14:47:54.588 [Test worker] DEBUG c.s.m.d.config.MDCLoggingInterceptor [fe91de00a2e64e918305bf4d7e7b20e1 | POST | /api/readStatuses] - Request started
25-05-20 14:47:54.592 [Test worker] INFO  c.s.m.d.c.ReadStatusController       [fe91de00a2e64e918305bf4d7e7b20e1 | POST | /api/readStatuses] - 읽음 상태 생성 요청: ReadStatusCreateRequest[userId=28d8af97-beee-4be6-ade7-1cf741f11eb2, channelId=3310287a-bcd2-4a7f-a271-8eccd974c699, lastReadAt=2025-05-20T05:47:54.587177Z]
25-05-20 14:47:54.592 [Test worker] DEBUG c.s.m.d.s.b.BasicReadStatusService   [fe91de00a2e64e918305bf4d7e7b20e1 | POST | /api/readStatuses] - 읽음 상태 생성 시작: userId=28d8af97-beee-4be6-ade7-1cf741f11eb2, channelId=3310287a-bcd2-4a7f-a271-8eccd974c699
25-05-20 14:47:54.595 [Test worker] DEBUG org.hibernate.SQL                    [fe91de00a2e64e918305bf4d7e7b20e1 | POST | /api/readStatuses] - 
    insert 
    into
        users
        (created_at, email, password, profile_id, updated_at, username, id) 
    values
        (?, ?, ?, ?, ?, ?, ?)
25-05-20 14:47:54.595 [Test worker] TRACE org.hibernate.orm.jdbc.bind          [fe91de00a2e64e918305bf4d7e7b20e1 | POST | /api/readStatuses] - binding parameter (1:TIMESTAMP_UTC) <- [2025-05-20T05:47:54.573498Z]
25-05-20 14:47:54.596 [Test worker] TRACE org.hibernate.orm.jdbc.bind          [fe91de00a2e64e918305bf4d7e7b20e1 | POST | /api/readStatuses] - binding parameter (2:VARCHAR) <- [duplicate@example.com]
25-05-20 14:47:54.596 [Test worker] TRACE org.hibernate.orm.jdbc.bind          [fe91de00a2e64e918305bf4d7e7b20e1 | POST | /api/readStatuses] - binding parameter (3:VARCHAR) <- [Password1!]
25-05-20 14:47:54.596 [Test worker] TRACE org.hibernate.orm.jdbc.bind          [fe91de00a2e64e918305bf4d7e7b20e1 | POST | /api/readStatuses] - binding parameter (4:UUID) <- [null]
25-05-20 14:47:54.596 [Test worker] TRACE org.hibernate.orm.jdbc.bind          [fe91de00a2e64e918305bf4d7e7b20e1 | POST | /api/readStatuses] - binding parameter (5:TIMESTAMP_UTC) <- [2025-05-20T05:47:54.573498Z]
25-05-20 14:47:54.596 [Test worker] TRACE org.hibernate.orm.jdbc.bind          [fe91de00a2e64e918305bf4d7e7b20e1 | POST | /api/readStatuses] - binding parameter (6:VARCHAR) <- [duplicateuser]
25-05-20 14:47:54.596 [Test worker] TRACE org.hibernate.orm.jdbc.bind          [fe91de00a2e64e918305bf4d7e7b20e1 | POST | /api/readStatuses] - binding parameter (7:UUID) <- [28d8af97-beee-4be6-ade7-1cf741f11eb2]
25-05-20 14:47:54.597 [Test worker] DEBUG org.hibernate.SQL                    [fe91de00a2e64e918305bf4d7e7b20e1 | POST | /api/readStatuses] - 
    insert 
    into
        user_statuses
        (created_at, last_active_at, updated_at, user_id, id) 
    values
        (?, ?, ?, ?, ?)
25-05-20 14:47:54.598 [Test worker] TRACE org.hibernate.orm.jdbc.bind          [fe91de00a2e64e918305bf4d7e7b20e1 | POST | /api/readStatuses] - binding parameter (1:TIMESTAMP_UTC) <- [2025-05-20T05:47:54.573795Z]
25-05-20 14:47:54.599 [Test worker] TRACE org.hibernate.orm.jdbc.bind          [fe91de00a2e64e918305bf4d7e7b20e1 | POST | /api/readStatuses] - binding parameter (2:TIMESTAMP_UTC) <- [2025-05-20T05:47:54.573261Z]
25-05-20 14:47:54.599 [Test worker] TRACE org.hibernate.orm.jdbc.bind          [fe91de00a2e64e918305bf4d7e7b20e1 | POST | /api/readStatuses] - binding parameter (3:TIMESTAMP_UTC) <- [2025-05-20T05:47:54.573795Z]
25-05-20 14:47:54.599 [Test worker] TRACE org.hibernate.orm.jdbc.bind          [fe91de00a2e64e918305bf4d7e7b20e1 | POST | /api/readStatuses] - binding parameter (4:UUID) <- [28d8af97-beee-4be6-ade7-1cf741f11eb2]
25-05-20 14:47:54.599 [Test worker] TRACE org.hibernate.orm.jdbc.bind          [fe91de00a2e64e918305bf4d7e7b20e1 | POST | /api/readStatuses] - binding parameter (5:UUID) <- [0cca7878-4ab7-455b-a1e2-19ba85b61449]
25-05-20 14:47:54.600 [Test worker] DEBUG org.hibernate.SQL                    [fe91de00a2e64e918305bf4d7e7b20e1 | POST | /api/readStatuses] - 
    insert 
    into
        channels
        (created_at, description, name, type, updated_at, id) 
    values
        (?, ?, ?, ?, ?, ?)
25-05-20 14:47:54.600 [Test worker] TRACE org.hibernate.orm.jdbc.bind          [fe91de00a2e64e918305bf4d7e7b20e1 | POST | /api/readStatuses] - binding parameter (1:TIMESTAMP_UTC) <- [2025-05-20T05:47:54.574440Z]
25-05-20 14:47:54.600 [Test worker] TRACE org.hibernate.orm.jdbc.bind          [fe91de00a2e64e918305bf4d7e7b20e1 | POST | /api/readStatuses] - binding parameter (2:VARCHAR) <- [중복 테스트 채널 설명입니다.]
25-05-20 14:47:54.600 [Test worker] TRACE org.hibernate.orm.jdbc.bind          [fe91de00a2e64e918305bf4d7e7b20e1 | POST | /api/readStatuses] - binding parameter (3:VARCHAR) <- [중복 테스트 채널]
25-05-20 14:47:54.600 [Test worker] TRACE org.hibernate.orm.jdbc.bind          [fe91de00a2e64e918305bf4d7e7b20e1 | POST | /api/readStatuses] - binding parameter (4:ENUM) <- [PUBLIC]
25-05-20 14:47:54.600 [Test worker] TRACE org.hibernate.orm.jdbc.bind          [fe91de00a2e64e918305bf4d7e7b20e1 | POST | /api/readStatuses] - binding parameter (5:TIMESTAMP_UTC) <- [2025-05-20T05:47:54.574440Z]
25-05-20 14:47:54.600 [Test worker] TRACE org.hibernate.orm.jdbc.bind          [fe91de00a2e64e918305bf4d7e7b20e1 | POST | /api/readStatuses] - binding parameter (6:UUID) <- [3310287a-bcd2-4a7f-a271-8eccd974c699]
25-05-20 14:47:54.601 [Test worker] DEBUG org.hibernate.SQL                    [fe91de00a2e64e918305bf4d7e7b20e1 | POST | /api/readStatuses] - 
    insert 
    into
        read_statuses
        (channel_id, created_at, last_read_at, updated_at, user_id, id) 
    values
        (?, ?, ?, ?, ?, ?)
25-05-20 14:47:54.601 [Test worker] TRACE org.hibernate.orm.jdbc.bind          [fe91de00a2e64e918305bf4d7e7b20e1 | POST | /api/readStatuses] - binding parameter (1:UUID) <- [3310287a-bcd2-4a7f-a271-8eccd974c699]
25-05-20 14:47:54.602 [Test worker] TRACE org.hibernate.orm.jdbc.bind          [fe91de00a2e64e918305bf4d7e7b20e1 | POST | /api/readStatuses] - binding parameter (2:TIMESTAMP_UTC) <- [2025-05-20T05:47:54.584664Z]
25-05-20 14:47:54.602 [Test worker] TRACE org.hibernate.orm.jdbc.bind          [fe91de00a2e64e918305bf4d7e7b20e1 | POST | /api/readStatuses] - binding parameter (3:TIMESTAMP_UTC) <- [2025-05-20T05:47:54.576796Z]
25-05-20 14:47:54.602 [Test worker] TRACE org.hibernate.orm.jdbc.bind          [fe91de00a2e64e918305bf4d7e7b20e1 | POST | /api/readStatuses] - binding parameter (4:TIMESTAMP_UTC) <- [2025-05-20T05:47:54.584664Z]
25-05-20 14:47:54.602 [Test worker] TRACE org.hibernate.orm.jdbc.bind          [fe91de00a2e64e918305bf4d7e7b20e1 | POST | /api/readStatuses] - binding parameter (5:UUID) <- [28d8af97-beee-4be6-ade7-1cf741f11eb2]
25-05-20 14:47:54.602 [Test worker] TRACE org.hibernate.orm.jdbc.bind          [fe91de00a2e64e918305bf4d7e7b20e1 | POST | /api/readStatuses] - binding parameter (6:UUID) <- [ef749861-7d9c-4a65-918e-4fc6c763dfc5]
25-05-20 14:47:54.602 [Test worker] DEBUG org.hibernate.SQL                    [fe91de00a2e64e918305bf4d7e7b20e1 | POST | /api/readStatuses] - 
    select
        rs1_0.id 
    from
        read_statuses rs1_0 
    where
        rs1_0.user_id=? 
        and rs1_0.channel_id=? 
    fetch
        first ? rows only
25-05-20 14:47:54.603 [Test worker] TRACE org.hibernate.orm.jdbc.bind          [fe91de00a2e64e918305bf4d7e7b20e1 | POST | /api/readStatuses] - binding parameter (1:UUID) <- [28d8af97-beee-4be6-ade7-1cf741f11eb2]
25-05-20 14:47:54.603 [Test worker] TRACE org.hibernate.orm.jdbc.bind          [fe91de00a2e64e918305bf4d7e7b20e1 | POST | /api/readStatuses] - binding parameter (2:UUID) <- [3310287a-bcd2-4a7f-a271-8eccd974c699]
25-05-20 14:47:54.603 [Test worker] TRACE org.hibernate.orm.jdbc.bind          [fe91de00a2e64e918305bf4d7e7b20e1 | POST | /api/readStatuses] - binding parameter (3:INTEGER) <- [1]
25-05-20 14:47:54.606 [Test worker] ERROR c.s.m.d.e.GlobalExceptionHandler     [fe91de00a2e64e918305bf4d7e7b20e1 | POST | /api/readStatuses] - 커스텀 예외 발생: code=DUPLICATE_READ_STATUS, message=이미 존재하는 읽음 상태입니다.
com.sprint.mission.discodeit.exception.readstatus.DuplicateReadStatusException: 이미 존재하는 읽음 상태입니다.
	at com.sprint.mission.discodeit.exception.readstatus.DuplicateReadStatusException.withUserIdAndChannelId(DuplicateReadStatusException.java:13)
	at com.sprint.mission.discodeit.service.basic.BasicReadStatusService.create(BasicReadStatusService.java:50)
	at java.base/jdk.internal.reflect.NativeMethodAccessorImpl.invoke0(Native Method)
	at java.base/jdk.internal.reflect.NativeMethodAccessorImpl.invoke(NativeMethodAccessorImpl.java:77)
	at java.base/jdk.internal.reflect.DelegatingMethodAccessorImpl.invoke(DelegatingMethodAccessorImpl.java:43)
	at java.base/java.lang.reflect.Method.invoke(Method.java:569)
	at org.springframework.aop.support.AopUtils.invokeJoinpointUsingReflection(AopUtils.java:359)
	at org.springframework.aop.framework.ReflectiveMethodInvocation.invokeJoinpoint(ReflectiveMethodInvocation.java:196)
	at org.springframework.aop.framework.ReflectiveMethodInvocation.proceed(ReflectiveMethodInvocation.java:163)
	at org.springframework.transaction.interceptor.TransactionAspectSupport.invokeWithinTransaction(TransactionAspectSupport.java:380)
	at org.springframework.transaction.interceptor.TransactionInterceptor.invoke(TransactionInterceptor.java:119)
	at org.springframework.aop.framework.ReflectiveMethodInvocation.proceed(ReflectiveMethodInvocation.java:184)
	at org.springframework.aop.framework.CglibAopProxy$DynamicAdvisedInterceptor.intercept(CglibAopProxy.java:727)
	at com.sprint.mission.discodeit.service.basic.BasicReadStatusService$$SpringCGLIB$$0.create(<generated>)
	at com.sprint.mission.discodeit.controller.ReadStatusController.create(ReadStatusController.java:35)
	at java.base/jdk.internal.reflect.NativeMethodAccessorImpl.invoke0(Native Method)
	at java.base/jdk.internal.reflect.NativeMethodAccessorImpl.invoke(NativeMethodAccessorImpl.java:77)
	at java.base/jdk.internal.reflect.DelegatingMethodAccessorImpl.invoke(DelegatingMethodAccessorImpl.java:43)
	at java.base/java.lang.reflect.Method.invoke(Method.java:569)
	at org.springframework.web.method.support.InvocableHandlerMethod.doInvoke(InvocableHandlerMethod.java:255)
	at org.springframework.web.method.support.InvocableHandlerMethod.invokeForRequest(InvocableHandlerMethod.java:188)
	at org.springframework.web.servlet.mvc.method.annotation.ServletInvocableHandlerMethod.invokeAndHandle(ServletInvocableHandlerMethod.java:118)
	at org.springframework.web.servlet.mvc.method.annotation.RequestMappingHandlerAdapter.invokeHandlerMethod(RequestMappingHandlerAdapter.java:986)
	at org.springframework.web.servlet.mvc.method.annotation.RequestMappingHandlerAdapter.handleInternal(RequestMappingHandlerAdapter.java:891)
	at org.springframework.web.servlet.mvc.method.AbstractHandlerMethodAdapter.handle(AbstractHandlerMethodAdapter.java:87)
	at org.springframework.web.servlet.DispatcherServlet.doDispatch(DispatcherServlet.java:1088)
	at org.springframework.web.servlet.DispatcherServlet.doService(DispatcherServlet.java:978)
	at org.springframework.web.servlet.FrameworkServlet.processRequest(FrameworkServlet.java:1014)
	at org.springframework.web.servlet.FrameworkServlet.doPost(FrameworkServlet.java:914)
	at jakarta.servlet.http.HttpServlet.service(HttpServlet.java:590)
	at org.springframework.web.servlet.FrameworkServlet.service(FrameworkServlet.java:885)
	at org.springframework.test.web.servlet.TestDispatcherServlet.service(TestDispatcherServlet.java:72)
	at jakarta.servlet.http.HttpServlet.service(HttpServlet.java:658)
	at org.springframework.mock.web.MockFilterChain$ServletFilterProxy.doFilter(MockFilterChain.java:165)
	at org.springframework.mock.web.MockFilterChain.doFilter(MockFilterChain.java:132)
	at org.springframework.web.filter.RequestContextFilter.doFilterInternal(RequestContextFilter.java:100)
	at org.springframework.web.filter.OncePerRequestFilter.doFilter(OncePerRequestFilter.java:116)
	at org.springframework.test.web.servlet.setup.MockMvcFilterDecorator.doFilter(MockMvcFilterDecorator.java:162)
	at org.springframework.mock.web.MockFilterChain.doFilter(MockFilterChain.java:132)
	at org.springframework.web.filter.FormContentFilter.doFilterInternal(FormContentFilter.java:93)
	at org.springframework.web.filter.OncePerRequestFilter.doFilter(OncePerRequestFilter.java:116)
	at org.springframework.test.web.servlet.setup.MockMvcFilterDecorator.doFilter(MockMvcFilterDecorator.java:162)
	at org.springframework.mock.web.MockFilterChain.doFilter(MockFilterChain.java:132)
	at org.springframework.web.filter.ServerHttpObservationFilter.doFilterInternal(ServerHttpObservationFilter.java:114)
	at org.springframework.web.filter.OncePerRequestFilter.doFilter(OncePerRequestFilter.java:116)
	at org.springframework.test.web.servlet.setup.MockMvcFilterDecorator.doFilter(MockMvcFilterDecorator.java:162)
	at org.springframework.mock.web.MockFilterChain.doFilter(MockFilterChain.java:132)
	at org.springframework.web.filter.CharacterEncodingFilter.doFilterInternal(CharacterEncodingFilter.java:201)
	at org.springframework.web.filter.OncePerRequestFilter.doFilter(OncePerRequestFilter.java:116)
	at org.springframework.test.web.servlet.setup.MockMvcFilterDecorator.doFilter(MockMvcFilterDecorator.java:162)
	at org.springframework.mock.web.MockFilterChain.doFilter(MockFilterChain.java:132)
	at org.springframework.test.web.servlet.MockMvc.perform(MockMvc.java:201)
	at com.sprint.mission.discodeit.integration.ReadStatusApiIntegrationTest.createReadStatus_Failure_Duplicate(ReadStatusApiIntegrationTest.java:141)
	at java.base/jdk.internal.reflect.NativeMethodAccessorImpl.invoke0(Native Method)
	at java.base/jdk.internal.reflect.NativeMethodAccessorImpl.invoke(NativeMethodAccessorImpl.java:77)
	at java.base/jdk.internal.reflect.DelegatingMethodAccessorImpl.invoke(DelegatingMethodAccessorImpl.java:43)
	at java.base/java.lang.reflect.Method.invoke(Method.java:569)
	at org.junit.platform.commons.util.ReflectionUtils.invokeMethod(ReflectionUtils.java:767)
	at org.junit.jupiter.engine.execution.MethodInvocation.proceed(MethodInvocation.java:60)
	at org.junit.jupiter.engine.execution.InvocationInterceptorChain$ValidatingInvocation.proceed(InvocationInterceptorChain.java:131)
	at org.junit.jupiter.engine.extension.TimeoutExtension.intercept(TimeoutExtension.java:156)
	at org.junit.jupiter.engine.extension.TimeoutExtension.interceptTestableMethod(TimeoutExtension.java:147)
	at org.junit.jupiter.engine.extension.TimeoutExtension.interceptTestMethod(TimeoutExtension.java:86)
	at org.junit.jupiter.engine.execution.InterceptingExecutableInvoker$ReflectiveInterceptorCall.lambda$ofVoidMethod$0(InterceptingExecutableInvoker.java:103)
	at org.junit.jupiter.engine.execution.InterceptingExecutableInvoker.lambda$invoke$0(InterceptingExecutableInvoker.java:93)
	at org.junit.jupiter.engine.execution.InvocationInterceptorChain$InterceptedInvocation.proceed(InvocationInterceptorChain.java:106)
	at org.junit.jupiter.engine.execution.InvocationInterceptorChain.proceed(InvocationInterceptorChain.java:64)
	at org.junit.jupiter.engine.execution.InvocationInterceptorChain.chainAndInvoke(InvocationInterceptorChain.java:45)
	at org.junit.jupiter.engine.execution.InvocationInterceptorChain.invoke(InvocationInterceptorChain.java:37)
	at org.junit.jupiter.engine.execution.InterceptingExecutableInvoker.invoke(InterceptingExecutableInvoker.java:92)
	at org.junit.jupiter.engine.execution.InterceptingExecutableInvoker.invoke(InterceptingExecutableInvoker.java:86)
	at org.junit.jupiter.engine.descriptor.TestMethodTestDescriptor.lambda$invokeTestMethod$8(TestMethodTestDescriptor.java:217)
	at org.junit.platform.engine.support.hierarchical.ThrowableCollector.execute(ThrowableCollector.java:73)
	at org.junit.jupiter.engine.descriptor.TestMethodTestDescriptor.invokeTestMethod(TestMethodTestDescriptor.java:213)
	at org.junit.jupiter.engine.descriptor.TestMethodTestDescriptor.execute(TestMethodTestDescriptor.java:138)
	at org.junit.jupiter.engine.descriptor.TestMethodTestDescriptor.execute(TestMethodTestDescriptor.java:68)
	at org.junit.platform.engine.support.hierarchical.NodeTestTask.lambda$executeRecursively$6(NodeTestTask.java:156)
	at org.junit.platform.engine.support.hierarchical.ThrowableCollector.execute(ThrowableCollector.java:73)
	at org.junit.platform.engine.support.hierarchical.NodeTestTask.lambda$executeRecursively$8(NodeTestTask.java:146)
	at org.junit.platform.engine.support.hierarchical.Node.around(Node.java:137)
	at org.junit.platform.engine.support.hierarchical.NodeTestTask.lambda$executeRecursively$9(NodeTestTask.java:144)
	at org.junit.platform.engine.support.hierarchical.ThrowableCollector.execute(ThrowableCollector.java:73)
	at org.junit.platform.engine.support.hierarchical.NodeTestTask.executeRecursively(NodeTestTask.java:143)
	at org.junit.platform.engine.support.hierarchical.NodeTestTask.execute(NodeTestTask.java:100)
	at java.base/java.util.ArrayList.forEach(ArrayList.java:1511)
	at org.junit.platform.engine.support.hierarchical.SameThreadHierarchicalTestExecutorService.invokeAll(SameThreadHierarchicalTestExecutorService.java:41)
	at org.junit.platform.engine.support.hierarchical.NodeTestTask.lambda$executeRecursively$6(NodeTestTask.java:160)
	at org.junit.platform.engine.support.hierarchical.ThrowableCollector.execute(ThrowableCollector.java:73)
	at org.junit.platform.engine.support.hierarchical.NodeTestTask.lambda$executeRecursively$8(NodeTestTask.java:146)
	at org.junit.platform.engine.support.hierarchical.Node.around(Node.java:137)
	at org.junit.platform.engine.support.hierarchical.NodeTestTask.lambda$executeRecursively$9(NodeTestTask.java:144)
	at org.junit.platform.engine.support.hierarchical.ThrowableCollector.execute(ThrowableCollector.java:73)
	at org.junit.platform.engine.support.hierarchical.NodeTestTask.executeRecursively(NodeTestTask.java:143)
	at org.junit.platform.engine.support.hierarchical.NodeTestTask.execute(NodeTestTask.java:100)
	at java.base/java.util.ArrayList.forEach(ArrayList.java:1511)
	at org.junit.platform.engine.support.hierarchical.SameThreadHierarchicalTestExecutorService.invokeAll(SameThreadHierarchicalTestExecutorService.java:41)
	at org.junit.platform.engine.support.hierarchical.NodeTestTask.lambda$executeRecursively$6(NodeTestTask.java:160)
	at org.junit.platform.engine.support.hierarchical.ThrowableCollector.execute(ThrowableCollector.java:73)
	at org.junit.platform.engine.support.hierarchical.NodeTestTask.lambda$executeRecursively$8(NodeTestTask.java:146)
	at org.junit.platform.engine.support.hierarchical.Node.around(Node.java:137)
	at org.junit.platform.engine.support.hierarchical.NodeTestTask.lambda$executeRecursively$9(NodeTestTask.java:144)
	at org.junit.platform.engine.support.hierarchical.ThrowableCollector.execute(ThrowableCollector.java:73)
	at org.junit.platform.engine.support.hierarchical.NodeTestTask.executeRecursively(NodeTestTask.java:143)
	at org.junit.platform.engine.support.hierarchical.NodeTestTask.execute(NodeTestTask.java:100)
	at org.junit.platform.engine.support.hierarchical.SameThreadHierarchicalTestExecutorService.submit(SameThreadHierarchicalTestExecutorService.java:35)
	at org.junit.platform.engine.support.hierarchical.HierarchicalTestExecutor.execute(HierarchicalTestExecutor.java:57)
	at org.junit.platform.engine.support.hierarchical.HierarchicalTestEngine.execute(HierarchicalTestEngine.java:54)
	at org.junit.platform.launcher.core.EngineExecutionOrchestrator.execute(EngineExecutionOrchestrator.java:198)
	at org.junit.platform.launcher.core.EngineExecutionOrchestrator.execute(EngineExecutionOrchestrator.java:169)
	at org.junit.platform.launcher.core.EngineExecutionOrchestrator.execute(EngineExecutionOrchestrator.java:93)
	at org.junit.platform.launcher.core.EngineExecutionOrchestrator.lambda$execute$0(EngineExecutionOrchestrator.java:58)
	at org.junit.platform.launcher.core.EngineExecutionOrchestrator.withInterceptedStreams(EngineExecutionOrchestrator.java:141)
	at org.junit.platform.launcher.core.EngineExecutionOrchestrator.execute(EngineExecutionOrchestrator.java:57)
	at org.junit.platform.launcher.core.DefaultLauncher.execute(DefaultLauncher.java:103)
	at org.junit.platform.launcher.core.DefaultLauncher.execute(DefaultLauncher.java:85)
	at org.junit.platform.launcher.core.DelegatingLauncher.execute(DelegatingLauncher.java:47)
	at org.gradle.api.internal.tasks.testing.junitplatform.JUnitPlatformTestClassProcessor$CollectAllTestClassesExecutor.processAllTestClasses(JUnitPlatformTestClassProcessor.java:124)
	at org.gradle.api.internal.tasks.testing.junitplatform.JUnitPlatformTestClassProcessor$CollectAllTestClassesExecutor.access$000(JUnitPlatformTestClassProcessor.java:99)
	at org.gradle.api.internal.tasks.testing.junitplatform.JUnitPlatformTestClassProcessor.stop(JUnitPlatformTestClassProcessor.java:94)
	at org.gradle.api.internal.tasks.testing.SuiteTestClassProcessor.stop(SuiteTestClassProcessor.java:63)
	at java.base/jdk.internal.reflect.NativeMethodAccessorImpl.invoke0(Native Method)
	at java.base/jdk.internal.reflect.NativeMethodAccessorImpl.invoke(NativeMethodAccessorImpl.java:77)
	at java.base/jdk.internal.reflect.DelegatingMethodAccessorImpl.invoke(DelegatingMethodAccessorImpl.java:43)
	at java.base/java.lang.reflect.Method.invoke(Method.java:569)
	at org.gradle.internal.dispatch.ReflectionDispatch.dispatch(ReflectionDispatch.java:36)
	at org.gradle.internal.dispatch.ReflectionDispatch.dispatch(ReflectionDispatch.java:24)
	at org.gradle.internal.dispatch.ContextClassLoaderDispatch.dispatch(ContextClassLoaderDispatch.java:33)
	at org.gradle.internal.dispatch.ProxyDispatchAdapter$DispatchingInvocationHandler.invoke(ProxyDispatchAdapter.java:92)
	at jdk.proxy2/jdk.proxy2.$Proxy6.stop(Unknown Source)
	at org.gradle.api.internal.tasks.testing.worker.TestWorker$3.run(TestWorker.java:200)
	at org.gradle.api.internal.tasks.testing.worker.TestWorker.executeAndMaintainThreadName(TestWorker.java:132)
	at org.gradle.api.internal.tasks.testing.worker.TestWorker.execute(TestWorker.java:103)
	at org.gradle.api.internal.tasks.testing.worker.TestWorker.execute(TestWorker.java:63)
	at org.gradle.process.internal.worker.child.ActionExecutionWorker.execute(ActionExecutionWorker.java:56)
	at org.gradle.process.internal.worker.child.SystemApplicationClassLoaderWorker.call(SystemApplicationClassLoaderWorker.java:121)
	at org.gradle.process.internal.worker.child.SystemApplicationClassLoaderWorker.call(SystemApplicationClassLoaderWorker.java:71)
	at worker.org.gradle.process.internal.worker.GradleWorkerMain.run(GradleWorkerMain.java:69)
	at worker.org.gradle.process.internal.worker.GradleWorkerMain.main(GradleWorkerMain.java:74)
25-05-20 14:47:54.611 [Test worker] DEBUG c.s.m.d.config.MDCLoggingInterceptor [fe91de00a2e64e918305bf4d7e7b20e1 | POST | /api/readStatuses] - Request completed
25-05-20 14:47:54.619 [Test worker] INFO  o.s.t.c.s.AnnotationConfigContextLoaderUtils [ |  | ] - Could not detect default configuration classes for test class [com.sprint.mission.discodeit.integration.UserApiIntegrationTest]: UserApiIntegrationTest does not declare any static, non-private, non-final, nested classes annotated with @Configuration.
25-05-20 14:47:54.624 [Test worker] INFO  o.s.b.t.c.SpringBootTestContextBootstrapper [ |  | ] - Found @SpringBootConfiguration com.sprint.mission.discodeit.DiscodeitApplication for test class com.sprint.mission.discodeit.integration.UserApiIntegrationTest
25-05-20 14:47:54.632 [Test worker] DEBUG c.s.m.d.config.MDCLoggingInterceptor [8b11b5ade2e743b3874d515cd358c5ab | POST | /api/users] - Request started
25-05-20 14:47:54.642 [Test worker] ERROR c.s.m.d.e.GlobalExceptionHandler     [8b11b5ade2e743b3874d515cd358c5ab | POST | /api/users] - 요청 유효성 검사 실패: Validation failed for argument [0] in public org.springframework.http.ResponseEntity<com.sprint.mission.discodeit.dto.data.UserDto> com.sprint.mission.discodeit.controller.UserController.create(com.sprint.mission.discodeit.dto.request.UserCreateRequest,org.springframework.web.multipart.MultipartFile) with 4 errors: [Field error in object 'userCreateRequest' on field 'password': rejected value [short]; codes [Pattern.userCreateRequest.password,Pattern.password,Pattern.java.lang.String,Pattern]; arguments [org.springframework.context.support.DefaultMessageSourceResolvable: codes [userCreateRequest.password,password]; arguments []; default message [password],[Ljakarta.validation.constraints.Pattern$Flag;@25c2f350,^(?=.*[0-9])(?=.*[a-zA-Z])(?=.*[!@#$%^&*]).{8,}$]; default message [비밀번호는 최소 8자 이상, 숫자, 문자, 특수문자를 포함해야 합니다]] [Field error in object 'userCreateRequest' on field 'email': rejected value [invalid-email]; codes [Email.userCreateRequest.email,Email.email,Email.java.lang.String,Email]; arguments [org.springframework.context.support.DefaultMessageSourceResolvable: codes [userCreateRequest.email,email]; arguments []; default message [email],[Ljakarta.validation.constraints.Pattern$Flag;@10686a98,.*]; default message [유효한 이메일 형식이어야 합니다]] [Field error in object 'userCreateRequest' on field 'password': rejected value [short]; codes [Size.userCreateRequest.password,Size.password,Size.java.lang.String,Size]; arguments [org.springframework.context.support.DefaultMessageSourceResolvable: codes [userCreateRequest.password,password]; arguments []; default message [password],60,8]; default message [비밀번호는 8자 이상 60자 이하여야 합니다]] [Field error in object 'userCreateRequest' on field 'username': rejected value [t]; codes [Size.userCreateRequest.username,Size.username,Size.java.lang.String,Size]; arguments [org.springframework.context.support.DefaultMessageSourceResolvable: codes [userCreateRequest.username,username]; arguments []; default message [username],50,3]; default message [사용자 이름은 3자 이상 50자 이하여야 합니다]] 
25-05-20 14:47:54.644 [Test worker] DEBUG c.s.m.d.config.MDCLoggingInterceptor [8b11b5ade2e743b3874d515cd358c5ab | POST | /api/users] - Request completed
25-05-20 14:47:54.654 [Test worker] DEBUG c.s.m.d.config.MDCLoggingInterceptor [b064f50213d54e488d815bb3c16ca887 | PATCH | /api/users/1dae3bf7-60be-4802-abad-3afb7ddc3a90] - Request started
25-05-20 14:47:54.659 [Test worker] INFO  c.s.m.d.controller.UserController    [b064f50213d54e488d815bb3c16ca887 | PATCH | /api/users/1dae3bf7-60be-4802-abad-3afb7ddc3a90] - 사용자 수정 요청: id=1dae3bf7-60be-4802-abad-3afb7ddc3a90, request=UserUpdateRequest[newUsername=updateduser, newEmail=updated@example.com, newPassword=UpdatedPassword1!]
25-05-20 14:47:54.659 [Test worker] DEBUG c.s.m.d.s.basic.BasicUserService     [b064f50213d54e488d815bb3c16ca887 | PATCH | /api/users/1dae3bf7-60be-4802-abad-3afb7ddc3a90] - 사용자 수정 시작: id=1dae3bf7-60be-4802-abad-3afb7ddc3a90, request=UserUpdateRequest[newUsername=updateduser, newEmail=updated@example.com, newPassword=UpdatedPassword1!]
25-05-20 14:47:54.659 [Test worker] DEBUG org.hibernate.SQL                    [b064f50213d54e488d815bb3c16ca887 | PATCH | /api/users/1dae3bf7-60be-4802-abad-3afb7ddc3a90] - 
    select
        u1_0.id,
        u1_0.created_at,
        u1_0.email,
        u1_0.password,
        u1_0.profile_id,
        s1_0.id,
        s1_0.created_at,
        s1_0.last_active_at,
        s1_0.updated_at,
        s1_0.user_id,
        u1_0.updated_at,
        u1_0.username 
    from
        users u1_0 
    left join
        user_statuses s1_0 
            on u1_0.id=s1_0.user_id 
    where
        u1_0.id=?
25-05-20 14:47:54.660 [Test worker] TRACE org.hibernate.orm.jdbc.bind          [b064f50213d54e488d815bb3c16ca887 | PATCH | /api/users/1dae3bf7-60be-4802-abad-3afb7ddc3a90] - binding parameter (1:UUID) <- [1dae3bf7-60be-4802-abad-3afb7ddc3a90]
25-05-20 14:47:54.661 [Test worker] ERROR c.s.m.d.e.GlobalExceptionHandler     [b064f50213d54e488d815bb3c16ca887 | PATCH | /api/users/1dae3bf7-60be-4802-abad-3afb7ddc3a90] - 커스텀 예외 발생: code=USER_NOT_FOUND, message=사용자를 찾을 수 없습니다.
com.sprint.mission.discodeit.exception.user.UserNotFoundException: 사용자를 찾을 수 없습니다.
	at com.sprint.mission.discodeit.exception.user.UserNotFoundException.withId(UserNotFoundException.java:13)
	at com.sprint.mission.discodeit.service.basic.BasicUserService.lambda$update$2(BasicUserService.java:106)
	at java.base/java.util.Optional.orElseThrow(Optional.java:403)
	at com.sprint.mission.discodeit.service.basic.BasicUserService.update(BasicUserService.java:105)
	at java.base/jdk.internal.reflect.NativeMethodAccessorImpl.invoke0(Native Method)
	at java.base/jdk.internal.reflect.NativeMethodAccessorImpl.invoke(NativeMethodAccessorImpl.java:77)
	at java.base/jdk.internal.reflect.DelegatingMethodAccessorImpl.invoke(DelegatingMethodAccessorImpl.java:43)
	at java.base/java.lang.reflect.Method.invoke(Method.java:569)
	at org.springframework.aop.support.AopUtils.invokeJoinpointUsingReflection(AopUtils.java:359)
	at org.springframework.aop.framework.ReflectiveMethodInvocation.invokeJoinpoint(ReflectiveMethodInvocation.java:196)
	at org.springframework.aop.framework.ReflectiveMethodInvocation.proceed(ReflectiveMethodInvocation.java:163)
	at org.springframework.transaction.interceptor.TransactionAspectSupport.invokeWithinTransaction(TransactionAspectSupport.java:380)
	at org.springframework.transaction.interceptor.TransactionInterceptor.invoke(TransactionInterceptor.java:119)
	at org.springframework.aop.framework.ReflectiveMethodInvocation.proceed(ReflectiveMethodInvocation.java:184)
	at org.springframework.aop.framework.CglibAopProxy$DynamicAdvisedInterceptor.intercept(CglibAopProxy.java:727)
	at com.sprint.mission.discodeit.service.basic.BasicUserService$$SpringCGLIB$$0.update(<generated>)
	at com.sprint.mission.discodeit.controller.UserController.update(UserController.java:71)
	at java.base/jdk.internal.reflect.NativeMethodAccessorImpl.invoke0(Native Method)
	at java.base/jdk.internal.reflect.NativeMethodAccessorImpl.invoke(NativeMethodAccessorImpl.java:77)
	at java.base/jdk.internal.reflect.DelegatingMethodAccessorImpl.invoke(DelegatingMethodAccessorImpl.java:43)
	at java.base/java.lang.reflect.Method.invoke(Method.java:569)
	at org.springframework.web.method.support.InvocableHandlerMethod.doInvoke(InvocableHandlerMethod.java:255)
	at org.springframework.web.method.support.InvocableHandlerMethod.invokeForRequest(InvocableHandlerMethod.java:188)
	at org.springframework.web.servlet.mvc.method.annotation.ServletInvocableHandlerMethod.invokeAndHandle(ServletInvocableHandlerMethod.java:118)
	at org.springframework.web.servlet.mvc.method.annotation.RequestMappingHandlerAdapter.invokeHandlerMethod(RequestMappingHandlerAdapter.java:986)
	at org.springframework.web.servlet.mvc.method.annotation.RequestMappingHandlerAdapter.handleInternal(RequestMappingHandlerAdapter.java:891)
	at org.springframework.web.servlet.mvc.method.AbstractHandlerMethodAdapter.handle(AbstractHandlerMethodAdapter.java:87)
	at org.springframework.web.servlet.DispatcherServlet.doDispatch(DispatcherServlet.java:1088)
	at org.springframework.web.servlet.DispatcherServlet.doService(DispatcherServlet.java:978)
	at org.springframework.web.servlet.FrameworkServlet.processRequest(FrameworkServlet.java:1014)
	at org.springframework.web.servlet.FrameworkServlet.service(FrameworkServlet.java:888)
	at org.springframework.test.web.servlet.TestDispatcherServlet.service(TestDispatcherServlet.java:72)
	at jakarta.servlet.http.HttpServlet.service(HttpServlet.java:658)
	at org.springframework.mock.web.MockFilterChain$ServletFilterProxy.doFilter(MockFilterChain.java:165)
	at org.springframework.mock.web.MockFilterChain.doFilter(MockFilterChain.java:132)
	at org.springframework.web.filter.RequestContextFilter.doFilterInternal(RequestContextFilter.java:100)
	at org.springframework.web.filter.OncePerRequestFilter.doFilter(OncePerRequestFilter.java:116)
	at org.springframework.test.web.servlet.setup.MockMvcFilterDecorator.doFilter(MockMvcFilterDecorator.java:162)
	at org.springframework.mock.web.MockFilterChain.doFilter(MockFilterChain.java:132)
	at org.springframework.web.filter.FormContentFilter.doFilterInternal(FormContentFilter.java:93)
	at org.springframework.web.filter.OncePerRequestFilter.doFilter(OncePerRequestFilter.java:116)
	at org.springframework.test.web.servlet.setup.MockMvcFilterDecorator.doFilter(MockMvcFilterDecorator.java:162)
	at org.springframework.mock.web.MockFilterChain.doFilter(MockFilterChain.java:132)
	at org.springframework.web.filter.ServerHttpObservationFilter.doFilterInternal(ServerHttpObservationFilter.java:114)
	at org.springframework.web.filter.OncePerRequestFilter.doFilter(OncePerRequestFilter.java:116)
	at org.springframework.test.web.servlet.setup.MockMvcFilterDecorator.doFilter(MockMvcFilterDecorator.java:162)
	at org.springframework.mock.web.MockFilterChain.doFilter(MockFilterChain.java:132)
	at org.springframework.web.filter.CharacterEncodingFilter.doFilterInternal(CharacterEncodingFilter.java:201)
	at org.springframework.web.filter.OncePerRequestFilter.doFilter(OncePerRequestFilter.java:116)
	at org.springframework.test.web.servlet.setup.MockMvcFilterDecorator.doFilter(MockMvcFilterDecorator.java:162)
	at org.springframework.mock.web.MockFilterChain.doFilter(MockFilterChain.java:132)
	at org.springframework.test.web.servlet.MockMvc.perform(MockMvc.java:201)
	at com.sprint.mission.discodeit.integration.UserApiIntegrationTest.updateUser_Failure_UserNotFound(UserApiIntegrationTest.java:210)
	at java.base/jdk.internal.reflect.NativeMethodAccessorImpl.invoke0(Native Method)
	at java.base/jdk.internal.reflect.NativeMethodAccessorImpl.invoke(NativeMethodAccessorImpl.java:77)
	at java.base/jdk.internal.reflect.DelegatingMethodAccessorImpl.invoke(DelegatingMethodAccessorImpl.java:43)
	at java.base/java.lang.reflect.Method.invoke(Method.java:569)
	at org.junit.platform.commons.util.ReflectionUtils.invokeMethod(ReflectionUtils.java:767)
	at org.junit.jupiter.engine.execution.MethodInvocation.proceed(MethodInvocation.java:60)
	at org.junit.jupiter.engine.execution.InvocationInterceptorChain$ValidatingInvocation.proceed(InvocationInterceptorChain.java:131)
	at org.junit.jupiter.engine.extension.TimeoutExtension.intercept(TimeoutExtension.java:156)
	at org.junit.jupiter.engine.extension.TimeoutExtension.interceptTestableMethod(TimeoutExtension.java:147)
	at org.junit.jupiter.engine.extension.TimeoutExtension.interceptTestMethod(TimeoutExtension.java:86)
	at org.junit.jupiter.engine.execution.InterceptingExecutableInvoker$ReflectiveInterceptorCall.lambda$ofVoidMethod$0(InterceptingExecutableInvoker.java:103)
	at org.junit.jupiter.engine.execution.InterceptingExecutableInvoker.lambda$invoke$0(InterceptingExecutableInvoker.java:93)
	at org.junit.jupiter.engine.execution.InvocationInterceptorChain$InterceptedInvocation.proceed(InvocationInterceptorChain.java:106)
	at org.junit.jupiter.engine.execution.InvocationInterceptorChain.proceed(InvocationInterceptorChain.java:64)
	at org.junit.jupiter.engine.execution.InvocationInterceptorChain.chainAndInvoke(InvocationInterceptorChain.java:45)
	at org.junit.jupiter.engine.execution.InvocationInterceptorChain.invoke(InvocationInterceptorChain.java:37)
	at org.junit.jupiter.engine.execution.InterceptingExecutableInvoker.invoke(InterceptingExecutableInvoker.java:92)
	at org.junit.jupiter.engine.execution.InterceptingExecutableInvoker.invoke(InterceptingExecutableInvoker.java:86)
	at org.junit.jupiter.engine.descriptor.TestMethodTestDescriptor.lambda$invokeTestMethod$8(TestMethodTestDescriptor.java:217)
	at org.junit.platform.engine.support.hierarchical.ThrowableCollector.execute(ThrowableCollector.java:73)
	at org.junit.jupiter.engine.descriptor.TestMethodTestDescriptor.invokeTestMethod(TestMethodTestDescriptor.java:213)
	at org.junit.jupiter.engine.descriptor.TestMethodTestDescriptor.execute(TestMethodTestDescriptor.java:138)
	at org.junit.jupiter.engine.descriptor.TestMethodTestDescriptor.execute(TestMethodTestDescriptor.java:68)
	at org.junit.platform.engine.support.hierarchical.NodeTestTask.lambda$executeRecursively$6(NodeTestTask.java:156)
	at org.junit.platform.engine.support.hierarchical.ThrowableCollector.execute(ThrowableCollector.java:73)
	at org.junit.platform.engine.support.hierarchical.NodeTestTask.lambda$executeRecursively$8(NodeTestTask.java:146)
	at org.junit.platform.engine.support.hierarchical.Node.around(Node.java:137)
	at org.junit.platform.engine.support.hierarchical.NodeTestTask.lambda$executeRecursively$9(NodeTestTask.java:144)
	at org.junit.platform.engine.support.hierarchical.ThrowableCollector.execute(ThrowableCollector.java:73)
	at org.junit.platform.engine.support.hierarchical.NodeTestTask.executeRecursively(NodeTestTask.java:143)
	at org.junit.platform.engine.support.hierarchical.NodeTestTask.execute(NodeTestTask.java:100)
	at java.base/java.util.ArrayList.forEach(ArrayList.java:1511)
	at org.junit.platform.engine.support.hierarchical.SameThreadHierarchicalTestExecutorService.invokeAll(SameThreadHierarchicalTestExecutorService.java:41)
	at org.junit.platform.engine.support.hierarchical.NodeTestTask.lambda$executeRecursively$6(NodeTestTask.java:160)
	at org.junit.platform.engine.support.hierarchical.ThrowableCollector.execute(ThrowableCollector.java:73)
	at org.junit.platform.engine.support.hierarchical.NodeTestTask.lambda$executeRecursively$8(NodeTestTask.java:146)
	at org.junit.platform.engine.support.hierarchical.Node.around(Node.java:137)
	at org.junit.platform.engine.support.hierarchical.NodeTestTask.lambda$executeRecursively$9(NodeTestTask.java:144)
	at org.junit.platform.engine.support.hierarchical.ThrowableCollector.execute(ThrowableCollector.java:73)
	at org.junit.platform.engine.support.hierarchical.NodeTestTask.executeRecursively(NodeTestTask.java:143)
	at org.junit.platform.engine.support.hierarchical.NodeTestTask.execute(NodeTestTask.java:100)
	at java.base/java.util.ArrayList.forEach(ArrayList.java:1511)
	at org.junit.platform.engine.support.hierarchical.SameThreadHierarchicalTestExecutorService.invokeAll(SameThreadHierarchicalTestExecutorService.java:41)
	at org.junit.platform.engine.support.hierarchical.NodeTestTask.lambda$executeRecursively$6(NodeTestTask.java:160)
	at org.junit.platform.engine.support.hierarchical.ThrowableCollector.execute(ThrowableCollector.java:73)
	at org.junit.platform.engine.support.hierarchical.NodeTestTask.lambda$executeRecursively$8(NodeTestTask.java:146)
	at org.junit.platform.engine.support.hierarchical.Node.around(Node.java:137)
	at org.junit.platform.engine.support.hierarchical.NodeTestTask.lambda$executeRecursively$9(NodeTestTask.java:144)
	at org.junit.platform.engine.support.hierarchical.ThrowableCollector.execute(ThrowableCollector.java:73)
	at org.junit.platform.engine.support.hierarchical.NodeTestTask.executeRecursively(NodeTestTask.java:143)
	at org.junit.platform.engine.support.hierarchical.NodeTestTask.execute(NodeTestTask.java:100)
	at org.junit.platform.engine.support.hierarchical.SameThreadHierarchicalTestExecutorService.submit(SameThreadHierarchicalTestExecutorService.java:35)
	at org.junit.platform.engine.support.hierarchical.HierarchicalTestExecutor.execute(HierarchicalTestExecutor.java:57)
	at org.junit.platform.engine.support.hierarchical.HierarchicalTestEngine.execute(HierarchicalTestEngine.java:54)
	at org.junit.platform.launcher.core.EngineExecutionOrchestrator.execute(EngineExecutionOrchestrator.java:198)
	at org.junit.platform.launcher.core.EngineExecutionOrchestrator.execute(EngineExecutionOrchestrator.java:169)
	at org.junit.platform.launcher.core.EngineExecutionOrchestrator.execute(EngineExecutionOrchestrator.java:93)
	at org.junit.platform.launcher.core.EngineExecutionOrchestrator.lambda$execute$0(EngineExecutionOrchestrator.java:58)
	at org.junit.platform.launcher.core.EngineExecutionOrchestrator.withInterceptedStreams(EngineExecutionOrchestrator.java:141)
	at org.junit.platform.launcher.core.EngineExecutionOrchestrator.execute(EngineExecutionOrchestrator.java:57)
	at org.junit.platform.launcher.core.DefaultLauncher.execute(DefaultLauncher.java:103)
	at org.junit.platform.launcher.core.DefaultLauncher.execute(DefaultLauncher.java:85)
	at org.junit.platform.launcher.core.DelegatingLauncher.execute(DelegatingLauncher.java:47)
	at org.gradle.api.internal.tasks.testing.junitplatform.JUnitPlatformTestClassProcessor$CollectAllTestClassesExecutor.processAllTestClasses(JUnitPlatformTestClassProcessor.java:124)
	at org.gradle.api.internal.tasks.testing.junitplatform.JUnitPlatformTestClassProcessor$CollectAllTestClassesExecutor.access$000(JUnitPlatformTestClassProcessor.java:99)
	at org.gradle.api.internal.tasks.testing.junitplatform.JUnitPlatformTestClassProcessor.stop(JUnitPlatformTestClassProcessor.java:94)
	at org.gradle.api.internal.tasks.testing.SuiteTestClassProcessor.stop(SuiteTestClassProcessor.java:63)
	at java.base/jdk.internal.reflect.NativeMethodAccessorImpl.invoke0(Native Method)
	at java.base/jdk.internal.reflect.NativeMethodAccessorImpl.invoke(NativeMethodAccessorImpl.java:77)
	at java.base/jdk.internal.reflect.DelegatingMethodAccessorImpl.invoke(DelegatingMethodAccessorImpl.java:43)
	at java.base/java.lang.reflect.Method.invoke(Method.java:569)
	at org.gradle.internal.dispatch.ReflectionDispatch.dispatch(ReflectionDispatch.java:36)
	at org.gradle.internal.dispatch.ReflectionDispatch.dispatch(ReflectionDispatch.java:24)
	at org.gradle.internal.dispatch.ContextClassLoaderDispatch.dispatch(ContextClassLoaderDispatch.java:33)
	at org.gradle.internal.dispatch.ProxyDispatchAdapter$DispatchingInvocationHandler.invoke(ProxyDispatchAdapter.java:92)
	at jdk.proxy2/jdk.proxy2.$Proxy6.stop(Unknown Source)
	at org.gradle.api.internal.tasks.testing.worker.TestWorker$3.run(TestWorker.java:200)
	at org.gradle.api.internal.tasks.testing.worker.TestWorker.executeAndMaintainThreadName(TestWorker.java:132)
	at org.gradle.api.internal.tasks.testing.worker.TestWorker.execute(TestWorker.java:103)
	at org.gradle.api.internal.tasks.testing.worker.TestWorker.execute(TestWorker.java:63)
	at org.gradle.process.internal.worker.child.ActionExecutionWorker.execute(ActionExecutionWorker.java:56)
	at org.gradle.process.internal.worker.child.SystemApplicationClassLoaderWorker.call(SystemApplicationClassLoaderWorker.java:121)
	at org.gradle.process.internal.worker.child.SystemApplicationClassLoaderWorker.call(SystemApplicationClassLoaderWorker.java:71)
	at worker.org.gradle.process.internal.worker.GradleWorkerMain.run(GradleWorkerMain.java:69)
	at worker.org.gradle.process.internal.worker.GradleWorkerMain.main(GradleWorkerMain.java:74)
25-05-20 14:47:54.664 [Test worker] DEBUG c.s.m.d.config.MDCLoggingInterceptor [b064f50213d54e488d815bb3c16ca887 | PATCH | /api/users/1dae3bf7-60be-4802-abad-3afb7ddc3a90] - Request completed
25-05-20 14:47:54.674 [Test worker] DEBUG c.s.m.d.config.MDCLoggingInterceptor [d978b5fb907a44ddb91b24d5be469d28 | POST | /api/users] - Request started
25-05-20 14:47:54.675 [Test worker] INFO  c.s.m.d.controller.UserController    [d978b5fb907a44ddb91b24d5be469d28 | POST | /api/users] - 사용자 생성 요청: UserCreateRequest[username=testuser, email=test@example.com, password=Password1!]
25-05-20 14:47:54.676 [Test worker] DEBUG c.s.m.d.s.basic.BasicUserService     [d978b5fb907a44ddb91b24d5be469d28 | POST | /api/users] - 사용자 생성 시작: UserCreateRequest[username=testuser, email=test@example.com, password=Password1!]
25-05-20 14:47:54.677 [Test worker] DEBUG org.hibernate.SQL                    [d978b5fb907a44ddb91b24d5be469d28 | POST | /api/users] - 
    select
        u1_0.id 
    from
        users u1_0 
    where
        u1_0.email=? 
    fetch
        first ? rows only
25-05-20 14:47:54.677 [Test worker] TRACE org.hibernate.orm.jdbc.bind          [d978b5fb907a44ddb91b24d5be469d28 | POST | /api/users] - binding parameter (1:VARCHAR) <- [test@example.com]
25-05-20 14:47:54.677 [Test worker] TRACE org.hibernate.orm.jdbc.bind          [d978b5fb907a44ddb91b24d5be469d28 | POST | /api/users] - binding parameter (2:INTEGER) <- [1]
25-05-20 14:47:54.678 [Test worker] DEBUG org.hibernate.SQL                    [d978b5fb907a44ddb91b24d5be469d28 | POST | /api/users] - 
    select
        u1_0.id 
    from
        users u1_0 
    where
        u1_0.username=? 
    fetch
        first ? rows only
25-05-20 14:47:54.679 [Test worker] TRACE org.hibernate.orm.jdbc.bind          [d978b5fb907a44ddb91b24d5be469d28 | POST | /api/users] - binding parameter (1:VARCHAR) <- [testuser]
25-05-20 14:47:54.679 [Test worker] TRACE org.hibernate.orm.jdbc.bind          [d978b5fb907a44ddb91b24d5be469d28 | POST | /api/users] - binding parameter (2:INTEGER) <- [1]
25-05-20 14:47:54.681 [Test worker] INFO  c.s.m.d.s.basic.BasicUserService     [d978b5fb907a44ddb91b24d5be469d28 | POST | /api/users] - 사용자 생성 완료: id=b34e1239-6410-41f8-86c4-186cb6075272, username=testuser
25-05-20 14:47:54.681 [Test worker] DEBUG c.s.m.d.controller.UserController    [d978b5fb907a44ddb91b24d5be469d28 | POST | /api/users] - 사용자 생성 응답: UserDto[id=b34e1239-6410-41f8-86c4-186cb6075272, username=testuser, email=test@example.com, profile=BinaryContentDto[id=439944c2-c16c-4fae-9365-a2798d419454, fileName=profile.jpg, size=10, contentType=image/jpeg], online=true]
25-05-20 14:47:54.681 [Test worker] DEBUG c.s.m.d.config.MDCLoggingInterceptor [d978b5fb907a44ddb91b24d5be469d28 | POST | /api/users] - Request completed
25-05-20 14:47:54.691 [Test worker] DEBUG c.s.m.d.s.basic.BasicUserService     [ |  | ] - 사용자 생성 시작: UserCreateRequest[username=statususer, email=status@example.com, password=Password1!]
25-05-20 14:47:54.692 [Test worker] DEBUG org.hibernate.SQL                    [ |  | ] - 
    select
        u1_0.id 
    from
        users u1_0 
    where
        u1_0.email=? 
    fetch
        first ? rows only
25-05-20 14:47:54.693 [Test worker] TRACE org.hibernate.orm.jdbc.bind          [ |  | ] - binding parameter (1:VARCHAR) <- [status@example.com]
25-05-20 14:47:54.693 [Test worker] TRACE org.hibernate.orm.jdbc.bind          [ |  | ] - binding parameter (2:INTEGER) <- [1]
25-05-20 14:47:54.694 [Test worker] DEBUG org.hibernate.SQL                    [ |  | ] - 
    select
        u1_0.id 
    from
        users u1_0 
    where
        u1_0.username=? 
    fetch
        first ? rows only
25-05-20 14:47:54.695 [Test worker] TRACE org.hibernate.orm.jdbc.bind          [ |  | ] - binding parameter (1:VARCHAR) <- [statususer]
25-05-20 14:47:54.695 [Test worker] TRACE org.hibernate.orm.jdbc.bind          [ |  | ] - binding parameter (2:INTEGER) <- [1]
25-05-20 14:47:54.696 [Test worker] INFO  c.s.m.d.s.basic.BasicUserService     [ |  | ] - 사용자 생성 완료: id=3093e668-0349-40f2-a37d-c513d52593a9, username=statususer
25-05-20 14:47:54.699 [Test worker] DEBUG c.s.m.d.config.MDCLoggingInterceptor [dc3ba4e590b04846b1e17501f22b126a | PATCH | /api/users/3093e668-0349-40f2-a37d-c513d52593a9/userStatus] - Request started
25-05-20 14:47:54.704 [Test worker] DEBUG c.s.m.d.s.b.BasicUserStatusService   [dc3ba4e590b04846b1e17501f22b126a | PATCH | /api/users/3093e668-0349-40f2-a37d-c513d52593a9/userStatus] - 사용자 ID로 상태 수정 시작: userId=3093e668-0349-40f2-a37d-c513d52593a9, newLastActiveAt=2025-05-20T05:47:54.696891Z
25-05-20 14:47:54.705 [Test worker] DEBUG org.hibernate.SQL                    [dc3ba4e590b04846b1e17501f22b126a | PATCH | /api/users/3093e668-0349-40f2-a37d-c513d52593a9/userStatus] - 
    insert 
    into
        users
        (created_at, email, password, profile_id, updated_at, username, id) 
    values
        (?, ?, ?, ?, ?, ?, ?)
25-05-20 14:47:54.706 [Test worker] TRACE org.hibernate.orm.jdbc.bind          [dc3ba4e590b04846b1e17501f22b126a | PATCH | /api/users/3093e668-0349-40f2-a37d-c513d52593a9/userStatus] - binding parameter (1:TIMESTAMP_UTC) <- [2025-05-20T05:47:54.696217Z]
25-05-20 14:47:54.706 [Test worker] TRACE org.hibernate.orm.jdbc.bind          [dc3ba4e590b04846b1e17501f22b126a | PATCH | /api/users/3093e668-0349-40f2-a37d-c513d52593a9/userStatus] - binding parameter (2:VARCHAR) <- [status@example.com]
25-05-20 14:47:54.706 [Test worker] TRACE org.hibernate.orm.jdbc.bind          [dc3ba4e590b04846b1e17501f22b126a | PATCH | /api/users/3093e668-0349-40f2-a37d-c513d52593a9/userStatus] - binding parameter (3:VARCHAR) <- [Password1!]
25-05-20 14:47:54.706 [Test worker] TRACE org.hibernate.orm.jdbc.bind          [dc3ba4e590b04846b1e17501f22b126a | PATCH | /api/users/3093e668-0349-40f2-a37d-c513d52593a9/userStatus] - binding parameter (4:UUID) <- [null]
25-05-20 14:47:54.706 [Test worker] TRACE org.hibernate.orm.jdbc.bind          [dc3ba4e590b04846b1e17501f22b126a | PATCH | /api/users/3093e668-0349-40f2-a37d-c513d52593a9/userStatus] - binding parameter (5:TIMESTAMP_UTC) <- [2025-05-20T05:47:54.696217Z]
25-05-20 14:47:54.706 [Test worker] TRACE org.hibernate.orm.jdbc.bind          [dc3ba4e590b04846b1e17501f22b126a | PATCH | /api/users/3093e668-0349-40f2-a37d-c513d52593a9/userStatus] - binding parameter (6:VARCHAR) <- [statususer]
25-05-20 14:47:54.706 [Test worker] TRACE org.hibernate.orm.jdbc.bind          [dc3ba4e590b04846b1e17501f22b126a | PATCH | /api/users/3093e668-0349-40f2-a37d-c513d52593a9/userStatus] - binding parameter (7:UUID) <- [3093e668-0349-40f2-a37d-c513d52593a9]
25-05-20 14:47:54.707 [Test worker] DEBUG org.hibernate.SQL                    [dc3ba4e590b04846b1e17501f22b126a | PATCH | /api/users/3093e668-0349-40f2-a37d-c513d52593a9/userStatus] - 
    insert 
    into
        user_statuses
        (created_at, last_active_at, updated_at, user_id, id) 
    values
        (?, ?, ?, ?, ?)
25-05-20 14:47:54.707 [Test worker] TRACE org.hibernate.orm.jdbc.bind          [dc3ba4e590b04846b1e17501f22b126a | PATCH | /api/users/3093e668-0349-40f2-a37d-c513d52593a9/userStatus] - binding parameter (1:TIMESTAMP_UTC) <- [2025-05-20T05:47:54.696571Z]
25-05-20 14:47:54.707 [Test worker] TRACE org.hibernate.orm.jdbc.bind          [dc3ba4e590b04846b1e17501f22b126a | PATCH | /api/users/3093e668-0349-40f2-a37d-c513d52593a9/userStatus] - binding parameter (2:TIMESTAMP_UTC) <- [2025-05-20T05:47:54.695953Z]
25-05-20 14:47:54.707 [Test worker] TRACE org.hibernate.orm.jdbc.bind          [dc3ba4e590b04846b1e17501f22b126a | PATCH | /api/users/3093e668-0349-40f2-a37d-c513d52593a9/userStatus] - binding parameter (3:TIMESTAMP_UTC) <- [2025-05-20T05:47:54.696571Z]
25-05-20 14:47:54.707 [Test worker] TRACE org.hibernate.orm.jdbc.bind          [dc3ba4e590b04846b1e17501f22b126a | PATCH | /api/users/3093e668-0349-40f2-a37d-c513d52593a9/userStatus] - binding parameter (4:UUID) <- [3093e668-0349-40f2-a37d-c513d52593a9]
25-05-20 14:47:54.707 [Test worker] TRACE org.hibernate.orm.jdbc.bind          [dc3ba4e590b04846b1e17501f22b126a | PATCH | /api/users/3093e668-0349-40f2-a37d-c513d52593a9/userStatus] - binding parameter (5:UUID) <- [34f2bccf-60a7-4000-936e-7f21042a6e73]
25-05-20 14:47:54.708 [Test worker] DEBUG org.hibernate.SQL                    [dc3ba4e590b04846b1e17501f22b126a | PATCH | /api/users/3093e668-0349-40f2-a37d-c513d52593a9/userStatus] - 
    select
        us1_0.id,
        us1_0.created_at,
        us1_0.last_active_at,
        us1_0.updated_at,
        us1_0.user_id 
    from
        user_statuses us1_0 
    where
        us1_0.user_id=?
25-05-20 14:47:54.708 [Test worker] TRACE org.hibernate.orm.jdbc.bind          [dc3ba4e590b04846b1e17501f22b126a | PATCH | /api/users/3093e668-0349-40f2-a37d-c513d52593a9/userStatus] - binding parameter (1:UUID) <- [3093e668-0349-40f2-a37d-c513d52593a9]
25-05-20 14:47:54.709 [Test worker] INFO  c.s.m.d.s.b.BasicUserStatusService   [dc3ba4e590b04846b1e17501f22b126a | PATCH | /api/users/3093e668-0349-40f2-a37d-c513d52593a9/userStatus] - 사용자 ID로 상태 수정 완료: userId=3093e668-0349-40f2-a37d-c513d52593a9
25-05-20 14:47:54.711 [Test worker] DEBUG c.s.m.d.config.MDCLoggingInterceptor [dc3ba4e590b04846b1e17501f22b126a | PATCH | /api/users/3093e668-0349-40f2-a37d-c513d52593a9/userStatus] - Request completed
25-05-20 14:47:54.722 [Test worker] DEBUG c.s.m.d.s.basic.BasicUserService     [ |  | ] - 사용자 생성 시작: UserCreateRequest[username=deleteuser, email=delete@example.com, password=Password1!]
25-05-20 14:47:54.723 [Test worker] DEBUG org.hibernate.SQL                    [ |  | ] - 
    select
        u1_0.id 
    from
        users u1_0 
    where
        u1_0.email=? 
    fetch
        first ? rows only
25-05-20 14:47:54.723 [Test worker] TRACE org.hibernate.orm.jdbc.bind          [ |  | ] - binding parameter (1:VARCHAR) <- [delete@example.com]
25-05-20 14:47:54.724 [Test worker] TRACE org.hibernate.orm.jdbc.bind          [ |  | ] - binding parameter (2:INTEGER) <- [1]
25-05-20 14:47:54.725 [Test worker] DEBUG org.hibernate.SQL                    [ |  | ] - 
    select
        u1_0.id 
    from
        users u1_0 
    where
        u1_0.username=? 
    fetch
        first ? rows only
25-05-20 14:47:54.725 [Test worker] TRACE org.hibernate.orm.jdbc.bind          [ |  | ] - binding parameter (1:VARCHAR) <- [deleteuser]
25-05-20 14:47:54.725 [Test worker] TRACE org.hibernate.orm.jdbc.bind          [ |  | ] - binding parameter (2:INTEGER) <- [1]
25-05-20 14:47:54.726 [Test worker] INFO  c.s.m.d.s.basic.BasicUserService     [ |  | ] - 사용자 생성 완료: id=8b788893-0f38-4ec2-ac94-bf3e61f7254d, username=deleteuser
25-05-20 14:47:54.727 [Test worker] DEBUG c.s.m.d.config.MDCLoggingInterceptor [2bd7f5aba4a6478ba7cde9801e55347a | DELETE | /api/users/8b788893-0f38-4ec2-ac94-bf3e61f7254d] - Request started
25-05-20 14:47:54.728 [Test worker] DEBUG c.s.m.d.s.basic.BasicUserService     [2bd7f5aba4a6478ba7cde9801e55347a | DELETE | /api/users/8b788893-0f38-4ec2-ac94-bf3e61f7254d] - 사용자 삭제 시작: id=8b788893-0f38-4ec2-ac94-bf3e61f7254d
25-05-20 14:47:54.731 [Test worker] DEBUG org.hibernate.SQL                    [2bd7f5aba4a6478ba7cde9801e55347a | DELETE | /api/users/8b788893-0f38-4ec2-ac94-bf3e61f7254d] - 
    insert 
    into
        users
        (created_at, email, password, profile_id, updated_at, username, id) 
    values
        (?, ?, ?, ?, ?, ?, ?)
25-05-20 14:47:54.732 [Test worker] TRACE org.hibernate.orm.jdbc.bind          [2bd7f5aba4a6478ba7cde9801e55347a | DELETE | /api/users/8b788893-0f38-4ec2-ac94-bf3e61f7254d] - binding parameter (1:TIMESTAMP_UTC) <- [2025-05-20T05:47:54.726314Z]
25-05-20 14:47:54.732 [Test worker] TRACE org.hibernate.orm.jdbc.bind          [2bd7f5aba4a6478ba7cde9801e55347a | DELETE | /api/users/8b788893-0f38-4ec2-ac94-bf3e61f7254d] - binding parameter (2:VARCHAR) <- [delete@example.com]
25-05-20 14:47:54.732 [Test worker] TRACE org.hibernate.orm.jdbc.bind          [2bd7f5aba4a6478ba7cde9801e55347a | DELETE | /api/users/8b788893-0f38-4ec2-ac94-bf3e61f7254d] - binding parameter (3:VARCHAR) <- [Password1!]
25-05-20 14:47:54.732 [Test worker] TRACE org.hibernate.orm.jdbc.bind          [2bd7f5aba4a6478ba7cde9801e55347a | DELETE | /api/users/8b788893-0f38-4ec2-ac94-bf3e61f7254d] - binding parameter (4:UUID) <- [null]
25-05-20 14:47:54.732 [Test worker] TRACE org.hibernate.orm.jdbc.bind          [2bd7f5aba4a6478ba7cde9801e55347a | DELETE | /api/users/8b788893-0f38-4ec2-ac94-bf3e61f7254d] - binding parameter (5:TIMESTAMP_UTC) <- [2025-05-20T05:47:54.726314Z]
25-05-20 14:47:54.732 [Test worker] TRACE org.hibernate.orm.jdbc.bind          [2bd7f5aba4a6478ba7cde9801e55347a | DELETE | /api/users/8b788893-0f38-4ec2-ac94-bf3e61f7254d] - binding parameter (6:VARCHAR) <- [deleteuser]
25-05-20 14:47:54.732 [Test worker] TRACE org.hibernate.orm.jdbc.bind          [2bd7f5aba4a6478ba7cde9801e55347a | DELETE | /api/users/8b788893-0f38-4ec2-ac94-bf3e61f7254d] - binding parameter (7:UUID) <- [8b788893-0f38-4ec2-ac94-bf3e61f7254d]
25-05-20 14:47:54.733 [Test worker] DEBUG org.hibernate.SQL                    [2bd7f5aba4a6478ba7cde9801e55347a | DELETE | /api/users/8b788893-0f38-4ec2-ac94-bf3e61f7254d] - 
    insert 
    into
        user_statuses
        (created_at, last_active_at, updated_at, user_id, id) 
    values
        (?, ?, ?, ?, ?)
25-05-20 14:47:54.734 [Test worker] TRACE org.hibernate.orm.jdbc.bind          [2bd7f5aba4a6478ba7cde9801e55347a | DELETE | /api/users/8b788893-0f38-4ec2-ac94-bf3e61f7254d] - binding parameter (1:TIMESTAMP_UTC) <- [2025-05-20T05:47:54.726565Z]
25-05-20 14:47:54.734 [Test worker] TRACE org.hibernate.orm.jdbc.bind          [2bd7f5aba4a6478ba7cde9801e55347a | DELETE | /api/users/8b788893-0f38-4ec2-ac94-bf3e61f7254d] - binding parameter (2:TIMESTAMP_UTC) <- [2025-05-20T05:47:54.726045Z]
25-05-20 14:47:54.734 [Test worker] TRACE org.hibernate.orm.jdbc.bind          [2bd7f5aba4a6478ba7cde9801e55347a | DELETE | /api/users/8b788893-0f38-4ec2-ac94-bf3e61f7254d] - binding parameter (3:TIMESTAMP_UTC) <- [2025-05-20T05:47:54.726565Z]
25-05-20 14:47:54.734 [Test worker] TRACE org.hibernate.orm.jdbc.bind          [2bd7f5aba4a6478ba7cde9801e55347a | DELETE | /api/users/8b788893-0f38-4ec2-ac94-bf3e61f7254d] - binding parameter (4:UUID) <- [8b788893-0f38-4ec2-ac94-bf3e61f7254d]
25-05-20 14:47:54.734 [Test worker] TRACE org.hibernate.orm.jdbc.bind          [2bd7f5aba4a6478ba7cde9801e55347a | DELETE | /api/users/8b788893-0f38-4ec2-ac94-bf3e61f7254d] - binding parameter (5:UUID) <- [dfd4d5ab-f2a8-42d5-806b-48fe794c585c]
25-05-20 14:47:54.735 [Test worker] DEBUG org.hibernate.SQL                    [2bd7f5aba4a6478ba7cde9801e55347a | DELETE | /api/users/8b788893-0f38-4ec2-ac94-bf3e61f7254d] - 
    select
        count(*) 
    from
        users u1_0 
    where
        u1_0.id=?
25-05-20 14:47:54.735 [Test worker] TRACE org.hibernate.orm.jdbc.bind          [2bd7f5aba4a6478ba7cde9801e55347a | DELETE | /api/users/8b788893-0f38-4ec2-ac94-bf3e61f7254d] - binding parameter (1:UUID) <- [8b788893-0f38-4ec2-ac94-bf3e61f7254d]
25-05-20 14:47:54.737 [Test worker] INFO  c.s.m.d.s.basic.BasicUserService     [2bd7f5aba4a6478ba7cde9801e55347a | DELETE | /api/users/8b788893-0f38-4ec2-ac94-bf3e61f7254d] - 사용자 삭제 완료: id=8b788893-0f38-4ec2-ac94-bf3e61f7254d
25-05-20 14:47:54.738 [Test worker] DEBUG c.s.m.d.config.MDCLoggingInterceptor [2bd7f5aba4a6478ba7cde9801e55347a | DELETE | /api/users/8b788893-0f38-4ec2-ac94-bf3e61f7254d] - Request completed
25-05-20 14:47:54.739 [Test worker] DEBUG c.s.m.d.config.MDCLoggingInterceptor [d7ea59b13153447e9e1954a5b75dc7b5 | GET | /api/users] - Request started
25-05-20 14:47:54.739 [Test worker] DEBUG c.s.m.d.s.basic.BasicUserService     [d7ea59b13153447e9e1954a5b75dc7b5 | GET | /api/users] - 모든 사용자 조회 시작
25-05-20 14:47:54.741 [Test worker] DEBUG org.hibernate.SQL                    [d7ea59b13153447e9e1954a5b75dc7b5 | GET | /api/users] - 
    delete 
    from
        user_statuses 
    where
        id=?
25-05-20 14:47:54.742 [Test worker] TRACE org.hibernate.orm.jdbc.bind          [d7ea59b13153447e9e1954a5b75dc7b5 | GET | /api/users] - binding parameter (1:UUID) <- [dfd4d5ab-f2a8-42d5-806b-48fe794c585c]
25-05-20 14:47:54.742 [Test worker] DEBUG org.hibernate.SQL                    [d7ea59b13153447e9e1954a5b75dc7b5 | GET | /api/users] - 
    delete 
    from
        users 
    where
        id=?
25-05-20 14:47:54.742 [Test worker] TRACE org.hibernate.orm.jdbc.bind          [d7ea59b13153447e9e1954a5b75dc7b5 | GET | /api/users] - binding parameter (1:UUID) <- [8b788893-0f38-4ec2-ac94-bf3e61f7254d]
25-05-20 14:47:54.743 [Test worker] DEBUG org.hibernate.SQL                    [d7ea59b13153447e9e1954a5b75dc7b5 | GET | /api/users] - 
    select
        u1_0.id,
        u1_0.created_at,
        u1_0.email,
        u1_0.password,
        p1_0.id,
        p1_0.content_type,
        p1_0.created_at,
        p1_0.file_name,
        p1_0.size,
        s1_0.id,
        s1_0.created_at,
        s1_0.last_active_at,
        s1_0.updated_at,
        s1_0.user_id,
        u1_0.updated_at,
        u1_0.username 
    from
        users u1_0 
    left join
        binary_contents p1_0 
            on p1_0.id=u1_0.profile_id 
    join
        user_statuses s1_0 
            on u1_0.id=s1_0.user_id
25-05-20 14:47:54.745 [Test worker] INFO  c.s.m.d.s.basic.BasicUserService     [d7ea59b13153447e9e1954a5b75dc7b5 | GET | /api/users] - 모든 사용자 조회 완료: 총 0명
25-05-20 14:47:54.746 [Test worker] DEBUG c.s.m.d.config.MDCLoggingInterceptor [d7ea59b13153447e9e1954a5b75dc7b5 | GET | /api/users] - Request completed
25-05-20 14:47:54.755 [Test worker] DEBUG c.s.m.d.s.basic.BasicUserService     [ |  | ] - 사용자 생성 시작: UserCreateRequest[username=originaluser, email=original@example.com, password=Password1!]
25-05-20 14:47:54.756 [Test worker] DEBUG org.hibernate.SQL                    [ |  | ] - 
    select
        u1_0.id 
    from
        users u1_0 
    where
        u1_0.email=? 
    fetch
        first ? rows only
25-05-20 14:47:54.756 [Test worker] TRACE org.hibernate.orm.jdbc.bind          [ |  | ] - binding parameter (1:VARCHAR) <- [original@example.com]
25-05-20 14:47:54.756 [Test worker] TRACE org.hibernate.orm.jdbc.bind          [ |  | ] - binding parameter (2:INTEGER) <- [1]
25-05-20 14:47:54.757 [Test worker] DEBUG org.hibernate.SQL                    [ |  | ] - 
    select
        u1_0.id 
    from
        users u1_0 
    where
        u1_0.username=? 
    fetch
        first ? rows only
25-05-20 14:47:54.758 [Test worker] TRACE org.hibernate.orm.jdbc.bind          [ |  | ] - binding parameter (1:VARCHAR) <- [originaluser]
25-05-20 14:47:54.758 [Test worker] TRACE org.hibernate.orm.jdbc.bind          [ |  | ] - binding parameter (2:INTEGER) <- [1]
25-05-20 14:47:54.759 [Test worker] INFO  c.s.m.d.s.basic.BasicUserService     [ |  | ] - 사용자 생성 완료: id=8ef01431-96c9-4829-92a0-2971d7149bf6, username=originaluser
25-05-20 14:47:54.760 [Test worker] DEBUG c.s.m.d.config.MDCLoggingInterceptor [db1f7d8615f6412682cdaaba2a16ee1f | PATCH | /api/users/8ef01431-96c9-4829-92a0-2971d7149bf6] - Request started
25-05-20 14:47:54.761 [Test worker] INFO  c.s.m.d.controller.UserController    [db1f7d8615f6412682cdaaba2a16ee1f | PATCH | /api/users/8ef01431-96c9-4829-92a0-2971d7149bf6] - 사용자 수정 요청: id=8ef01431-96c9-4829-92a0-2971d7149bf6, request=UserUpdateRequest[newUsername=updateduser, newEmail=updated@example.com, newPassword=UpdatedPassword1!]
25-05-20 14:47:54.761 [Test worker] DEBUG c.s.m.d.s.basic.BasicUserService     [db1f7d8615f6412682cdaaba2a16ee1f | PATCH | /api/users/8ef01431-96c9-4829-92a0-2971d7149bf6] - 사용자 수정 시작: id=8ef01431-96c9-4829-92a0-2971d7149bf6, request=UserUpdateRequest[newUsername=updateduser, newEmail=updated@example.com, newPassword=UpdatedPassword1!]
25-05-20 14:47:54.764 [Test worker] DEBUG org.hibernate.SQL                    [db1f7d8615f6412682cdaaba2a16ee1f | PATCH | /api/users/8ef01431-96c9-4829-92a0-2971d7149bf6] - 
    insert 
    into
        users
        (created_at, email, password, profile_id, updated_at, username, id) 
    values
        (?, ?, ?, ?, ?, ?, ?)
25-05-20 14:47:54.765 [Test worker] TRACE org.hibernate.orm.jdbc.bind          [db1f7d8615f6412682cdaaba2a16ee1f | PATCH | /api/users/8ef01431-96c9-4829-92a0-2971d7149bf6] - binding parameter (1:TIMESTAMP_UTC) <- [2025-05-20T05:47:54.758747Z]
25-05-20 14:47:54.765 [Test worker] TRACE org.hibernate.orm.jdbc.bind          [db1f7d8615f6412682cdaaba2a16ee1f | PATCH | /api/users/8ef01431-96c9-4829-92a0-2971d7149bf6] - binding parameter (2:VARCHAR) <- [original@example.com]
25-05-20 14:47:54.765 [Test worker] TRACE org.hibernate.orm.jdbc.bind          [db1f7d8615f6412682cdaaba2a16ee1f | PATCH | /api/users/8ef01431-96c9-4829-92a0-2971d7149bf6] - binding parameter (3:VARCHAR) <- [Password1!]
25-05-20 14:47:54.765 [Test worker] TRACE org.hibernate.orm.jdbc.bind          [db1f7d8615f6412682cdaaba2a16ee1f | PATCH | /api/users/8ef01431-96c9-4829-92a0-2971d7149bf6] - binding parameter (4:UUID) <- [null]
25-05-20 14:47:54.765 [Test worker] TRACE org.hibernate.orm.jdbc.bind          [db1f7d8615f6412682cdaaba2a16ee1f | PATCH | /api/users/8ef01431-96c9-4829-92a0-2971d7149bf6] - binding parameter (5:TIMESTAMP_UTC) <- [2025-05-20T05:47:54.758747Z]
25-05-20 14:47:54.765 [Test worker] TRACE org.hibernate.orm.jdbc.bind          [db1f7d8615f6412682cdaaba2a16ee1f | PATCH | /api/users/8ef01431-96c9-4829-92a0-2971d7149bf6] - binding parameter (6:VARCHAR) <- [originaluser]
25-05-20 14:47:54.765 [Test worker] TRACE org.hibernate.orm.jdbc.bind          [db1f7d8615f6412682cdaaba2a16ee1f | PATCH | /api/users/8ef01431-96c9-4829-92a0-2971d7149bf6] - binding parameter (7:UUID) <- [8ef01431-96c9-4829-92a0-2971d7149bf6]
25-05-20 14:47:54.766 [Test worker] DEBUG org.hibernate.SQL                    [db1f7d8615f6412682cdaaba2a16ee1f | PATCH | /api/users/8ef01431-96c9-4829-92a0-2971d7149bf6] - 
    insert 
    into
        user_statuses
        (created_at, last_active_at, updated_at, user_id, id) 
    values
        (?, ?, ?, ?, ?)
25-05-20 14:47:54.766 [Test worker] TRACE org.hibernate.orm.jdbc.bind          [db1f7d8615f6412682cdaaba2a16ee1f | PATCH | /api/users/8ef01431-96c9-4829-92a0-2971d7149bf6] - binding parameter (1:TIMESTAMP_UTC) <- [2025-05-20T05:47:54.759031Z]
25-05-20 14:47:54.766 [Test worker] TRACE org.hibernate.orm.jdbc.bind          [db1f7d8615f6412682cdaaba2a16ee1f | PATCH | /api/users/8ef01431-96c9-4829-92a0-2971d7149bf6] - binding parameter (2:TIMESTAMP_UTC) <- [2025-05-20T05:47:54.758525Z]
25-05-20 14:47:54.766 [Test worker] TRACE org.hibernate.orm.jdbc.bind          [db1f7d8615f6412682cdaaba2a16ee1f | PATCH | /api/users/8ef01431-96c9-4829-92a0-2971d7149bf6] - binding parameter (3:TIMESTAMP_UTC) <- [2025-05-20T05:47:54.759031Z]
25-05-20 14:47:54.766 [Test worker] TRACE org.hibernate.orm.jdbc.bind          [db1f7d8615f6412682cdaaba2a16ee1f | PATCH | /api/users/8ef01431-96c9-4829-92a0-2971d7149bf6] - binding parameter (4:UUID) <- [8ef01431-96c9-4829-92a0-2971d7149bf6]
25-05-20 14:47:54.766 [Test worker] TRACE org.hibernate.orm.jdbc.bind          [db1f7d8615f6412682cdaaba2a16ee1f | PATCH | /api/users/8ef01431-96c9-4829-92a0-2971d7149bf6] - binding parameter (5:UUID) <- [f6dce9bd-6835-4f46-bb4b-8cda8d9dea25]
25-05-20 14:47:54.766 [Test worker] DEBUG org.hibernate.SQL                    [db1f7d8615f6412682cdaaba2a16ee1f | PATCH | /api/users/8ef01431-96c9-4829-92a0-2971d7149bf6] - 
    select
        u1_0.id 
    from
        users u1_0 
    where
        u1_0.email=? 
    fetch
        first ? rows only
25-05-20 14:47:54.767 [Test worker] TRACE org.hibernate.orm.jdbc.bind          [db1f7d8615f6412682cdaaba2a16ee1f | PATCH | /api/users/8ef01431-96c9-4829-92a0-2971d7149bf6] - binding parameter (1:VARCHAR) <- [updated@example.com]
25-05-20 14:47:54.767 [Test worker] TRACE org.hibernate.orm.jdbc.bind          [db1f7d8615f6412682cdaaba2a16ee1f | PATCH | /api/users/8ef01431-96c9-4829-92a0-2971d7149bf6] - binding parameter (2:INTEGER) <- [1]
25-05-20 14:47:54.769 [Test worker] DEBUG org.hibernate.SQL                    [db1f7d8615f6412682cdaaba2a16ee1f | PATCH | /api/users/8ef01431-96c9-4829-92a0-2971d7149bf6] - 
    select
        u1_0.id 
    from
        users u1_0 
    where
        u1_0.username=? 
    fetch
        first ? rows only
25-05-20 14:47:54.770 [Test worker] TRACE org.hibernate.orm.jdbc.bind          [db1f7d8615f6412682cdaaba2a16ee1f | PATCH | /api/users/8ef01431-96c9-4829-92a0-2971d7149bf6] - binding parameter (1:VARCHAR) <- [updateduser]
25-05-20 14:47:54.770 [Test worker] TRACE org.hibernate.orm.jdbc.bind          [db1f7d8615f6412682cdaaba2a16ee1f | PATCH | /api/users/8ef01431-96c9-4829-92a0-2971d7149bf6] - binding parameter (2:INTEGER) <- [1]
25-05-20 14:47:54.771 [Test worker] INFO  c.s.m.d.s.basic.BasicUserService     [db1f7d8615f6412682cdaaba2a16ee1f | PATCH | /api/users/8ef01431-96c9-4829-92a0-2971d7149bf6] - 사용자 수정 완료: id=8ef01431-96c9-4829-92a0-2971d7149bf6
25-05-20 14:47:54.771 [Test worker] DEBUG c.s.m.d.controller.UserController    [db1f7d8615f6412682cdaaba2a16ee1f | PATCH | /api/users/8ef01431-96c9-4829-92a0-2971d7149bf6] - 사용자 수정 응답: UserDto[id=8ef01431-96c9-4829-92a0-2971d7149bf6, username=updateduser, email=updated@example.com, profile=BinaryContentDto[id=e0a82b32-31ad-4574-91ee-15881786de00, fileName=updated-profile.jpg, size=13, contentType=image/jpeg], online=true]
25-05-20 14:47:54.772 [Test worker] DEBUG c.s.m.d.config.MDCLoggingInterceptor [db1f7d8615f6412682cdaaba2a16ee1f | PATCH | /api/users/8ef01431-96c9-4829-92a0-2971d7149bf6] - Request completed
25-05-20 14:47:54.782 [Test worker] DEBUG c.s.m.d.config.MDCLoggingInterceptor [fe3ce7b451cc475fbe39dda05e664262 | PATCH | /api/users/3b893f2e-04c5-4121-9023-fd8a40d4e306/userStatus] - Request started
25-05-20 14:47:54.783 [Test worker] DEBUG c.s.m.d.s.b.BasicUserStatusService   [fe3ce7b451cc475fbe39dda05e664262 | PATCH | /api/users/3b893f2e-04c5-4121-9023-fd8a40d4e306/userStatus] - 사용자 ID로 상태 수정 시작: userId=3b893f2e-04c5-4121-9023-fd8a40d4e306, newLastActiveAt=2025-05-20T05:47:54.781340Z
25-05-20 14:47:54.785 [Test worker] DEBUG org.hibernate.SQL                    [fe3ce7b451cc475fbe39dda05e664262 | PATCH | /api/users/3b893f2e-04c5-4121-9023-fd8a40d4e306/userStatus] - 
    select
        us1_0.id,
        us1_0.created_at,
        us1_0.last_active_at,
        us1_0.updated_at,
        us1_0.user_id 
    from
        user_statuses us1_0 
    where
        us1_0.user_id=?
25-05-20 14:47:54.786 [Test worker] TRACE org.hibernate.orm.jdbc.bind          [fe3ce7b451cc475fbe39dda05e664262 | PATCH | /api/users/3b893f2e-04c5-4121-9023-fd8a40d4e306/userStatus] - binding parameter (1:UUID) <- [3b893f2e-04c5-4121-9023-fd8a40d4e306]
25-05-20 14:47:54.789 [Test worker] ERROR c.s.m.d.e.GlobalExceptionHandler     [fe3ce7b451cc475fbe39dda05e664262 | PATCH | /api/users/3b893f2e-04c5-4121-9023-fd8a40d4e306/userStatus] - 커스텀 예외 발생: code=USER_STATUS_NOT_FOUND, message=사용자 상태를 찾을 수 없습니다.
com.sprint.mission.discodeit.exception.userstatus.UserStatusNotFoundException: 사용자 상태를 찾을 수 없습니다.
	at com.sprint.mission.discodeit.exception.userstatus.UserStatusNotFoundException.withUserId(UserStatusNotFoundException.java:19)
	at com.sprint.mission.discodeit.service.basic.BasicUserStatusService.lambda$updateByUserId$4(BasicUserStatusService.java:98)
	at java.base/java.util.Optional.orElseThrow(Optional.java:403)
	at com.sprint.mission.discodeit.service.basic.BasicUserStatusService.updateByUserId(BasicUserStatusService.java:98)
	at java.base/jdk.internal.reflect.NativeMethodAccessorImpl.invoke0(Native Method)
	at java.base/jdk.internal.reflect.NativeMethodAccessorImpl.invoke(NativeMethodAccessorImpl.java:77)
	at java.base/jdk.internal.reflect.DelegatingMethodAccessorImpl.invoke(DelegatingMethodAccessorImpl.java:43)
	at java.base/java.lang.reflect.Method.invoke(Method.java:569)
	at org.springframework.aop.support.AopUtils.invokeJoinpointUsingReflection(AopUtils.java:359)
	at org.springframework.aop.framework.ReflectiveMethodInvocation.invokeJoinpoint(ReflectiveMethodInvocation.java:196)
	at org.springframework.aop.framework.ReflectiveMethodInvocation.proceed(ReflectiveMethodInvocation.java:163)
	at org.springframework.transaction.interceptor.TransactionAspectSupport.invokeWithinTransaction(TransactionAspectSupport.java:380)
	at org.springframework.transaction.interceptor.TransactionInterceptor.invoke(TransactionInterceptor.java:119)
	at org.springframework.aop.framework.ReflectiveMethodInvocation.proceed(ReflectiveMethodInvocation.java:184)
	at org.springframework.aop.framework.CglibAopProxy$DynamicAdvisedInterceptor.intercept(CglibAopProxy.java:727)
	at com.sprint.mission.discodeit.service.basic.BasicUserStatusService$$SpringCGLIB$$0.updateByUserId(<generated>)
	at com.sprint.mission.discodeit.controller.UserController.updateUserStatusByUserId(UserController.java:101)
	at java.base/jdk.internal.reflect.NativeMethodAccessorImpl.invoke0(Native Method)
	at java.base/jdk.internal.reflect.NativeMethodAccessorImpl.invoke(NativeMethodAccessorImpl.java:77)
	at java.base/jdk.internal.reflect.DelegatingMethodAccessorImpl.invoke(DelegatingMethodAccessorImpl.java:43)
	at java.base/java.lang.reflect.Method.invoke(Method.java:569)
	at org.springframework.web.method.support.InvocableHandlerMethod.doInvoke(InvocableHandlerMethod.java:255)
	at org.springframework.web.method.support.InvocableHandlerMethod.invokeForRequest(InvocableHandlerMethod.java:188)
	at org.springframework.web.servlet.mvc.method.annotation.ServletInvocableHandlerMethod.invokeAndHandle(ServletInvocableHandlerMethod.java:118)
	at org.springframework.web.servlet.mvc.method.annotation.RequestMappingHandlerAdapter.invokeHandlerMethod(RequestMappingHandlerAdapter.java:986)
	at org.springframework.web.servlet.mvc.method.annotation.RequestMappingHandlerAdapter.handleInternal(RequestMappingHandlerAdapter.java:891)
	at org.springframework.web.servlet.mvc.method.AbstractHandlerMethodAdapter.handle(AbstractHandlerMethodAdapter.java:87)
	at org.springframework.web.servlet.DispatcherServlet.doDispatch(DispatcherServlet.java:1088)
	at org.springframework.web.servlet.DispatcherServlet.doService(DispatcherServlet.java:978)
	at org.springframework.web.servlet.FrameworkServlet.processRequest(FrameworkServlet.java:1014)
	at org.springframework.web.servlet.FrameworkServlet.service(FrameworkServlet.java:888)
	at org.springframework.test.web.servlet.TestDispatcherServlet.service(TestDispatcherServlet.java:72)
	at jakarta.servlet.http.HttpServlet.service(HttpServlet.java:658)
	at org.springframework.mock.web.MockFilterChain$ServletFilterProxy.doFilter(MockFilterChain.java:165)
	at org.springframework.mock.web.MockFilterChain.doFilter(MockFilterChain.java:132)
	at org.springframework.web.filter.RequestContextFilter.doFilterInternal(RequestContextFilter.java:100)
	at org.springframework.web.filter.OncePerRequestFilter.doFilter(OncePerRequestFilter.java:116)
	at org.springframework.test.web.servlet.setup.MockMvcFilterDecorator.doFilter(MockMvcFilterDecorator.java:162)
	at org.springframework.mock.web.MockFilterChain.doFilter(MockFilterChain.java:132)
	at org.springframework.web.filter.FormContentFilter.doFilterInternal(FormContentFilter.java:93)
	at org.springframework.web.filter.OncePerRequestFilter.doFilter(OncePerRequestFilter.java:116)
	at org.springframework.test.web.servlet.setup.MockMvcFilterDecorator.doFilter(MockMvcFilterDecorator.java:162)
	at org.springframework.mock.web.MockFilterChain.doFilter(MockFilterChain.java:132)
	at org.springframework.web.filter.ServerHttpObservationFilter.doFilterInternal(ServerHttpObservationFilter.java:114)
	at org.springframework.web.filter.OncePerRequestFilter.doFilter(OncePerRequestFilter.java:116)
	at org.springframework.test.web.servlet.setup.MockMvcFilterDecorator.doFilter(MockMvcFilterDecorator.java:162)
	at org.springframework.mock.web.MockFilterChain.doFilter(MockFilterChain.java:132)
	at org.springframework.web.filter.CharacterEncodingFilter.doFilterInternal(CharacterEncodingFilter.java:201)
	at org.springframework.web.filter.OncePerRequestFilter.doFilter(OncePerRequestFilter.java:116)
	at org.springframework.test.web.servlet.setup.MockMvcFilterDecorator.doFilter(MockMvcFilterDecorator.java:162)
	at org.springframework.mock.web.MockFilterChain.doFilter(MockFilterChain.java:132)
	at org.springframework.test.web.servlet.MockMvc.perform(MockMvc.java:201)
	at com.sprint.mission.discodeit.integration.UserApiIntegrationTest.updateUserStatus_Failure_UserNotFound(UserApiIntegrationTest.java:294)
	at java.base/jdk.internal.reflect.NativeMethodAccessorImpl.invoke0(Native Method)
	at java.base/jdk.internal.reflect.NativeMethodAccessorImpl.invoke(NativeMethodAccessorImpl.java:77)
	at java.base/jdk.internal.reflect.DelegatingMethodAccessorImpl.invoke(DelegatingMethodAccessorImpl.java:43)
	at java.base/java.lang.reflect.Method.invoke(Method.java:569)
	at org.junit.platform.commons.util.ReflectionUtils.invokeMethod(ReflectionUtils.java:767)
	at org.junit.jupiter.engine.execution.MethodInvocation.proceed(MethodInvocation.java:60)
	at org.junit.jupiter.engine.execution.InvocationInterceptorChain$ValidatingInvocation.proceed(InvocationInterceptorChain.java:131)
	at org.junit.jupiter.engine.extension.TimeoutExtension.intercept(TimeoutExtension.java:156)
	at org.junit.jupiter.engine.extension.TimeoutExtension.interceptTestableMethod(TimeoutExtension.java:147)
	at org.junit.jupiter.engine.extension.TimeoutExtension.interceptTestMethod(TimeoutExtension.java:86)
	at org.junit.jupiter.engine.execution.InterceptingExecutableInvoker$ReflectiveInterceptorCall.lambda$ofVoidMethod$0(InterceptingExecutableInvoker.java:103)
	at org.junit.jupiter.engine.execution.InterceptingExecutableInvoker.lambda$invoke$0(InterceptingExecutableInvoker.java:93)
	at org.junit.jupiter.engine.execution.InvocationInterceptorChain$InterceptedInvocation.proceed(InvocationInterceptorChain.java:106)
	at org.junit.jupiter.engine.execution.InvocationInterceptorChain.proceed(InvocationInterceptorChain.java:64)
	at org.junit.jupiter.engine.execution.InvocationInterceptorChain.chainAndInvoke(InvocationInterceptorChain.java:45)
	at org.junit.jupiter.engine.execution.InvocationInterceptorChain.invoke(InvocationInterceptorChain.java:37)
	at org.junit.jupiter.engine.execution.InterceptingExecutableInvoker.invoke(InterceptingExecutableInvoker.java:92)
	at org.junit.jupiter.engine.execution.InterceptingExecutableInvoker.invoke(InterceptingExecutableInvoker.java:86)
	at org.junit.jupiter.engine.descriptor.TestMethodTestDescriptor.lambda$invokeTestMethod$8(TestMethodTestDescriptor.java:217)
	at org.junit.platform.engine.support.hierarchical.ThrowableCollector.execute(ThrowableCollector.java:73)
	at org.junit.jupiter.engine.descriptor.TestMethodTestDescriptor.invokeTestMethod(TestMethodTestDescriptor.java:213)
	at org.junit.jupiter.engine.descriptor.TestMethodTestDescriptor.execute(TestMethodTestDescriptor.java:138)
	at org.junit.jupiter.engine.descriptor.TestMethodTestDescriptor.execute(TestMethodTestDescriptor.java:68)
	at org.junit.platform.engine.support.hierarchical.NodeTestTask.lambda$executeRecursively$6(NodeTestTask.java:156)
	at org.junit.platform.engine.support.hierarchical.ThrowableCollector.execute(ThrowableCollector.java:73)
	at org.junit.platform.engine.support.hierarchical.NodeTestTask.lambda$executeRecursively$8(NodeTestTask.java:146)
	at org.junit.platform.engine.support.hierarchical.Node.around(Node.java:137)
	at org.junit.platform.engine.support.hierarchical.NodeTestTask.lambda$executeRecursively$9(NodeTestTask.java:144)
	at org.junit.platform.engine.support.hierarchical.ThrowableCollector.execute(ThrowableCollector.java:73)
	at org.junit.platform.engine.support.hierarchical.NodeTestTask.executeRecursively(NodeTestTask.java:143)
	at org.junit.platform.engine.support.hierarchical.NodeTestTask.execute(NodeTestTask.java:100)
	at java.base/java.util.ArrayList.forEach(ArrayList.java:1511)
	at org.junit.platform.engine.support.hierarchical.SameThreadHierarchicalTestExecutorService.invokeAll(SameThreadHierarchicalTestExecutorService.java:41)
	at org.junit.platform.engine.support.hierarchical.NodeTestTask.lambda$executeRecursively$6(NodeTestTask.java:160)
	at org.junit.platform.engine.support.hierarchical.ThrowableCollector.execute(ThrowableCollector.java:73)
	at org.junit.platform.engine.support.hierarchical.NodeTestTask.lambda$executeRecursively$8(NodeTestTask.java:146)
	at org.junit.platform.engine.support.hierarchical.Node.around(Node.java:137)
	at org.junit.platform.engine.support.hierarchical.NodeTestTask.lambda$executeRecursively$9(NodeTestTask.java:144)
	at org.junit.platform.engine.support.hierarchical.ThrowableCollector.execute(ThrowableCollector.java:73)
	at org.junit.platform.engine.support.hierarchical.NodeTestTask.executeRecursively(NodeTestTask.java:143)
	at org.junit.platform.engine.support.hierarchical.NodeTestTask.execute(NodeTestTask.java:100)
	at java.base/java.util.ArrayList.forEach(ArrayList.java:1511)
	at org.junit.platform.engine.support.hierarchical.SameThreadHierarchicalTestExecutorService.invokeAll(SameThreadHierarchicalTestExecutorService.java:41)
	at org.junit.platform.engine.support.hierarchical.NodeTestTask.lambda$executeRecursively$6(NodeTestTask.java:160)
	at org.junit.platform.engine.support.hierarchical.ThrowableCollector.execute(ThrowableCollector.java:73)
	at org.junit.platform.engine.support.hierarchical.NodeTestTask.lambda$executeRecursively$8(NodeTestTask.java:146)
	at org.junit.platform.engine.support.hierarchical.Node.around(Node.java:137)
	at org.junit.platform.engine.support.hierarchical.NodeTestTask.lambda$executeRecursively$9(NodeTestTask.java:144)
	at org.junit.platform.engine.support.hierarchical.ThrowableCollector.execute(ThrowableCollector.java:73)
	at org.junit.platform.engine.support.hierarchical.NodeTestTask.executeRecursively(NodeTestTask.java:143)
	at org.junit.platform.engine.support.hierarchical.NodeTestTask.execute(NodeTestTask.java:100)
	at org.junit.platform.engine.support.hierarchical.SameThreadHierarchicalTestExecutorService.submit(SameThreadHierarchicalTestExecutorService.java:35)
	at org.junit.platform.engine.support.hierarchical.HierarchicalTestExecutor.execute(HierarchicalTestExecutor.java:57)
	at org.junit.platform.engine.support.hierarchical.HierarchicalTestEngine.execute(HierarchicalTestEngine.java:54)
	at org.junit.platform.launcher.core.EngineExecutionOrchestrator.execute(EngineExecutionOrchestrator.java:198)
	at org.junit.platform.launcher.core.EngineExecutionOrchestrator.execute(EngineExecutionOrchestrator.java:169)
	at org.junit.platform.launcher.core.EngineExecutionOrchestrator.execute(EngineExecutionOrchestrator.java:93)
	at org.junit.platform.launcher.core.EngineExecutionOrchestrator.lambda$execute$0(EngineExecutionOrchestrator.java:58)
	at org.junit.platform.launcher.core.EngineExecutionOrchestrator.withInterceptedStreams(EngineExecutionOrchestrator.java:141)
	at org.junit.platform.launcher.core.EngineExecutionOrchestrator.execute(EngineExecutionOrchestrator.java:57)
	at org.junit.platform.launcher.core.DefaultLauncher.execute(DefaultLauncher.java:103)
	at org.junit.platform.launcher.core.DefaultLauncher.execute(DefaultLauncher.java:85)
	at org.junit.platform.launcher.core.DelegatingLauncher.execute(DelegatingLauncher.java:47)
	at org.gradle.api.internal.tasks.testing.junitplatform.JUnitPlatformTestClassProcessor$CollectAllTestClassesExecutor.processAllTestClasses(JUnitPlatformTestClassProcessor.java:124)
	at org.gradle.api.internal.tasks.testing.junitplatform.JUnitPlatformTestClassProcessor$CollectAllTestClassesExecutor.access$000(JUnitPlatformTestClassProcessor.java:99)
	at org.gradle.api.internal.tasks.testing.junitplatform.JUnitPlatformTestClassProcessor.stop(JUnitPlatformTestClassProcessor.java:94)
	at org.gradle.api.internal.tasks.testing.SuiteTestClassProcessor.stop(SuiteTestClassProcessor.java:63)
	at java.base/jdk.internal.reflect.NativeMethodAccessorImpl.invoke0(Native Method)
	at java.base/jdk.internal.reflect.NativeMethodAccessorImpl.invoke(NativeMethodAccessorImpl.java:77)
	at java.base/jdk.internal.reflect.DelegatingMethodAccessorImpl.invoke(DelegatingMethodAccessorImpl.java:43)
	at java.base/java.lang.reflect.Method.invoke(Method.java:569)
	at org.gradle.internal.dispatch.ReflectionDispatch.dispatch(ReflectionDispatch.java:36)
	at org.gradle.internal.dispatch.ReflectionDispatch.dispatch(ReflectionDispatch.java:24)
	at org.gradle.internal.dispatch.ContextClassLoaderDispatch.dispatch(ContextClassLoaderDispatch.java:33)
	at org.gradle.internal.dispatch.ProxyDispatchAdapter$DispatchingInvocationHandler.invoke(ProxyDispatchAdapter.java:92)
	at jdk.proxy2/jdk.proxy2.$Proxy6.stop(Unknown Source)
	at org.gradle.api.internal.tasks.testing.worker.TestWorker$3.run(TestWorker.java:200)
	at org.gradle.api.internal.tasks.testing.worker.TestWorker.executeAndMaintainThreadName(TestWorker.java:132)
	at org.gradle.api.internal.tasks.testing.worker.TestWorker.execute(TestWorker.java:103)
	at org.gradle.api.internal.tasks.testing.worker.TestWorker.execute(TestWorker.java:63)
	at org.gradle.process.internal.worker.child.ActionExecutionWorker.execute(ActionExecutionWorker.java:56)
	at org.gradle.process.internal.worker.child.SystemApplicationClassLoaderWorker.call(SystemApplicationClassLoaderWorker.java:121)
	at org.gradle.process.internal.worker.child.SystemApplicationClassLoaderWorker.call(SystemApplicationClassLoaderWorker.java:71)
	at worker.org.gradle.process.internal.worker.GradleWorkerMain.run(GradleWorkerMain.java:69)
	at worker.org.gradle.process.internal.worker.GradleWorkerMain.main(GradleWorkerMain.java:74)
25-05-20 14:47:54.792 [Test worker] DEBUG c.s.m.d.config.MDCLoggingInterceptor [fe3ce7b451cc475fbe39dda05e664262 | PATCH | /api/users/3b893f2e-04c5-4121-9023-fd8a40d4e306/userStatus] - Request completed
25-05-20 14:47:54.804 [Test worker] DEBUG c.s.m.d.s.basic.BasicUserService     [ |  | ] - 사용자 생성 시작: UserCreateRequest[username=user1, email=user1@example.com, password=Password1!]
25-05-20 14:47:54.805 [Test worker] DEBUG org.hibernate.SQL                    [ |  | ] - 
    select
        u1_0.id 
    from
        users u1_0 
    where
        u1_0.email=? 
    fetch
        first ? rows only
25-05-20 14:47:54.806 [Test worker] TRACE org.hibernate.orm.jdbc.bind          [ |  | ] - binding parameter (1:VARCHAR) <- [user1@example.com]
25-05-20 14:47:54.806 [Test worker] TRACE org.hibernate.orm.jdbc.bind          [ |  | ] - binding parameter (2:INTEGER) <- [1]
25-05-20 14:47:54.809 [Test worker] DEBUG org.hibernate.SQL                    [ |  | ] - 
    select
        u1_0.id 
    from
        users u1_0 
    where
        u1_0.username=? 
    fetch
        first ? rows only
25-05-20 14:47:54.809 [Test worker] TRACE org.hibernate.orm.jdbc.bind          [ |  | ] - binding parameter (1:VARCHAR) <- [user1]
25-05-20 14:47:54.809 [Test worker] TRACE org.hibernate.orm.jdbc.bind          [ |  | ] - binding parameter (2:INTEGER) <- [1]
25-05-20 14:47:54.810 [Test worker] INFO  c.s.m.d.s.basic.BasicUserService     [ |  | ] - 사용자 생성 완료: id=03489341-e1f8-4852-8f38-411cb783a204, username=user1
25-05-20 14:47:54.811 [Test worker] DEBUG c.s.m.d.s.basic.BasicUserService     [ |  | ] - 사용자 생성 시작: UserCreateRequest[username=user2, email=user2@example.com, password=Password1!]
25-05-20 14:47:54.812 [Test worker] DEBUG org.hibernate.SQL                    [ |  | ] - 
    insert 
    into
        users
        (created_at, email, password, profile_id, updated_at, username, id) 
    values
        (?, ?, ?, ?, ?, ?, ?)
25-05-20 14:47:54.813 [Test worker] TRACE org.hibernate.orm.jdbc.bind          [ |  | ] - binding parameter (1:TIMESTAMP_UTC) <- [2025-05-20T05:47:54.810459Z]
25-05-20 14:47:54.813 [Test worker] TRACE org.hibernate.orm.jdbc.bind          [ |  | ] - binding parameter (2:VARCHAR) <- [user1@example.com]
25-05-20 14:47:54.813 [Test worker] TRACE org.hibernate.orm.jdbc.bind          [ |  | ] - binding parameter (3:VARCHAR) <- [Password1!]
25-05-20 14:47:54.813 [Test worker] TRACE org.hibernate.orm.jdbc.bind          [ |  | ] - binding parameter (4:UUID) <- [null]
25-05-20 14:47:54.813 [Test worker] TRACE org.hibernate.orm.jdbc.bind          [ |  | ] - binding parameter (5:TIMESTAMP_UTC) <- [2025-05-20T05:47:54.810459Z]
25-05-20 14:47:54.813 [Test worker] TRACE org.hibernate.orm.jdbc.bind          [ |  | ] - binding parameter (6:VARCHAR) <- [user1]
25-05-20 14:47:54.813 [Test worker] TRACE org.hibernate.orm.jdbc.bind          [ |  | ] - binding parameter (7:UUID) <- [03489341-e1f8-4852-8f38-411cb783a204]
25-05-20 14:47:54.814 [Test worker] DEBUG org.hibernate.SQL                    [ |  | ] - 
    insert 
    into
        user_statuses
        (created_at, last_active_at, updated_at, user_id, id) 
    values
        (?, ?, ?, ?, ?)
25-05-20 14:47:54.815 [Test worker] TRACE org.hibernate.orm.jdbc.bind          [ |  | ] - binding parameter (1:TIMESTAMP_UTC) <- [2025-05-20T05:47:54.810755Z]
25-05-20 14:47:54.815 [Test worker] TRACE org.hibernate.orm.jdbc.bind          [ |  | ] - binding parameter (2:TIMESTAMP_UTC) <- [2025-05-20T05:47:54.810197Z]
25-05-20 14:47:54.815 [Test worker] TRACE org.hibernate.orm.jdbc.bind          [ |  | ] - binding parameter (3:TIMESTAMP_UTC) <- [2025-05-20T05:47:54.810755Z]
25-05-20 14:47:54.815 [Test worker] TRACE org.hibernate.orm.jdbc.bind          [ |  | ] - binding parameter (4:UUID) <- [03489341-e1f8-4852-8f38-411cb783a204]
25-05-20 14:47:54.815 [Test worker] TRACE org.hibernate.orm.jdbc.bind          [ |  | ] - binding parameter (5:UUID) <- [670af34e-a8db-4281-8f14-4d853189333b]
25-05-20 14:47:54.816 [Test worker] DEBUG org.hibernate.SQL                    [ |  | ] - 
    select
        u1_0.id 
    from
        users u1_0 
    where
        u1_0.email=? 
    fetch
        first ? rows only
25-05-20 14:47:54.816 [Test worker] TRACE org.hibernate.orm.jdbc.bind          [ |  | ] - binding parameter (1:VARCHAR) <- [user2@example.com]
25-05-20 14:47:54.816 [Test worker] TRACE org.hibernate.orm.jdbc.bind          [ |  | ] - binding parameter (2:INTEGER) <- [1]
25-05-20 14:47:54.819 [Test worker] DEBUG org.hibernate.SQL                    [ |  | ] - 
    select
        u1_0.id 
    from
        users u1_0 
    where
        u1_0.username=? 
    fetch
        first ? rows only
25-05-20 14:47:54.819 [Test worker] TRACE org.hibernate.orm.jdbc.bind          [ |  | ] - binding parameter (1:VARCHAR) <- [user2]
25-05-20 14:47:54.819 [Test worker] TRACE org.hibernate.orm.jdbc.bind          [ |  | ] - binding parameter (2:INTEGER) <- [1]
25-05-20 14:47:54.822 [Test worker] INFO  c.s.m.d.s.basic.BasicUserService     [ |  | ] - 사용자 생성 완료: id=b1347fd4-6b6c-4143-91bc-1373ed9f9bbe, username=user2
25-05-20 14:47:54.823 [Test worker] DEBUG c.s.m.d.config.MDCLoggingInterceptor [150558cc2fbf45859883e0d2a77a117a | GET | /api/users] - Request started
25-05-20 14:47:54.823 [Test worker] DEBUG c.s.m.d.s.basic.BasicUserService     [150558cc2fbf45859883e0d2a77a117a | GET | /api/users] - 모든 사용자 조회 시작
25-05-20 14:47:54.824 [Test worker] DEBUG org.hibernate.SQL                    [150558cc2fbf45859883e0d2a77a117a | GET | /api/users] - 
    insert 
    into
        users
        (created_at, email, password, profile_id, updated_at, username, id) 
    values
        (?, ?, ?, ?, ?, ?, ?)
25-05-20 14:47:54.825 [Test worker] TRACE org.hibernate.orm.jdbc.bind          [150558cc2fbf45859883e0d2a77a117a | GET | /api/users] - binding parameter (1:TIMESTAMP_UTC) <- [2025-05-20T05:47:54.820375Z]
25-05-20 14:47:54.825 [Test worker] TRACE org.hibernate.orm.jdbc.bind          [150558cc2fbf45859883e0d2a77a117a | GET | /api/users] - binding parameter (2:VARCHAR) <- [user2@example.com]
25-05-20 14:47:54.825 [Test worker] TRACE org.hibernate.orm.jdbc.bind          [150558cc2fbf45859883e0d2a77a117a | GET | /api/users] - binding parameter (3:VARCHAR) <- [Password1!]
25-05-20 14:47:54.825 [Test worker] TRACE org.hibernate.orm.jdbc.bind          [150558cc2fbf45859883e0d2a77a117a | GET | /api/users] - binding parameter (4:UUID) <- [null]
25-05-20 14:47:54.826 [Test worker] TRACE org.hibernate.orm.jdbc.bind          [150558cc2fbf45859883e0d2a77a117a | GET | /api/users] - binding parameter (5:TIMESTAMP_UTC) <- [2025-05-20T05:47:54.820375Z]
25-05-20 14:47:54.826 [Test worker] TRACE org.hibernate.orm.jdbc.bind          [150558cc2fbf45859883e0d2a77a117a | GET | /api/users] - binding parameter (6:VARCHAR) <- [user2]
25-05-20 14:47:54.826 [Test worker] TRACE org.hibernate.orm.jdbc.bind          [150558cc2fbf45859883e0d2a77a117a | GET | /api/users] - binding parameter (7:UUID) <- [b1347fd4-6b6c-4143-91bc-1373ed9f9bbe]
25-05-20 14:47:54.826 [Test worker] DEBUG org.hibernate.SQL                    [150558cc2fbf45859883e0d2a77a117a | GET | /api/users] - 
    insert 
    into
        user_statuses
        (created_at, last_active_at, updated_at, user_id, id) 
    values
        (?, ?, ?, ?, ?)
25-05-20 14:47:54.826 [Test worker] TRACE org.hibernate.orm.jdbc.bind          [150558cc2fbf45859883e0d2a77a117a | GET | /api/users] - binding parameter (1:TIMESTAMP_UTC) <- [2025-05-20T05:47:54.821778Z]
25-05-20 14:47:54.827 [Test worker] TRACE org.hibernate.orm.jdbc.bind          [150558cc2fbf45859883e0d2a77a117a | GET | /api/users] - binding parameter (2:TIMESTAMP_UTC) <- [2025-05-20T05:47:54.820001Z]
25-05-20 14:47:54.827 [Test worker] TRACE org.hibernate.orm.jdbc.bind          [150558cc2fbf45859883e0d2a77a117a | GET | /api/users] - binding parameter (3:TIMESTAMP_UTC) <- [2025-05-20T05:47:54.821778Z]
25-05-20 14:47:54.827 [Test worker] TRACE org.hibernate.orm.jdbc.bind          [150558cc2fbf45859883e0d2a77a117a | GET | /api/users] - binding parameter (4:UUID) <- [b1347fd4-6b6c-4143-91bc-1373ed9f9bbe]
25-05-20 14:47:54.827 [Test worker] TRACE org.hibernate.orm.jdbc.bind          [150558cc2fbf45859883e0d2a77a117a | GET | /api/users] - binding parameter (5:UUID) <- [afb2546f-39f2-4afe-a9d0-9b032e7dc0b2]
25-05-20 14:47:54.827 [Test worker] DEBUG org.hibernate.SQL                    [150558cc2fbf45859883e0d2a77a117a | GET | /api/users] - 
    select
        u1_0.id,
        u1_0.created_at,
        u1_0.email,
        u1_0.password,
        p1_0.id,
        p1_0.content_type,
        p1_0.created_at,
        p1_0.file_name,
        p1_0.size,
        s1_0.id,
        s1_0.created_at,
        s1_0.last_active_at,
        s1_0.updated_at,
        s1_0.user_id,
        u1_0.updated_at,
        u1_0.username 
    from
        users u1_0 
    left join
        binary_contents p1_0 
            on p1_0.id=u1_0.profile_id 
    join
        user_statuses s1_0 
            on u1_0.id=s1_0.user_id
25-05-20 14:47:54.829 [Test worker] INFO  c.s.m.d.s.basic.BasicUserService     [150558cc2fbf45859883e0d2a77a117a | GET | /api/users] - 모든 사용자 조회 완료: 총 2명
25-05-20 14:47:54.830 [Test worker] DEBUG c.s.m.d.config.MDCLoggingInterceptor [150558cc2fbf45859883e0d2a77a117a | GET | /api/users] - Request completed
25-05-20 14:47:54.842 [Test worker] DEBUG c.s.m.d.config.MDCLoggingInterceptor [2abc0203d7424b08b431bb2f62148dc2 | DELETE | /api/users/d4d8fec8-d0e7-4cab-a321-c7728ad8c585] - Request started
25-05-20 14:47:54.842 [Test worker] DEBUG c.s.m.d.s.basic.BasicUserService     [2abc0203d7424b08b431bb2f62148dc2 | DELETE | /api/users/d4d8fec8-d0e7-4cab-a321-c7728ad8c585] - 사용자 삭제 시작: id=d4d8fec8-d0e7-4cab-a321-c7728ad8c585
25-05-20 14:47:54.842 [Test worker] DEBUG org.hibernate.SQL                    [2abc0203d7424b08b431bb2f62148dc2 | DELETE | /api/users/d4d8fec8-d0e7-4cab-a321-c7728ad8c585] - 
    select
        count(*) 
    from
        users u1_0 
    where
        u1_0.id=?
25-05-20 14:47:54.843 [Test worker] TRACE org.hibernate.orm.jdbc.bind          [2abc0203d7424b08b431bb2f62148dc2 | DELETE | /api/users/d4d8fec8-d0e7-4cab-a321-c7728ad8c585] - binding parameter (1:UUID) <- [d4d8fec8-d0e7-4cab-a321-c7728ad8c585]
25-05-20 14:47:54.844 [Test worker] ERROR c.s.m.d.e.GlobalExceptionHandler     [2abc0203d7424b08b431bb2f62148dc2 | DELETE | /api/users/d4d8fec8-d0e7-4cab-a321-c7728ad8c585] - 커스텀 예외 발생: code=USER_NOT_FOUND, message=사용자를 찾을 수 없습니다.
com.sprint.mission.discodeit.exception.user.UserNotFoundException: 사용자를 찾을 수 없습니다.
	at com.sprint.mission.discodeit.exception.user.UserNotFoundException.withId(UserNotFoundException.java:13)
	at com.sprint.mission.discodeit.service.basic.BasicUserService.delete(BasicUserService.java:148)
	at java.base/jdk.internal.reflect.NativeMethodAccessorImpl.invoke0(Native Method)
	at java.base/jdk.internal.reflect.NativeMethodAccessorImpl.invoke(NativeMethodAccessorImpl.java:77)
	at java.base/jdk.internal.reflect.DelegatingMethodAccessorImpl.invoke(DelegatingMethodAccessorImpl.java:43)
	at java.base/java.lang.reflect.Method.invoke(Method.java:569)
	at org.springframework.aop.support.AopUtils.invokeJoinpointUsingReflection(AopUtils.java:359)
	at org.springframework.aop.framework.ReflectiveMethodInvocation.invokeJoinpoint(ReflectiveMethodInvocation.java:196)
	at org.springframework.aop.framework.ReflectiveMethodInvocation.proceed(ReflectiveMethodInvocation.java:163)
	at org.springframework.transaction.interceptor.TransactionAspectSupport.invokeWithinTransaction(TransactionAspectSupport.java:380)
	at org.springframework.transaction.interceptor.TransactionInterceptor.invoke(TransactionInterceptor.java:119)
	at org.springframework.aop.framework.ReflectiveMethodInvocation.proceed(ReflectiveMethodInvocation.java:184)
	at org.springframework.aop.framework.CglibAopProxy$DynamicAdvisedInterceptor.intercept(CglibAopProxy.java:727)
	at com.sprint.mission.discodeit.service.basic.BasicUserService$$SpringCGLIB$$0.delete(<generated>)
	at com.sprint.mission.discodeit.controller.UserController.delete(UserController.java:81)
	at java.base/jdk.internal.reflect.NativeMethodAccessorImpl.invoke0(Native Method)
	at java.base/jdk.internal.reflect.NativeMethodAccessorImpl.invoke(NativeMethodAccessorImpl.java:77)
	at java.base/jdk.internal.reflect.DelegatingMethodAccessorImpl.invoke(DelegatingMethodAccessorImpl.java:43)
	at java.base/java.lang.reflect.Method.invoke(Method.java:569)
	at org.springframework.web.method.support.InvocableHandlerMethod.doInvoke(InvocableHandlerMethod.java:255)
	at org.springframework.web.method.support.InvocableHandlerMethod.invokeForRequest(InvocableHandlerMethod.java:188)
	at org.springframework.web.servlet.mvc.method.annotation.ServletInvocableHandlerMethod.invokeAndHandle(ServletInvocableHandlerMethod.java:118)
	at org.springframework.web.servlet.mvc.method.annotation.RequestMappingHandlerAdapter.invokeHandlerMethod(RequestMappingHandlerAdapter.java:986)
	at org.springframework.web.servlet.mvc.method.annotation.RequestMappingHandlerAdapter.handleInternal(RequestMappingHandlerAdapter.java:891)
	at org.springframework.web.servlet.mvc.method.AbstractHandlerMethodAdapter.handle(AbstractHandlerMethodAdapter.java:87)
	at org.springframework.web.servlet.DispatcherServlet.doDispatch(DispatcherServlet.java:1088)
	at org.springframework.web.servlet.DispatcherServlet.doService(DispatcherServlet.java:978)
	at org.springframework.web.servlet.FrameworkServlet.processRequest(FrameworkServlet.java:1014)
	at org.springframework.web.servlet.FrameworkServlet.doDelete(FrameworkServlet.java:936)
	at jakarta.servlet.http.HttpServlet.service(HttpServlet.java:596)
	at org.springframework.web.servlet.FrameworkServlet.service(FrameworkServlet.java:885)
	at org.springframework.test.web.servlet.TestDispatcherServlet.service(TestDispatcherServlet.java:72)
	at jakarta.servlet.http.HttpServlet.service(HttpServlet.java:658)
	at org.springframework.mock.web.MockFilterChain$ServletFilterProxy.doFilter(MockFilterChain.java:165)
	at org.springframework.mock.web.MockFilterChain.doFilter(MockFilterChain.java:132)
	at org.springframework.web.filter.RequestContextFilter.doFilterInternal(RequestContextFilter.java:100)
	at org.springframework.web.filter.OncePerRequestFilter.doFilter(OncePerRequestFilter.java:116)
	at org.springframework.test.web.servlet.setup.MockMvcFilterDecorator.doFilter(MockMvcFilterDecorator.java:162)
	at org.springframework.mock.web.MockFilterChain.doFilter(MockFilterChain.java:132)
	at org.springframework.web.filter.FormContentFilter.doFilterInternal(FormContentFilter.java:93)
	at org.springframework.web.filter.OncePerRequestFilter.doFilter(OncePerRequestFilter.java:116)
	at org.springframework.test.web.servlet.setup.MockMvcFilterDecorator.doFilter(MockMvcFilterDecorator.java:162)
	at org.springframework.mock.web.MockFilterChain.doFilter(MockFilterChain.java:132)
	at org.springframework.web.filter.ServerHttpObservationFilter.doFilterInternal(ServerHttpObservationFilter.java:114)
	at org.springframework.web.filter.OncePerRequestFilter.doFilter(OncePerRequestFilter.java:116)
	at org.springframework.test.web.servlet.setup.MockMvcFilterDecorator.doFilter(MockMvcFilterDecorator.java:162)
	at org.springframework.mock.web.MockFilterChain.doFilter(MockFilterChain.java:132)
	at org.springframework.web.filter.CharacterEncodingFilter.doFilterInternal(CharacterEncodingFilter.java:201)
	at org.springframework.web.filter.OncePerRequestFilter.doFilter(OncePerRequestFilter.java:116)
	at org.springframework.test.web.servlet.setup.MockMvcFilterDecorator.doFilter(MockMvcFilterDecorator.java:162)
	at org.springframework.mock.web.MockFilterChain.doFilter(MockFilterChain.java:132)
	at org.springframework.test.web.servlet.MockMvc.perform(MockMvc.java:201)
	at com.sprint.mission.discodeit.integration.UserApiIntegrationTest.deleteUser_Failure_UserNotFound(UserApiIntegrationTest.java:251)
	at java.base/jdk.internal.reflect.NativeMethodAccessorImpl.invoke0(Native Method)
	at java.base/jdk.internal.reflect.NativeMethodAccessorImpl.invoke(NativeMethodAccessorImpl.java:77)
	at java.base/jdk.internal.reflect.DelegatingMethodAccessorImpl.invoke(DelegatingMethodAccessorImpl.java:43)
	at java.base/java.lang.reflect.Method.invoke(Method.java:569)
	at org.junit.platform.commons.util.ReflectionUtils.invokeMethod(ReflectionUtils.java:767)
	at org.junit.jupiter.engine.execution.MethodInvocation.proceed(MethodInvocation.java:60)
	at org.junit.jupiter.engine.execution.InvocationInterceptorChain$ValidatingInvocation.proceed(InvocationInterceptorChain.java:131)
	at org.junit.jupiter.engine.extension.TimeoutExtension.intercept(TimeoutExtension.java:156)
	at org.junit.jupiter.engine.extension.TimeoutExtension.interceptTestableMethod(TimeoutExtension.java:147)
	at org.junit.jupiter.engine.extension.TimeoutExtension.interceptTestMethod(TimeoutExtension.java:86)
	at org.junit.jupiter.engine.execution.InterceptingExecutableInvoker$ReflectiveInterceptorCall.lambda$ofVoidMethod$0(InterceptingExecutableInvoker.java:103)
	at org.junit.jupiter.engine.execution.InterceptingExecutableInvoker.lambda$invoke$0(InterceptingExecutableInvoker.java:93)
	at org.junit.jupiter.engine.execution.InvocationInterceptorChain$InterceptedInvocation.proceed(InvocationInterceptorChain.java:106)
	at org.junit.jupiter.engine.execution.InvocationInterceptorChain.proceed(InvocationInterceptorChain.java:64)
	at org.junit.jupiter.engine.execution.InvocationInterceptorChain.chainAndInvoke(InvocationInterceptorChain.java:45)
	at org.junit.jupiter.engine.execution.InvocationInterceptorChain.invoke(InvocationInterceptorChain.java:37)
	at org.junit.jupiter.engine.execution.InterceptingExecutableInvoker.invoke(InterceptingExecutableInvoker.java:92)
	at org.junit.jupiter.engine.execution.InterceptingExecutableInvoker.invoke(InterceptingExecutableInvoker.java:86)
	at org.junit.jupiter.engine.descriptor.TestMethodTestDescriptor.lambda$invokeTestMethod$8(TestMethodTestDescriptor.java:217)
	at org.junit.platform.engine.support.hierarchical.ThrowableCollector.execute(ThrowableCollector.java:73)
	at org.junit.jupiter.engine.descriptor.TestMethodTestDescriptor.invokeTestMethod(TestMethodTestDescriptor.java:213)
	at org.junit.jupiter.engine.descriptor.TestMethodTestDescriptor.execute(TestMethodTestDescriptor.java:138)
	at org.junit.jupiter.engine.descriptor.TestMethodTestDescriptor.execute(TestMethodTestDescriptor.java:68)
	at org.junit.platform.engine.support.hierarchical.NodeTestTask.lambda$executeRecursively$6(NodeTestTask.java:156)
	at org.junit.platform.engine.support.hierarchical.ThrowableCollector.execute(ThrowableCollector.java:73)
	at org.junit.platform.engine.support.hierarchical.NodeTestTask.lambda$executeRecursively$8(NodeTestTask.java:146)
	at org.junit.platform.engine.support.hierarchical.Node.around(Node.java:137)
	at org.junit.platform.engine.support.hierarchical.NodeTestTask.lambda$executeRecursively$9(NodeTestTask.java:144)
	at org.junit.platform.engine.support.hierarchical.ThrowableCollector.execute(ThrowableCollector.java:73)
	at org.junit.platform.engine.support.hierarchical.NodeTestTask.executeRecursively(NodeTestTask.java:143)
	at org.junit.platform.engine.support.hierarchical.NodeTestTask.execute(NodeTestTask.java:100)
	at java.base/java.util.ArrayList.forEach(ArrayList.java:1511)
	at org.junit.platform.engine.support.hierarchical.SameThreadHierarchicalTestExecutorService.invokeAll(SameThreadHierarchicalTestExecutorService.java:41)
	at org.junit.platform.engine.support.hierarchical.NodeTestTask.lambda$executeRecursively$6(NodeTestTask.java:160)
	at org.junit.platform.engine.support.hierarchical.ThrowableCollector.execute(ThrowableCollector.java:73)
	at org.junit.platform.engine.support.hierarchical.NodeTestTask.lambda$executeRecursively$8(NodeTestTask.java:146)
	at org.junit.platform.engine.support.hierarchical.Node.around(Node.java:137)
	at org.junit.platform.engine.support.hierarchical.NodeTestTask.lambda$executeRecursively$9(NodeTestTask.java:144)
	at org.junit.platform.engine.support.hierarchical.ThrowableCollector.execute(ThrowableCollector.java:73)
	at org.junit.platform.engine.support.hierarchical.NodeTestTask.executeRecursively(NodeTestTask.java:143)
	at org.junit.platform.engine.support.hierarchical.NodeTestTask.execute(NodeTestTask.java:100)
	at java.base/java.util.ArrayList.forEach(ArrayList.java:1511)
	at org.junit.platform.engine.support.hierarchical.SameThreadHierarchicalTestExecutorService.invokeAll(SameThreadHierarchicalTestExecutorService.java:41)
	at org.junit.platform.engine.support.hierarchical.NodeTestTask.lambda$executeRecursively$6(NodeTestTask.java:160)
	at org.junit.platform.engine.support.hierarchical.ThrowableCollector.execute(ThrowableCollector.java:73)
	at org.junit.platform.engine.support.hierarchical.NodeTestTask.lambda$executeRecursively$8(NodeTestTask.java:146)
	at org.junit.platform.engine.support.hierarchical.Node.around(Node.java:137)
	at org.junit.platform.engine.support.hierarchical.NodeTestTask.lambda$executeRecursively$9(NodeTestTask.java:144)
	at org.junit.platform.engine.support.hierarchical.ThrowableCollector.execute(ThrowableCollector.java:73)
	at org.junit.platform.engine.support.hierarchical.NodeTestTask.executeRecursively(NodeTestTask.java:143)
	at org.junit.platform.engine.support.hierarchical.NodeTestTask.execute(NodeTestTask.java:100)
	at org.junit.platform.engine.support.hierarchical.SameThreadHierarchicalTestExecutorService.submit(SameThreadHierarchicalTestExecutorService.java:35)
	at org.junit.platform.engine.support.hierarchical.HierarchicalTestExecutor.execute(HierarchicalTestExecutor.java:57)
	at org.junit.platform.engine.support.hierarchical.HierarchicalTestEngine.execute(HierarchicalTestEngine.java:54)
	at org.junit.platform.launcher.core.EngineExecutionOrchestrator.execute(EngineExecutionOrchestrator.java:198)
	at org.junit.platform.launcher.core.EngineExecutionOrchestrator.execute(EngineExecutionOrchestrator.java:169)
	at org.junit.platform.launcher.core.EngineExecutionOrchestrator.execute(EngineExecutionOrchestrator.java:93)
	at org.junit.platform.launcher.core.EngineExecutionOrchestrator.lambda$execute$0(EngineExecutionOrchestrator.java:58)
	at org.junit.platform.launcher.core.EngineExecutionOrchestrator.withInterceptedStreams(EngineExecutionOrchestrator.java:141)
	at org.junit.platform.launcher.core.EngineExecutionOrchestrator.execute(EngineExecutionOrchestrator.java:57)
	at org.junit.platform.launcher.core.DefaultLauncher.execute(DefaultLauncher.java:103)
	at org.junit.platform.launcher.core.DefaultLauncher.execute(DefaultLauncher.java:85)
	at org.junit.platform.launcher.core.DelegatingLauncher.execute(DelegatingLauncher.java:47)
	at org.gradle.api.internal.tasks.testing.junitplatform.JUnitPlatformTestClassProcessor$CollectAllTestClassesExecutor.processAllTestClasses(JUnitPlatformTestClassProcessor.java:124)
	at org.gradle.api.internal.tasks.testing.junitplatform.JUnitPlatformTestClassProcessor$CollectAllTestClassesExecutor.access$000(JUnitPlatformTestClassProcessor.java:99)
	at org.gradle.api.internal.tasks.testing.junitplatform.JUnitPlatformTestClassProcessor.stop(JUnitPlatformTestClassProcessor.java:94)
	at org.gradle.api.internal.tasks.testing.SuiteTestClassProcessor.stop(SuiteTestClassProcessor.java:63)
	at java.base/jdk.internal.reflect.NativeMethodAccessorImpl.invoke0(Native Method)
	at java.base/jdk.internal.reflect.NativeMethodAccessorImpl.invoke(NativeMethodAccessorImpl.java:77)
	at java.base/jdk.internal.reflect.DelegatingMethodAccessorImpl.invoke(DelegatingMethodAccessorImpl.java:43)
	at java.base/java.lang.reflect.Method.invoke(Method.java:569)
	at org.gradle.internal.dispatch.ReflectionDispatch.dispatch(ReflectionDispatch.java:36)
	at org.gradle.internal.dispatch.ReflectionDispatch.dispatch(ReflectionDispatch.java:24)
	at org.gradle.internal.dispatch.ContextClassLoaderDispatch.dispatch(ContextClassLoaderDispatch.java:33)
	at org.gradle.internal.dispatch.ProxyDispatchAdapter$DispatchingInvocationHandler.invoke(ProxyDispatchAdapter.java:92)
	at jdk.proxy2/jdk.proxy2.$Proxy6.stop(Unknown Source)
	at org.gradle.api.internal.tasks.testing.worker.TestWorker$3.run(TestWorker.java:200)
	at org.gradle.api.internal.tasks.testing.worker.TestWorker.executeAndMaintainThreadName(TestWorker.java:132)
	at org.gradle.api.internal.tasks.testing.worker.TestWorker.execute(TestWorker.java:103)
	at org.gradle.api.internal.tasks.testing.worker.TestWorker.execute(TestWorker.java:63)
	at org.gradle.process.internal.worker.child.ActionExecutionWorker.execute(ActionExecutionWorker.java:56)
	at org.gradle.process.internal.worker.child.SystemApplicationClassLoaderWorker.call(SystemApplicationClassLoaderWorker.java:121)
	at org.gradle.process.internal.worker.child.SystemApplicationClassLoaderWorker.call(SystemApplicationClassLoaderWorker.java:71)
	at worker.org.gradle.process.internal.worker.GradleWorkerMain.run(GradleWorkerMain.java:69)
	at worker.org.gradle.process.internal.worker.GradleWorkerMain.main(GradleWorkerMain.java:74)
25-05-20 14:47:54.846 [Test worker] DEBUG c.s.m.d.config.MDCLoggingInterceptor [2abc0203d7424b08b431bb2f62148dc2 | DELETE | /api/users/d4d8fec8-d0e7-4cab-a321-c7728ad8c585] - Request completed
25-05-20 14:47:54.855 [Test worker] INFO  o.s.t.c.s.AnnotationConfigContextLoaderUtils [ |  | ] - Could not detect default configuration classes for test class [com.sprint.mission.discodeit.repository.ChannelRepositoryTest]: ChannelRepositoryTest does not declare any static, non-private, non-final, nested classes annotated with @Configuration.
25-05-20 14:47:54.868 [Test worker] INFO  o.s.b.t.c.SpringBootTestContextBootstrapper [ |  | ] - Found @SpringBootConfiguration com.sprint.mission.discodeit.DiscodeitApplication for test class com.sprint.mission.discodeit.repository.ChannelRepositoryTest
25-05-20 14:47:54.906 [Test worker] INFO  c.s.m.d.r.ChannelRepositoryTest      [ |  | ] - Starting ChannelRepositoryTest using Java 17.0.14 with PID 56020 (started by jasonheo in /Users/jasonheo/2-sprint-mission)
25-05-20 14:47:54.906 [Test worker] DEBUG c.s.m.d.r.ChannelRepositoryTest      [ |  | ] - Running with Spring Boot v3.4.0, Spring v6.2.0
25-05-20 14:47:54.906 [Test worker] INFO  c.s.m.d.r.ChannelRepositoryTest      [ |  | ] - The following 1 profile is active: "test"
25-05-20 14:47:55.020 [Test worker] INFO  o.s.d.r.c.RepositoryConfigurationDelegate [ |  | ] - Bootstrapping Spring Data JPA repositories in DEFAULT mode.
25-05-20 14:47:55.044 [Test worker] INFO  o.s.d.r.c.RepositoryConfigurationDelegate [ |  | ] - Finished Spring Data repository scanning in 20 ms. Found 6 JPA repository interfaces.
25-05-20 14:47:55.062 [Test worker] INFO  o.s.b.t.a.j.TestDatabaseAutoConfiguration$EmbeddedDataSourceBeanFactoryPostProcessor [ |  | ] - Replacing 'dataSource' DataSource bean with embedded version
25-05-20 14:47:55.084 [Test worker] INFO  o.s.j.d.e.EmbeddedDatabaseFactory    [ |  | ] - Starting embedded database: url='jdbc:h2:mem:a98c3c46-fa1d-482b-a9f8-bc2aff4ecf6f;DB_CLOSE_DELAY=-1;DB_CLOSE_ON_EXIT=false', username='sa'
25-05-20 14:47:55.129 [Test worker] INFO  o.h.jpa.internal.util.LogHelper      [ |  | ] - HHH000204: Processing PersistenceUnitInfo [name: default]
25-05-20 14:47:55.133 [Test worker] INFO  o.h.c.i.RegionFactoryInitiator       [ |  | ] - HHH000026: Second-level cache disabled
25-05-20 14:47:55.143 [Test worker] INFO  o.s.o.j.p.SpringPersistenceUnitInfo  [ |  | ] - No LoadTimeWeaver setup: ignoring JPA class transformer
25-05-20 14:47:55.145 [Test worker] INFO  o.hibernate.orm.connections.pooling  [ |  | ] - HHH10001005: Database info:
	Database JDBC URL [Connecting through datasource 'org.springframework.jdbc.datasource.embedded.EmbeddedDatabaseFactory$EmbeddedDataSourceProxy@7a797210']
	Database driver: undefined/unknown
	Database version: 2.3.232
	Autocommit mode: undefined/unknown
	Isolation level: undefined/unknown
	Minimum pool size: undefined/unknown
	Maximum pool size: undefined/unknown
25-05-20 14:47:55.354 [Test worker] INFO  o.h.e.t.j.p.i.JtaPlatformInitiator   [ |  | ] - HHH000489: No JTA platform available (set 'hibernate.transaction.jta.platform' to enable JTA platform integration)
25-05-20 14:47:55.355 [Test worker] DEBUG org.hibernate.SQL                    [ |  | ] - 
    drop table if exists binary_contents cascade 
25-05-20 14:47:55.358 [Test worker] DEBUG org.hibernate.SQL                    [ |  | ] - 
    drop table if exists channels cascade 
25-05-20 14:47:55.359 [Test worker] DEBUG org.hibernate.SQL                    [ |  | ] - 
    drop table if exists message_attachments cascade 
25-05-20 14:47:55.359 [Test worker] DEBUG org.hibernate.SQL                    [ |  | ] - 
    drop table if exists messages cascade 
25-05-20 14:47:55.360 [Test worker] DEBUG org.hibernate.SQL                    [ |  | ] - 
    drop table if exists read_statuses cascade 
25-05-20 14:47:55.360 [Test worker] DEBUG org.hibernate.SQL                    [ |  | ] - 
    drop table if exists user_statuses cascade 
25-05-20 14:47:55.361 [Test worker] DEBUG org.hibernate.SQL                    [ |  | ] - 
    drop table if exists users cascade 
25-05-20 14:47:55.362 [Test worker] DEBUG org.hibernate.SQL                    [ |  | ] - 
    create table binary_contents (
        created_at timestamp with time zone not null,
        size bigint not null,
        id uuid not null,
        content_type varchar(100) not null,
        file_name varchar(255) not null,
        primary key (id)
    )
25-05-20 14:47:55.363 [Test worker] DEBUG org.hibernate.SQL                    [ |  | ] - 
    create table channels (
        created_at timestamp with time zone not null,
        updated_at timestamp with time zone,
        id uuid not null,
        name varchar(100),
        description varchar(500),
        type enum ('PRIVATE','PUBLIC') not null,
        primary key (id)
    )
25-05-20 14:47:55.365 [Test worker] DEBUG org.hibernate.SQL                    [ |  | ] - 
    create table message_attachments (
        attachment_id uuid not null unique,
        message_id uuid not null
    )
25-05-20 14:47:55.366 [Test worker] DEBUG org.hibernate.SQL                    [ |  | ] - 
    create table messages (
        created_at timestamp with time zone not null,
        updated_at timestamp with time zone,
        author_id uuid,
        channel_id uuid not null,
        id uuid not null,
        content text not null,
        primary key (id)
    )
25-05-20 14:47:55.367 [Test worker] DEBUG org.hibernate.SQL                    [ |  | ] - 
    create table read_statuses (
        created_at timestamp with time zone not null,
        last_read_at timestamp with time zone not null,
        updated_at timestamp with time zone,
        channel_id uuid not null,
        id uuid not null,
        user_id uuid not null,
        primary key (id),
        unique (user_id, channel_id)
    )
25-05-20 14:47:55.369 [Test worker] DEBUG org.hibernate.SQL                    [ |  | ] - 
    create table user_statuses (
        created_at timestamp with time zone not null,
        last_active_at timestamp with time zone not null,
        updated_at timestamp with time zone,
        id uuid not null,
        user_id uuid not null unique,
        primary key (id)
    )
25-05-20 14:47:55.371 [Test worker] DEBUG org.hibernate.SQL                    [ |  | ] - 
    create table users (
        created_at timestamp with time zone not null,
        updated_at timestamp with time zone,
        id uuid not null,
        profile_id uuid unique,
        username varchar(50) not null unique,
        password varchar(60) not null,
        email varchar(100) not null unique,
        primary key (id)
    )
25-05-20 14:47:55.373 [Test worker] DEBUG org.hibernate.SQL                    [ |  | ] - 
    alter table if exists message_attachments 
       add constraint FKsd1m8rb8jcpbcnb7rpdue7ctc 
       foreign key (attachment_id) 
       references binary_contents
25-05-20 14:47:55.374 [Test worker] DEBUG org.hibernate.SQL                    [ |  | ] - 
    alter table if exists message_attachments 
       add constraint FKj7twd218e2gqw9cmlhwvo1rth 
       foreign key (message_id) 
       references messages
25-05-20 14:47:55.376 [Test worker] DEBUG org.hibernate.SQL                    [ |  | ] - 
    alter table if exists messages 
       add constraint FKowtlim26svclkatusptbgi7u1 
       foreign key (author_id) 
       references users
25-05-20 14:47:55.377 [Test worker] DEBUG org.hibernate.SQL                    [ |  | ] - 
    alter table if exists messages 
       add constraint FK3u3ckbhwq9se1cmopk2pq05b2 
       foreign key (channel_id) 
       references channels
25-05-20 14:47:55.378 [Test worker] DEBUG org.hibernate.SQL                    [ |  | ] - 
    alter table if exists read_statuses 
       add constraint FKa38ri44ml4gfdpklx4ahqr8gd 
       foreign key (channel_id) 
       references channels
25-05-20 14:47:55.379 [Test worker] DEBUG org.hibernate.SQL                    [ |  | ] - 
    alter table if exists read_statuses 
       add constraint FKml3k4wr9sj5yxrmj6d0aoib2e 
       foreign key (user_id) 
       references users
25-05-20 14:47:55.381 [Test worker] DEBUG org.hibernate.SQL                    [ |  | ] - 
    alter table if exists user_statuses 
       add constraint FK4lfl3ei2ubchgcxrrpo3pw4mm 
       foreign key (user_id) 
       references users
25-05-20 14:47:55.382 [Test worker] DEBUG org.hibernate.SQL                    [ |  | ] - 
    alter table if exists users 
       add constraint FKtbudycgrip49xdptogmhfqnso 
       foreign key (profile_id) 
       references binary_contents
25-05-20 14:47:55.384 [Test worker] INFO  o.s.o.j.LocalContainerEntityManagerFactoryBean [ |  | ] - Initialized JPA EntityManagerFactory for persistence unit 'default'
25-05-20 14:47:55.518 [Test worker] INFO  c.s.m.d.r.ChannelRepositoryTest      [ |  | ] - Started ChannelRepositoryTest in 0.648 seconds (process running for 19.385)
25-05-20 14:47:55.539 [Test worker] DEBUG org.hibernate.SQL                    [ |  | ] - 
    insert 
    into
        channels
        (created_at, description, name, type, updated_at, id) 
    values
        (?, ?, ?, ?, ?, ?)
25-05-20 14:47:55.540 [Test worker] TRACE org.hibernate.orm.jdbc.bind          [ |  | ] - binding parameter (1:TIMESTAMP_UTC) <- [2025-05-20T05:47:55.527514Z]
25-05-20 14:47:55.540 [Test worker] TRACE org.hibernate.orm.jdbc.bind          [ |  | ] - binding parameter (2:VARCHAR) <- [설명: 공개채널1]
25-05-20 14:47:55.540 [Test worker] TRACE org.hibernate.orm.jdbc.bind          [ |  | ] - binding parameter (3:VARCHAR) <- [공개채널1]
25-05-20 14:47:55.540 [Test worker] TRACE org.hibernate.orm.jdbc.bind          [ |  | ] - binding parameter (4:ENUM) <- [PUBLIC]
25-05-20 14:47:55.540 [Test worker] TRACE org.hibernate.orm.jdbc.bind          [ |  | ] - binding parameter (5:TIMESTAMP_UTC) <- [2025-05-20T05:47:55.527514Z]
25-05-20 14:47:55.540 [Test worker] TRACE org.hibernate.orm.jdbc.bind          [ |  | ] - binding parameter (6:UUID) <- [77a50e02-0672-4ab2-827a-159d66cb9baf]
25-05-20 14:47:55.542 [Test worker] DEBUG org.hibernate.SQL                    [ |  | ] - 
    insert 
    into
        channels
        (created_at, description, name, type, updated_at, id) 
    values
        (?, ?, ?, ?, ?, ?)
25-05-20 14:47:55.543 [Test worker] TRACE org.hibernate.orm.jdbc.bind          [ |  | ] - binding parameter (1:TIMESTAMP_UTC) <- [2025-05-20T05:47:55.534711Z]
25-05-20 14:47:55.543 [Test worker] TRACE org.hibernate.orm.jdbc.bind          [ |  | ] - binding parameter (2:VARCHAR) <- [설명: 공개채널2]
25-05-20 14:47:55.543 [Test worker] TRACE org.hibernate.orm.jdbc.bind          [ |  | ] - binding parameter (3:VARCHAR) <- [공개채널2]
25-05-20 14:47:55.543 [Test worker] TRACE org.hibernate.orm.jdbc.bind          [ |  | ] - binding parameter (4:ENUM) <- [PUBLIC]
25-05-20 14:47:55.543 [Test worker] TRACE org.hibernate.orm.jdbc.bind          [ |  | ] - binding parameter (5:TIMESTAMP_UTC) <- [2025-05-20T05:47:55.534711Z]
25-05-20 14:47:55.543 [Test worker] TRACE org.hibernate.orm.jdbc.bind          [ |  | ] - binding parameter (6:UUID) <- [fd6bd9b0-873c-4ce2-bdf2-d4910083e0c8]
25-05-20 14:47:55.544 [Test worker] DEBUG org.hibernate.SQL                    [ |  | ] - 
    insert 
    into
        channels
        (created_at, description, name, type, updated_at, id) 
    values
        (?, ?, ?, ?, ?, ?)
25-05-20 14:47:55.544 [Test worker] TRACE org.hibernate.orm.jdbc.bind          [ |  | ] - binding parameter (1:TIMESTAMP_UTC) <- [2025-05-20T05:47:55.535033Z]
25-05-20 14:47:55.544 [Test worker] TRACE org.hibernate.orm.jdbc.bind          [ |  | ] - binding parameter (2:VARCHAR) <- [설명: 비공개채널1]
25-05-20 14:47:55.544 [Test worker] TRACE org.hibernate.orm.jdbc.bind          [ |  | ] - binding parameter (3:VARCHAR) <- [비공개채널1]
25-05-20 14:47:55.544 [Test worker] TRACE org.hibernate.orm.jdbc.bind          [ |  | ] - binding parameter (4:ENUM) <- [PRIVATE]
25-05-20 14:47:55.544 [Test worker] TRACE org.hibernate.orm.jdbc.bind          [ |  | ] - binding parameter (5:TIMESTAMP_UTC) <- [2025-05-20T05:47:55.535033Z]
25-05-20 14:47:55.544 [Test worker] TRACE org.hibernate.orm.jdbc.bind          [ |  | ] - binding parameter (6:UUID) <- [1a0565a9-2c74-4893-95ff-1f14e46e35d8]
25-05-20 14:47:55.544 [Test worker] DEBUG org.hibernate.SQL                    [ |  | ] - 
    insert 
    into
        channels
        (created_at, description, name, type, updated_at, id) 
    values
        (?, ?, ?, ?, ?, ?)
25-05-20 14:47:55.545 [Test worker] TRACE org.hibernate.orm.jdbc.bind          [ |  | ] - binding parameter (1:TIMESTAMP_UTC) <- [2025-05-20T05:47:55.535461Z]
25-05-20 14:47:55.545 [Test worker] TRACE org.hibernate.orm.jdbc.bind          [ |  | ] - binding parameter (2:VARCHAR) <- [설명: 비공개채널2]
25-05-20 14:47:55.545 [Test worker] TRACE org.hibernate.orm.jdbc.bind          [ |  | ] - binding parameter (3:VARCHAR) <- [비공개채널2]
25-05-20 14:47:55.545 [Test worker] TRACE org.hibernate.orm.jdbc.bind          [ |  | ] - binding parameter (4:ENUM) <- [PRIVATE]
25-05-20 14:47:55.545 [Test worker] TRACE org.hibernate.orm.jdbc.bind          [ |  | ] - binding parameter (5:TIMESTAMP_UTC) <- [2025-05-20T05:47:55.535461Z]
25-05-20 14:47:55.545 [Test worker] TRACE org.hibernate.orm.jdbc.bind          [ |  | ] - binding parameter (6:UUID) <- [153482e6-752a-4fd9-8ba4-a0606cfea192]
25-05-20 14:47:55.547 [Test worker] DEBUG org.hibernate.SQL                    [ |  | ] - 
    select
        c1_0.id,
        c1_0.created_at,
        c1_0.description,
        c1_0.name,
        c1_0.type,
        c1_0.updated_at 
    from
        channels c1_0 
    where
        c1_0.type=? 
        or c1_0.id in (?)
25-05-20 14:47:55.547 [Test worker] TRACE org.hibernate.orm.jdbc.bind          [ |  | ] - binding parameter (1:ENUM) <- [PUBLIC]
25-05-20 14:47:55.547 [Test worker] TRACE org.hibernate.orm.jdbc.bind          [ |  | ] - binding parameter (2:UUID) <- [1a0565a9-2c74-4893-95ff-1f14e46e35d8]
25-05-20 14:47:55.681 [Test worker] DEBUG org.hibernate.SQL                    [ |  | ] - 
    insert 
    into
        channels
        (created_at, description, name, type, updated_at, id) 
    values
        (?, ?, ?, ?, ?, ?)
25-05-20 14:47:55.682 [Test worker] TRACE org.hibernate.orm.jdbc.bind          [ |  | ] - binding parameter (1:TIMESTAMP_UTC) <- [2025-05-20T05:47:55.680785Z]
25-05-20 14:47:55.682 [Test worker] TRACE org.hibernate.orm.jdbc.bind          [ |  | ] - binding parameter (2:VARCHAR) <- [설명: 비공개채널1]
25-05-20 14:47:55.682 [Test worker] TRACE org.hibernate.orm.jdbc.bind          [ |  | ] - binding parameter (3:VARCHAR) <- [비공개채널1]
25-05-20 14:47:55.682 [Test worker] TRACE org.hibernate.orm.jdbc.bind          [ |  | ] - binding parameter (4:ENUM) <- [PRIVATE]
25-05-20 14:47:55.682 [Test worker] TRACE org.hibernate.orm.jdbc.bind          [ |  | ] - binding parameter (5:TIMESTAMP_UTC) <- [2025-05-20T05:47:55.680785Z]
25-05-20 14:47:55.683 [Test worker] TRACE org.hibernate.orm.jdbc.bind          [ |  | ] - binding parameter (6:UUID) <- [d90d5f1f-e192-4396-b548-815be6752fce]
25-05-20 14:47:55.684 [Test worker] DEBUG org.hibernate.SQL                    [ |  | ] - 
    insert 
    into
        channels
        (created_at, description, name, type, updated_at, id) 
    values
        (?, ?, ?, ?, ?, ?)
25-05-20 14:47:55.684 [Test worker] TRACE org.hibernate.orm.jdbc.bind          [ |  | ] - binding parameter (1:TIMESTAMP_UTC) <- [2025-05-20T05:47:55.681240Z]
25-05-20 14:47:55.684 [Test worker] TRACE org.hibernate.orm.jdbc.bind          [ |  | ] - binding parameter (2:VARCHAR) <- [설명: 비공개채널2]
25-05-20 14:47:55.684 [Test worker] TRACE org.hibernate.orm.jdbc.bind          [ |  | ] - binding parameter (3:VARCHAR) <- [비공개채널2]
25-05-20 14:47:55.684 [Test worker] TRACE org.hibernate.orm.jdbc.bind          [ |  | ] - binding parameter (4:ENUM) <- [PRIVATE]
25-05-20 14:47:55.684 [Test worker] TRACE org.hibernate.orm.jdbc.bind          [ |  | ] - binding parameter (5:TIMESTAMP_UTC) <- [2025-05-20T05:47:55.681240Z]
25-05-20 14:47:55.684 [Test worker] TRACE org.hibernate.orm.jdbc.bind          [ |  | ] - binding parameter (6:UUID) <- [797b2616-870e-41ed-917c-fbf50c4d63a5]
25-05-20 14:47:55.686 [Test worker] DEBUG org.hibernate.SQL                    [ |  | ] - 
    select
        c1_0.id,
        c1_0.created_at,
        c1_0.description,
        c1_0.name,
        c1_0.type,
        c1_0.updated_at 
    from
        channels c1_0 
    where
        c1_0.type=? 
        or c1_0.id in (?)
25-05-20 14:47:55.687 [Test worker] TRACE org.hibernate.orm.jdbc.bind          [ |  | ] - binding parameter (1:ENUM) <- [PUBLIC]
25-05-20 14:47:55.687 [Test worker] TRACE org.hibernate.orm.jdbc.bind          [ |  | ] - binding parameter (2:UUID) <- [null]
25-05-20 14:47:55.695 [Test worker] INFO  o.s.t.c.s.AnnotationConfigContextLoaderUtils [ |  | ] - Could not detect default configuration classes for test class [com.sprint.mission.discodeit.repository.MessageRepositoryTest]: MessageRepositoryTest does not declare any static, non-private, non-final, nested classes annotated with @Configuration.
25-05-20 14:47:55.699 [Test worker] INFO  o.s.b.t.c.SpringBootTestContextBootstrapper [ |  | ] - Found @SpringBootConfiguration com.sprint.mission.discodeit.DiscodeitApplication for test class com.sprint.mission.discodeit.repository.MessageRepositoryTest
25-05-20 14:47:55.712 [Test worker] DEBUG org.hibernate.SQL                    [ |  | ] - 
    insert 
    into
        channels
        (created_at, description, name, type, updated_at, id) 
    values
        (?, ?, ?, ?, ?, ?)
25-05-20 14:47:55.713 [Test worker] TRACE org.hibernate.orm.jdbc.bind          [ |  | ] - binding parameter (1:TIMESTAMP_UTC) <- [2025-05-20T05:47:55.712237Z]
25-05-20 14:47:55.713 [Test worker] TRACE org.hibernate.orm.jdbc.bind          [ |  | ] - binding parameter (2:VARCHAR) <- [설명: 빈채널]
25-05-20 14:47:55.713 [Test worker] TRACE org.hibernate.orm.jdbc.bind          [ |  | ] - binding parameter (3:VARCHAR) <- [빈채널]
25-05-20 14:47:55.713 [Test worker] TRACE org.hibernate.orm.jdbc.bind          [ |  | ] - binding parameter (4:ENUM) <- [PUBLIC]
25-05-20 14:47:55.713 [Test worker] TRACE org.hibernate.orm.jdbc.bind          [ |  | ] - binding parameter (5:TIMESTAMP_UTC) <- [2025-05-20T05:47:55.712237Z]
25-05-20 14:47:55.713 [Test worker] TRACE org.hibernate.orm.jdbc.bind          [ |  | ] - binding parameter (6:UUID) <- [300484fa-2f77-4d41-9b13-c82b6a4eac19]
25-05-20 14:47:55.717 [Test worker] DEBUG org.hibernate.SQL                    [ |  | ] - 
    select
        m1_0.created_at 
    from
        messages m1_0 
    where
        m1_0.channel_id=? 
    order by
        m1_0.created_at desc 
    fetch
        first 1 rows only
25-05-20 14:47:55.718 [Test worker] TRACE org.hibernate.orm.jdbc.bind          [ |  | ] - binding parameter (1:UUID) <- [300484fa-2f77-4d41-9b13-c82b6a4eac19]
25-05-20 14:47:55.759 [Test worker] DEBUG org.hibernate.SQL                    [ |  | ] - 
    insert 
    into
        binary_contents
        (content_type, created_at, file_name, size, id) 
    values
        (?, ?, ?, ?, ?)
25-05-20 14:47:55.760 [Test worker] TRACE org.hibernate.orm.jdbc.bind          [ |  | ] - binding parameter (1:VARCHAR) <- [image/jpeg]
25-05-20 14:47:55.761 [Test worker] TRACE org.hibernate.orm.jdbc.bind          [ |  | ] - binding parameter (2:TIMESTAMP_UTC) <- [2025-05-20T05:47:55.746266Z]
25-05-20 14:47:55.761 [Test worker] TRACE org.hibernate.orm.jdbc.bind          [ |  | ] - binding parameter (3:VARCHAR) <- [profile.jpg]
25-05-20 14:47:55.761 [Test worker] TRACE org.hibernate.orm.jdbc.bind          [ |  | ] - binding parameter (4:BIGINT) <- [1024]
25-05-20 14:47:55.761 [Test worker] TRACE org.hibernate.orm.jdbc.bind          [ |  | ] - binding parameter (5:UUID) <- [1972cff0-949c-4699-a3ee-545b7c82424e]
25-05-20 14:47:55.763 [Test worker] DEBUG org.hibernate.SQL                    [ |  | ] - 
    insert 
    into
        users
        (created_at, email, password, profile_id, updated_at, username, id) 
    values
        (?, ?, ?, ?, ?, ?, ?)
25-05-20 14:47:55.763 [Test worker] TRACE org.hibernate.orm.jdbc.bind          [ |  | ] - binding parameter (1:TIMESTAMP_UTC) <- [2025-05-20T05:47:55.740692Z]
25-05-20 14:47:55.763 [Test worker] TRACE org.hibernate.orm.jdbc.bind          [ |  | ] - binding parameter (2:VARCHAR) <- [test@example.com]
25-05-20 14:47:55.763 [Test worker] TRACE org.hibernate.orm.jdbc.bind          [ |  | ] - binding parameter (3:VARCHAR) <- [password123!@#]
25-05-20 14:47:55.763 [Test worker] TRACE org.hibernate.orm.jdbc.bind          [ |  | ] - binding parameter (4:UUID) <- [1972cff0-949c-4699-a3ee-545b7c82424e]
25-05-20 14:47:55.763 [Test worker] TRACE org.hibernate.orm.jdbc.bind          [ |  | ] - binding parameter (5:TIMESTAMP_UTC) <- [2025-05-20T05:47:55.740692Z]
25-05-20 14:47:55.763 [Test worker] TRACE org.hibernate.orm.jdbc.bind          [ |  | ] - binding parameter (6:VARCHAR) <- [testUser]
25-05-20 14:47:55.763 [Test worker] TRACE org.hibernate.orm.jdbc.bind          [ |  | ] - binding parameter (7:UUID) <- [e1a65d9a-bee5-4b01-b449-56083a9b4f5c]
25-05-20 14:47:55.764 [Test worker] DEBUG org.hibernate.SQL                    [ |  | ] - 
    insert 
    into
        user_statuses
        (created_at, last_active_at, updated_at, user_id, id) 
    values
        (?, ?, ?, ?, ?)
25-05-20 14:47:55.764 [Test worker] TRACE org.hibernate.orm.jdbc.bind          [ |  | ] - binding parameter (1:TIMESTAMP_UTC) <- [2025-05-20T05:47:55.750109Z]
25-05-20 14:47:55.764 [Test worker] TRACE org.hibernate.orm.jdbc.bind          [ |  | ] - binding parameter (2:TIMESTAMP_UTC) <- [2025-05-20T05:47:55.737662Z]
25-05-20 14:47:55.764 [Test worker] TRACE org.hibernate.orm.jdbc.bind          [ |  | ] - binding parameter (3:TIMESTAMP_UTC) <- [2025-05-20T05:47:55.750109Z]
25-05-20 14:47:55.764 [Test worker] TRACE org.hibernate.orm.jdbc.bind          [ |  | ] - binding parameter (4:UUID) <- [e1a65d9a-bee5-4b01-b449-56083a9b4f5c]
25-05-20 14:47:55.764 [Test worker] TRACE org.hibernate.orm.jdbc.bind          [ |  | ] - binding parameter (5:UUID) <- [9d6a2ecc-ef02-4fc2-a7a7-d039ae0fc776]
25-05-20 14:47:55.765 [Test worker] DEBUG org.hibernate.SQL                    [ |  | ] - 
    insert 
    into
        channels
        (created_at, description, name, type, updated_at, id) 
    values
        (?, ?, ?, ?, ?, ?)
25-05-20 14:47:55.765 [Test worker] TRACE org.hibernate.orm.jdbc.bind          [ |  | ] - binding parameter (1:TIMESTAMP_UTC) <- [2025-05-20T05:47:55.752939Z]
25-05-20 14:47:55.765 [Test worker] TRACE org.hibernate.orm.jdbc.bind          [ |  | ] - binding parameter (2:VARCHAR) <- [설명: 테스트채널]
25-05-20 14:47:55.766 [Test worker] TRACE org.hibernate.orm.jdbc.bind          [ |  | ] - binding parameter (3:VARCHAR) <- [테스트채널]
25-05-20 14:47:55.766 [Test worker] TRACE org.hibernate.orm.jdbc.bind          [ |  | ] - binding parameter (4:ENUM) <- [PUBLIC]
25-05-20 14:47:55.766 [Test worker] TRACE org.hibernate.orm.jdbc.bind          [ |  | ] - binding parameter (5:TIMESTAMP_UTC) <- [2025-05-20T05:47:55.752939Z]
25-05-20 14:47:55.766 [Test worker] TRACE org.hibernate.orm.jdbc.bind          [ |  | ] - binding parameter (6:UUID) <- [c9b70488-4cca-4cb0-904e-d7e54ae3bf0a]
25-05-20 14:47:55.767 [Test worker] DEBUG org.hibernate.SQL                    [ |  | ] - 
    insert 
    into
        channels
        (created_at, description, name, type, updated_at, id) 
    values
        (?, ?, ?, ?, ?, ?)
25-05-20 14:47:55.768 [Test worker] TRACE org.hibernate.orm.jdbc.bind          [ |  | ] - binding parameter (1:TIMESTAMP_UTC) <- [2025-05-20T05:47:55.753469Z]
25-05-20 14:47:55.768 [Test worker] TRACE org.hibernate.orm.jdbc.bind          [ |  | ] - binding parameter (2:VARCHAR) <- [설명: 다른채널]
25-05-20 14:47:55.768 [Test worker] TRACE org.hibernate.orm.jdbc.bind          [ |  | ] - binding parameter (3:VARCHAR) <- [다른채널]
25-05-20 14:47:55.768 [Test worker] TRACE org.hibernate.orm.jdbc.bind          [ |  | ] - binding parameter (4:ENUM) <- [PUBLIC]
25-05-20 14:47:55.768 [Test worker] TRACE org.hibernate.orm.jdbc.bind          [ |  | ] - binding parameter (5:TIMESTAMP_UTC) <- [2025-05-20T05:47:55.753469Z]
25-05-20 14:47:55.768 [Test worker] TRACE org.hibernate.orm.jdbc.bind          [ |  | ] - binding parameter (6:UUID) <- [2499d710-d317-4237-9d01-4115b7781dc6]
25-05-20 14:47:55.769 [Test worker] DEBUG org.hibernate.SQL                    [ |  | ] - 
    insert 
    into
        messages
        (author_id, channel_id, content, created_at, updated_at, id) 
    values
        (?, ?, ?, ?, ?, ?)
25-05-20 14:47:55.770 [Test worker] TRACE org.hibernate.orm.jdbc.bind          [ |  | ] - binding parameter (1:UUID) <- [e1a65d9a-bee5-4b01-b449-56083a9b4f5c]
25-05-20 14:47:55.770 [Test worker] TRACE org.hibernate.orm.jdbc.bind          [ |  | ] - binding parameter (2:UUID) <- [c9b70488-4cca-4cb0-904e-d7e54ae3bf0a]
25-05-20 14:47:55.770 [Test worker] TRACE org.hibernate.orm.jdbc.bind          [ |  | ] - binding parameter (3:VARCHAR) <- [첫 번째 메시지]
25-05-20 14:47:55.770 [Test worker] TRACE org.hibernate.orm.jdbc.bind          [ |  | ] - binding parameter (4:TIMESTAMP_UTC) <- [2025-05-20T05:47:55.755040Z]
25-05-20 14:47:55.771 [Test worker] TRACE org.hibernate.orm.jdbc.bind          [ |  | ] - binding parameter (5:TIMESTAMP_UTC) <- [2025-05-20T05:47:55.755040Z]
25-05-20 14:47:55.771 [Test worker] TRACE org.hibernate.orm.jdbc.bind          [ |  | ] - binding parameter (6:UUID) <- [5154e20b-468c-4f01-81c6-98ba6d8b0882]
25-05-20 14:47:55.773 [Test worker] DEBUG org.hibernate.SQL                    [ |  | ] - 
    insert 
    into
        messages
        (author_id, channel_id, content, created_at, updated_at, id) 
    values
        (?, ?, ?, ?, ?, ?)
25-05-20 14:47:55.774 [Test worker] TRACE org.hibernate.orm.jdbc.bind          [ |  | ] - binding parameter (1:UUID) <- [e1a65d9a-bee5-4b01-b449-56083a9b4f5c]
25-05-20 14:47:55.774 [Test worker] TRACE org.hibernate.orm.jdbc.bind          [ |  | ] - binding parameter (2:UUID) <- [c9b70488-4cca-4cb0-904e-d7e54ae3bf0a]
25-05-20 14:47:55.774 [Test worker] TRACE org.hibernate.orm.jdbc.bind          [ |  | ] - binding parameter (3:VARCHAR) <- [두 번째 메시지]
25-05-20 14:47:55.774 [Test worker] TRACE org.hibernate.orm.jdbc.bind          [ |  | ] - binding parameter (4:TIMESTAMP_UTC) <- [2025-05-20T05:47:55.772716Z]
25-05-20 14:47:55.774 [Test worker] TRACE org.hibernate.orm.jdbc.bind          [ |  | ] - binding parameter (5:TIMESTAMP_UTC) <- [2025-05-20T05:47:55.772716Z]
25-05-20 14:47:55.774 [Test worker] TRACE org.hibernate.orm.jdbc.bind          [ |  | ] - binding parameter (6:UUID) <- [52a05787-d8de-40d0-a1a0-e3c5ebf3d661]
25-05-20 14:47:55.776 [Test worker] DEBUG org.hibernate.SQL                    [ |  | ] - 
    insert 
    into
        messages
        (author_id, channel_id, content, created_at, updated_at, id) 
    values
        (?, ?, ?, ?, ?, ?)
25-05-20 14:47:55.777 [Test worker] TRACE org.hibernate.orm.jdbc.bind          [ |  | ] - binding parameter (1:UUID) <- [e1a65d9a-bee5-4b01-b449-56083a9b4f5c]
25-05-20 14:47:55.777 [Test worker] TRACE org.hibernate.orm.jdbc.bind          [ |  | ] - binding parameter (2:UUID) <- [c9b70488-4cca-4cb0-904e-d7e54ae3bf0a]
25-05-20 14:47:55.777 [Test worker] TRACE org.hibernate.orm.jdbc.bind          [ |  | ] - binding parameter (3:VARCHAR) <- [세 번째 메시지]
25-05-20 14:47:55.777 [Test worker] TRACE org.hibernate.orm.jdbc.bind          [ |  | ] - binding parameter (4:TIMESTAMP_UTC) <- [2025-05-20T05:47:55.775618Z]
25-05-20 14:47:55.777 [Test worker] TRACE org.hibernate.orm.jdbc.bind          [ |  | ] - binding parameter (5:TIMESTAMP_UTC) <- [2025-05-20T05:47:55.775618Z]
25-05-20 14:47:55.777 [Test worker] TRACE org.hibernate.orm.jdbc.bind          [ |  | ] - binding parameter (6:UUID) <- [b4b67796-2c58-4246-92d2-3f645c331626]
25-05-20 14:47:55.780 [Test worker] DEBUG org.hibernate.SQL                    [ |  | ] - 
    insert 
    into
        messages
        (author_id, channel_id, content, created_at, updated_at, id) 
    values
        (?, ?, ?, ?, ?, ?)
25-05-20 14:47:55.780 [Test worker] TRACE org.hibernate.orm.jdbc.bind          [ |  | ] - binding parameter (1:UUID) <- [e1a65d9a-bee5-4b01-b449-56083a9b4f5c]
25-05-20 14:47:55.780 [Test worker] TRACE org.hibernate.orm.jdbc.bind          [ |  | ] - binding parameter (2:UUID) <- [2499d710-d317-4237-9d01-4115b7781dc6]
25-05-20 14:47:55.780 [Test worker] TRACE org.hibernate.orm.jdbc.bind          [ |  | ] - binding parameter (3:VARCHAR) <- [다른 채널 메시지]
25-05-20 14:47:55.780 [Test worker] TRACE org.hibernate.orm.jdbc.bind          [ |  | ] - binding parameter (4:TIMESTAMP_UTC) <- [2025-05-20T05:47:55.778212Z]
25-05-20 14:47:55.780 [Test worker] TRACE org.hibernate.orm.jdbc.bind          [ |  | ] - binding parameter (5:TIMESTAMP_UTC) <- [2025-05-20T05:47:55.778212Z]
25-05-20 14:47:55.780 [Test worker] TRACE org.hibernate.orm.jdbc.bind          [ |  | ] - binding parameter (6:UUID) <- [396f8bef-3b93-46e9-a16a-429f6c768a30]
25-05-20 14:47:55.783 [Test worker] DEBUG org.hibernate.SQL                    [ |  | ] - 
    select
        m1_0.id,
        m1_0.author_id,
        m1_0.channel_id,
        m1_0.content,
        m1_0.created_at,
        m1_0.updated_at 
    from
        messages m1_0 
    where
        m1_0.channel_id=?
25-05-20 14:47:55.784 [Test worker] TRACE org.hibernate.orm.jdbc.bind          [ |  | ] - binding parameter (1:UUID) <- [c9b70488-4cca-4cb0-904e-d7e54ae3bf0a]
25-05-20 14:47:55.809 [Test worker] DEBUG org.hibernate.SQL                    [ |  | ] - 
    select
        a1_0.message_id,
        a1_1.id,
        a1_1.content_type,
        a1_1.created_at,
        a1_1.file_name,
        a1_1.size 
    from
        message_attachments a1_0 
    join
        binary_contents a1_1 
            on a1_1.id=a1_0.attachment_id 
    where
        a1_0.message_id in (?, ?, ?, ?, ?, ?, ?, ?, ?, ?, ?, ?, ?, ?, ?, ?, ?, ?, ?, ?, ?, ?, ?, ?, ?, ?, ?, ?, ?, ?, ?, ?, ?, ?, ?, ?, ?, ?, ?, ?, ?, ?, ?, ?, ?, ?, ?, ?, ?, ?, ?, ?, ?, ?, ?, ?, ?, ?, ?, ?, ?, ?, ?, ?, ?, ?, ?, ?, ?, ?, ?, ?, ?, ?, ?, ?, ?, ?, ?, ?, ?, ?, ?, ?, ?, ?, ?, ?, ?, ?, ?, ?, ?, ?, ?, ?, ?, ?, ?, ?)
25-05-20 14:47:55.810 [Test worker] TRACE org.hibernate.orm.jdbc.bind          [ |  | ] - binding parameter (1:UUID) <- [5154e20b-468c-4f01-81c6-98ba6d8b0882]
25-05-20 14:47:55.811 [Test worker] TRACE org.hibernate.orm.jdbc.bind          [ |  | ] - binding parameter (2:UUID) <- [52a05787-d8de-40d0-a1a0-e3c5ebf3d661]
25-05-20 14:47:55.811 [Test worker] TRACE org.hibernate.orm.jdbc.bind          [ |  | ] - binding parameter (3:UUID) <- [b4b67796-2c58-4246-92d2-3f645c331626]
25-05-20 14:47:55.811 [Test worker] TRACE org.hibernate.orm.jdbc.bind          [ |  | ] - binding parameter (4:UUID) <- [null]
25-05-20 14:47:55.811 [Test worker] TRACE org.hibernate.orm.jdbc.bind          [ |  | ] - binding parameter (5:UUID) <- [null]
25-05-20 14:47:55.811 [Test worker] TRACE org.hibernate.orm.jdbc.bind          [ |  | ] - binding parameter (6:UUID) <- [null]
25-05-20 14:47:55.811 [Test worker] TRACE org.hibernate.orm.jdbc.bind          [ |  | ] - binding parameter (7:UUID) <- [null]
25-05-20 14:47:55.811 [Test worker] TRACE org.hibernate.orm.jdbc.bind          [ |  | ] - binding parameter (8:UUID) <- [null]
25-05-20 14:47:55.811 [Test worker] TRACE org.hibernate.orm.jdbc.bind          [ |  | ] - binding parameter (9:UUID) <- [null]
25-05-20 14:47:55.811 [Test worker] TRACE org.hibernate.orm.jdbc.bind          [ |  | ] - binding parameter (10:UUID) <- [null]
25-05-20 14:47:55.811 [Test worker] TRACE org.hibernate.orm.jdbc.bind          [ |  | ] - binding parameter (11:UUID) <- [null]
25-05-20 14:47:55.811 [Test worker] TRACE org.hibernate.orm.jdbc.bind          [ |  | ] - binding parameter (12:UUID) <- [null]
25-05-20 14:47:55.811 [Test worker] TRACE org.hibernate.orm.jdbc.bind          [ |  | ] - binding parameter (13:UUID) <- [null]
25-05-20 14:47:55.812 [Test worker] TRACE org.hibernate.orm.jdbc.bind          [ |  | ] - binding parameter (14:UUID) <- [null]
25-05-20 14:47:55.812 [Test worker] TRACE org.hibernate.orm.jdbc.bind          [ |  | ] - binding parameter (15:UUID) <- [null]
25-05-20 14:47:55.812 [Test worker] TRACE org.hibernate.orm.jdbc.bind          [ |  | ] - binding parameter (16:UUID) <- [null]
25-05-20 14:47:55.812 [Test worker] TRACE org.hibernate.orm.jdbc.bind          [ |  | ] - binding parameter (17:UUID) <- [null]
25-05-20 14:47:55.812 [Test worker] TRACE org.hibernate.orm.jdbc.bind          [ |  | ] - binding parameter (18:UUID) <- [null]
25-05-20 14:47:55.812 [Test worker] TRACE org.hibernate.orm.jdbc.bind          [ |  | ] - binding parameter (19:UUID) <- [null]
25-05-20 14:47:55.812 [Test worker] TRACE org.hibernate.orm.jdbc.bind          [ |  | ] - binding parameter (20:UUID) <- [null]
25-05-20 14:47:55.812 [Test worker] TRACE org.hibernate.orm.jdbc.bind          [ |  | ] - binding parameter (21:UUID) <- [null]
25-05-20 14:47:55.812 [Test worker] TRACE org.hibernate.orm.jdbc.bind          [ |  | ] - binding parameter (22:UUID) <- [null]
25-05-20 14:47:55.812 [Test worker] TRACE org.hibernate.orm.jdbc.bind          [ |  | ] - binding parameter (23:UUID) <- [null]
25-05-20 14:47:55.812 [Test worker] TRACE org.hibernate.orm.jdbc.bind          [ |  | ] - binding parameter (24:UUID) <- [null]
25-05-20 14:47:55.812 [Test worker] TRACE org.hibernate.orm.jdbc.bind          [ |  | ] - binding parameter (25:UUID) <- [null]
25-05-20 14:47:55.812 [Test worker] TRACE org.hibernate.orm.jdbc.bind          [ |  | ] - binding parameter (26:UUID) <- [null]
25-05-20 14:47:55.812 [Test worker] TRACE org.hibernate.orm.jdbc.bind          [ |  | ] - binding parameter (27:UUID) <- [null]
25-05-20 14:47:55.812 [Test worker] TRACE org.hibernate.orm.jdbc.bind          [ |  | ] - binding parameter (28:UUID) <- [null]
25-05-20 14:47:55.812 [Test worker] TRACE org.hibernate.orm.jdbc.bind          [ |  | ] - binding parameter (29:UUID) <- [null]
25-05-20 14:47:55.813 [Test worker] TRACE org.hibernate.orm.jdbc.bind          [ |  | ] - binding parameter (30:UUID) <- [null]
25-05-20 14:47:55.813 [Test worker] TRACE org.hibernate.orm.jdbc.bind          [ |  | ] - binding parameter (31:UUID) <- [null]
25-05-20 14:47:55.813 [Test worker] TRACE org.hibernate.orm.jdbc.bind          [ |  | ] - binding parameter (32:UUID) <- [null]
25-05-20 14:47:55.813 [Test worker] TRACE org.hibernate.orm.jdbc.bind          [ |  | ] - binding parameter (33:UUID) <- [null]
25-05-20 14:47:55.813 [Test worker] TRACE org.hibernate.orm.jdbc.bind          [ |  | ] - binding parameter (34:UUID) <- [null]
25-05-20 14:47:55.813 [Test worker] TRACE org.hibernate.orm.jdbc.bind          [ |  | ] - binding parameter (35:UUID) <- [null]
25-05-20 14:47:55.813 [Test worker] TRACE org.hibernate.orm.jdbc.bind          [ |  | ] - binding parameter (36:UUID) <- [null]
25-05-20 14:47:55.813 [Test worker] TRACE org.hibernate.orm.jdbc.bind          [ |  | ] - binding parameter (37:UUID) <- [null]
25-05-20 14:47:55.813 [Test worker] TRACE org.hibernate.orm.jdbc.bind          [ |  | ] - binding parameter (38:UUID) <- [null]
25-05-20 14:47:55.813 [Test worker] TRACE org.hibernate.orm.jdbc.bind          [ |  | ] - binding parameter (39:UUID) <- [null]
25-05-20 14:47:55.813 [Test worker] TRACE org.hibernate.orm.jdbc.bind          [ |  | ] - binding parameter (40:UUID) <- [null]
25-05-20 14:47:55.813 [Test worker] TRACE org.hibernate.orm.jdbc.bind          [ |  | ] - binding parameter (41:UUID) <- [null]
25-05-20 14:47:55.813 [Test worker] TRACE org.hibernate.orm.jdbc.bind          [ |  | ] - binding parameter (42:UUID) <- [null]
25-05-20 14:47:55.813 [Test worker] TRACE org.hibernate.orm.jdbc.bind          [ |  | ] - binding parameter (43:UUID) <- [null]
25-05-20 14:47:55.813 [Test worker] TRACE org.hibernate.orm.jdbc.bind          [ |  | ] - binding parameter (44:UUID) <- [null]
25-05-20 14:47:55.813 [Test worker] TRACE org.hibernate.orm.jdbc.bind          [ |  | ] - binding parameter (45:UUID) <- [null]
25-05-20 14:47:55.813 [Test worker] TRACE org.hibernate.orm.jdbc.bind          [ |  | ] - binding parameter (46:UUID) <- [null]
25-05-20 14:47:55.814 [Test worker] TRACE org.hibernate.orm.jdbc.bind          [ |  | ] - binding parameter (47:UUID) <- [null]
25-05-20 14:47:55.814 [Test worker] TRACE org.hibernate.orm.jdbc.bind          [ |  | ] - binding parameter (48:UUID) <- [null]
25-05-20 14:47:55.814 [Test worker] TRACE org.hibernate.orm.jdbc.bind          [ |  | ] - binding parameter (49:UUID) <- [null]
25-05-20 14:47:55.814 [Test worker] TRACE org.hibernate.orm.jdbc.bind          [ |  | ] - binding parameter (50:UUID) <- [null]
25-05-20 14:47:55.814 [Test worker] TRACE org.hibernate.orm.jdbc.bind          [ |  | ] - binding parameter (51:UUID) <- [null]
25-05-20 14:47:55.814 [Test worker] TRACE org.hibernate.orm.jdbc.bind          [ |  | ] - binding parameter (52:UUID) <- [null]
25-05-20 14:47:55.814 [Test worker] TRACE org.hibernate.orm.jdbc.bind          [ |  | ] - binding parameter (53:UUID) <- [null]
25-05-20 14:47:55.814 [Test worker] TRACE org.hibernate.orm.jdbc.bind          [ |  | ] - binding parameter (54:UUID) <- [null]
25-05-20 14:47:55.814 [Test worker] TRACE org.hibernate.orm.jdbc.bind          [ |  | ] - binding parameter (55:UUID) <- [null]
25-05-20 14:47:55.814 [Test worker] TRACE org.hibernate.orm.jdbc.bind          [ |  | ] - binding parameter (56:UUID) <- [null]
25-05-20 14:47:55.814 [Test worker] TRACE org.hibernate.orm.jdbc.bind          [ |  | ] - binding parameter (57:UUID) <- [null]
25-05-20 14:47:55.814 [Test worker] TRACE org.hibernate.orm.jdbc.bind          [ |  | ] - binding parameter (58:UUID) <- [null]
25-05-20 14:47:55.814 [Test worker] TRACE org.hibernate.orm.jdbc.bind          [ |  | ] - binding parameter (59:UUID) <- [null]
25-05-20 14:47:55.814 [Test worker] TRACE org.hibernate.orm.jdbc.bind          [ |  | ] - binding parameter (60:UUID) <- [null]
25-05-20 14:47:55.814 [Test worker] TRACE org.hibernate.orm.jdbc.bind          [ |  | ] - binding parameter (61:UUID) <- [null]
25-05-20 14:47:55.814 [Test worker] TRACE org.hibernate.orm.jdbc.bind          [ |  | ] - binding parameter (62:UUID) <- [null]
25-05-20 14:47:55.814 [Test worker] TRACE org.hibernate.orm.jdbc.bind          [ |  | ] - binding parameter (63:UUID) <- [null]
25-05-20 14:47:55.815 [Test worker] TRACE org.hibernate.orm.jdbc.bind          [ |  | ] - binding parameter (64:UUID) <- [null]
25-05-20 14:47:55.815 [Test worker] TRACE org.hibernate.orm.jdbc.bind          [ |  | ] - binding parameter (65:UUID) <- [null]
25-05-20 14:47:55.815 [Test worker] TRACE org.hibernate.orm.jdbc.bind          [ |  | ] - binding parameter (66:UUID) <- [null]
25-05-20 14:47:55.815 [Test worker] TRACE org.hibernate.orm.jdbc.bind          [ |  | ] - binding parameter (67:UUID) <- [null]
25-05-20 14:47:55.815 [Test worker] TRACE org.hibernate.orm.jdbc.bind          [ |  | ] - binding parameter (68:UUID) <- [null]
25-05-20 14:47:55.815 [Test worker] TRACE org.hibernate.orm.jdbc.bind          [ |  | ] - binding parameter (69:UUID) <- [null]
25-05-20 14:47:55.815 [Test worker] TRACE org.hibernate.orm.jdbc.bind          [ |  | ] - binding parameter (70:UUID) <- [null]
25-05-20 14:47:55.815 [Test worker] TRACE org.hibernate.orm.jdbc.bind          [ |  | ] - binding parameter (71:UUID) <- [null]
25-05-20 14:47:55.815 [Test worker] TRACE org.hibernate.orm.jdbc.bind          [ |  | ] - binding parameter (72:UUID) <- [null]
25-05-20 14:47:55.815 [Test worker] TRACE org.hibernate.orm.jdbc.bind          [ |  | ] - binding parameter (73:UUID) <- [null]
25-05-20 14:47:55.815 [Test worker] TRACE org.hibernate.orm.jdbc.bind          [ |  | ] - binding parameter (74:UUID) <- [null]
25-05-20 14:47:55.815 [Test worker] TRACE org.hibernate.orm.jdbc.bind          [ |  | ] - binding parameter (75:UUID) <- [null]
25-05-20 14:47:55.815 [Test worker] TRACE org.hibernate.orm.jdbc.bind          [ |  | ] - binding parameter (76:UUID) <- [null]
25-05-20 14:47:55.815 [Test worker] TRACE org.hibernate.orm.jdbc.bind          [ |  | ] - binding parameter (77:UUID) <- [null]
25-05-20 14:47:55.815 [Test worker] TRACE org.hibernate.orm.jdbc.bind          [ |  | ] - binding parameter (78:UUID) <- [null]
25-05-20 14:47:55.815 [Test worker] TRACE org.hibernate.orm.jdbc.bind          [ |  | ] - binding parameter (79:UUID) <- [null]
25-05-20 14:47:55.815 [Test worker] TRACE org.hibernate.orm.jdbc.bind          [ |  | ] - binding parameter (80:UUID) <- [null]
25-05-20 14:47:55.815 [Test worker] TRACE org.hibernate.orm.jdbc.bind          [ |  | ] - binding parameter (81:UUID) <- [null]
25-05-20 14:47:55.815 [Test worker] TRACE org.hibernate.orm.jdbc.bind          [ |  | ] - binding parameter (82:UUID) <- [null]
25-05-20 14:47:55.815 [Test worker] TRACE org.hibernate.orm.jdbc.bind          [ |  | ] - binding parameter (83:UUID) <- [null]
25-05-20 14:47:55.815 [Test worker] TRACE org.hibernate.orm.jdbc.bind          [ |  | ] - binding parameter (84:UUID) <- [null]
25-05-20 14:47:55.816 [Test worker] TRACE org.hibernate.orm.jdbc.bind          [ |  | ] - binding parameter (85:UUID) <- [null]
25-05-20 14:47:55.816 [Test worker] TRACE org.hibernate.orm.jdbc.bind          [ |  | ] - binding parameter (86:UUID) <- [null]
25-05-20 14:47:55.816 [Test worker] TRACE org.hibernate.orm.jdbc.bind          [ |  | ] - binding parameter (87:UUID) <- [null]
25-05-20 14:47:55.816 [Test worker] TRACE org.hibernate.orm.jdbc.bind          [ |  | ] - binding parameter (88:UUID) <- [null]
25-05-20 14:47:55.816 [Test worker] TRACE org.hibernate.orm.jdbc.bind          [ |  | ] - binding parameter (89:UUID) <- [null]
25-05-20 14:47:55.816 [Test worker] TRACE org.hibernate.orm.jdbc.bind          [ |  | ] - binding parameter (90:UUID) <- [null]
25-05-20 14:47:55.816 [Test worker] TRACE org.hibernate.orm.jdbc.bind          [ |  | ] - binding parameter (91:UUID) <- [null]
25-05-20 14:47:55.816 [Test worker] TRACE org.hibernate.orm.jdbc.bind          [ |  | ] - binding parameter (92:UUID) <- [null]
25-05-20 14:47:55.816 [Test worker] TRACE org.hibernate.orm.jdbc.bind          [ |  | ] - binding parameter (93:UUID) <- [null]
25-05-20 14:47:55.816 [Test worker] TRACE org.hibernate.orm.jdbc.bind          [ |  | ] - binding parameter (94:UUID) <- [null]
25-05-20 14:47:55.816 [Test worker] TRACE org.hibernate.orm.jdbc.bind          [ |  | ] - binding parameter (95:UUID) <- [null]
25-05-20 14:47:55.816 [Test worker] TRACE org.hibernate.orm.jdbc.bind          [ |  | ] - binding parameter (96:UUID) <- [null]
25-05-20 14:47:55.817 [Test worker] TRACE org.hibernate.orm.jdbc.bind          [ |  | ] - binding parameter (97:UUID) <- [null]
25-05-20 14:47:55.817 [Test worker] TRACE org.hibernate.orm.jdbc.bind          [ |  | ] - binding parameter (98:UUID) <- [null]
25-05-20 14:47:55.817 [Test worker] TRACE org.hibernate.orm.jdbc.bind          [ |  | ] - binding parameter (99:UUID) <- [null]
25-05-20 14:47:55.817 [Test worker] TRACE org.hibernate.orm.jdbc.bind          [ |  | ] - binding parameter (100:UUID) <- [null]
25-05-20 14:47:55.822 [Test worker] DEBUG org.hibernate.SQL                    [ |  | ] - 
    delete 
    from
        messages 
    where
        id=?
25-05-20 14:47:55.822 [Test worker] TRACE org.hibernate.orm.jdbc.bind          [ |  | ] - binding parameter (1:UUID) <- [5154e20b-468c-4f01-81c6-98ba6d8b0882]
25-05-20 14:47:55.823 [Test worker] DEBUG org.hibernate.SQL                    [ |  | ] - 
    delete 
    from
        messages 
    where
        id=?
25-05-20 14:47:55.823 [Test worker] TRACE org.hibernate.orm.jdbc.bind          [ |  | ] - binding parameter (1:UUID) <- [52a05787-d8de-40d0-a1a0-e3c5ebf3d661]
25-05-20 14:47:55.823 [Test worker] DEBUG org.hibernate.SQL                    [ |  | ] - 
    delete 
    from
        messages 
    where
        id=?
25-05-20 14:47:55.824 [Test worker] TRACE org.hibernate.orm.jdbc.bind          [ |  | ] - binding parameter (1:UUID) <- [b4b67796-2c58-4246-92d2-3f645c331626]
25-05-20 14:47:55.831 [Test worker] DEBUG org.hibernate.SQL                    [ |  | ] - 
    select
        m1_0.id,
        a1_0.id,
        a1_0.created_at,
        a1_0.email,
        a1_0.password,
        p1_0.id,
        p1_0.content_type,
        p1_0.created_at,
        p1_0.file_name,
        p1_0.size,
        s1_0.id,
        s1_0.created_at,
        s1_0.last_active_at,
        s1_0.updated_at,
        s1_0.user_id,
        a1_0.updated_at,
        a1_0.username,
        m1_0.channel_id,
        m1_0.content,
        m1_0.created_at,
        m1_0.updated_at 
    from
        messages m1_0 
    left join
        users a1_0 
            on a1_0.id=m1_0.author_id 
    join
        user_statuses s1_0 
            on a1_0.id=s1_0.user_id 
    left join
        binary_contents p1_0 
            on p1_0.id=a1_0.profile_id 
    where
        m1_0.channel_id=? 
        and m1_0.created_at<? 
    fetch
        first ? rows only
25-05-20 14:47:55.832 [Test worker] TRACE org.hibernate.orm.jdbc.bind          [ |  | ] - binding parameter (1:UUID) <- [c9b70488-4cca-4cb0-904e-d7e54ae3bf0a]
25-05-20 14:47:55.832 [Test worker] TRACE org.hibernate.orm.jdbc.bind          [ |  | ] - binding parameter (2:TIMESTAMP_UTC) <- [2025-05-21T05:47:55.824635Z]
25-05-20 14:47:55.833 [Test worker] TRACE org.hibernate.orm.jdbc.bind          [ |  | ] - binding parameter (3:INTEGER) <- [101]
25-05-20 14:47:55.834 [Test worker] DEBUG org.hibernate.SQL                    [ |  | ] - 
    select
        m1_0.id,
        a1_0.id,
        a1_0.created_at,
        a1_0.email,
        a1_0.password,
        p1_0.id,
        p1_0.content_type,
        p1_0.created_at,
        p1_0.file_name,
        p1_0.size,
        s1_0.id,
        s1_0.created_at,
        s1_0.last_active_at,
        s1_0.updated_at,
        s1_0.user_id,
        a1_0.updated_at,
        a1_0.username,
        m1_0.channel_id,
        m1_0.content,
        m1_0.created_at,
        m1_0.updated_at 
    from
        messages m1_0 
    left join
        users a1_0 
            on a1_0.id=m1_0.author_id 
    join
        user_statuses s1_0 
            on a1_0.id=s1_0.user_id 
    left join
        binary_contents p1_0 
            on p1_0.id=a1_0.profile_id 
    where
        m1_0.channel_id=? 
        and m1_0.created_at<? 
    fetch
        first ? rows only
25-05-20 14:47:55.835 [Test worker] TRACE org.hibernate.orm.jdbc.bind          [ |  | ] - binding parameter (1:UUID) <- [2499d710-d317-4237-9d01-4115b7781dc6]
25-05-20 14:47:55.835 [Test worker] TRACE org.hibernate.orm.jdbc.bind          [ |  | ] - binding parameter (2:TIMESTAMP_UTC) <- [2025-05-21T05:47:55.834Z]
25-05-20 14:47:55.836 [Test worker] TRACE org.hibernate.orm.jdbc.bind          [ |  | ] - binding parameter (3:INTEGER) <- [101]
25-05-20 14:47:55.857 [Test worker] DEBUG org.hibernate.SQL                    [ |  | ] - 
    insert 
    into
        binary_contents
        (content_type, created_at, file_name, size, id) 
    values
        (?, ?, ?, ?, ?)
25-05-20 14:47:55.857 [Test worker] TRACE org.hibernate.orm.jdbc.bind          [ |  | ] - binding parameter (1:VARCHAR) <- [image/jpeg]
25-05-20 14:47:55.857 [Test worker] TRACE org.hibernate.orm.jdbc.bind          [ |  | ] - binding parameter (2:TIMESTAMP_UTC) <- [2025-05-20T05:47:55.851642Z]
25-05-20 14:47:55.858 [Test worker] TRACE org.hibernate.orm.jdbc.bind          [ |  | ] - binding parameter (3:VARCHAR) <- [profile.jpg]
25-05-20 14:47:55.858 [Test worker] TRACE org.hibernate.orm.jdbc.bind          [ |  | ] - binding parameter (4:BIGINT) <- [1024]
25-05-20 14:47:55.858 [Test worker] TRACE org.hibernate.orm.jdbc.bind          [ |  | ] - binding parameter (5:UUID) <- [34f5a01f-6b23-4adf-a07e-99847905afbd]
25-05-20 14:47:55.860 [Test worker] DEBUG org.hibernate.SQL                    [ |  | ] - 
    insert 
    into
        users
        (created_at, email, password, profile_id, updated_at, username, id) 
    values
        (?, ?, ?, ?, ?, ?, ?)
25-05-20 14:47:55.861 [Test worker] TRACE org.hibernate.orm.jdbc.bind          [ |  | ] - binding parameter (1:TIMESTAMP_UTC) <- [2025-05-20T05:47:55.851275Z]
25-05-20 14:47:55.861 [Test worker] TRACE org.hibernate.orm.jdbc.bind          [ |  | ] - binding parameter (2:VARCHAR) <- [test@example.com]
25-05-20 14:47:55.861 [Test worker] TRACE org.hibernate.orm.jdbc.bind          [ |  | ] - binding parameter (3:VARCHAR) <- [password123!@#]
25-05-20 14:47:55.861 [Test worker] TRACE org.hibernate.orm.jdbc.bind          [ |  | ] - binding parameter (4:UUID) <- [34f5a01f-6b23-4adf-a07e-99847905afbd]
25-05-20 14:47:55.861 [Test worker] TRACE org.hibernate.orm.jdbc.bind          [ |  | ] - binding parameter (5:TIMESTAMP_UTC) <- [2025-05-20T05:47:55.851275Z]
25-05-20 14:47:55.861 [Test worker] TRACE org.hibernate.orm.jdbc.bind          [ |  | ] - binding parameter (6:VARCHAR) <- [testUser]
25-05-20 14:47:55.862 [Test worker] TRACE org.hibernate.orm.jdbc.bind          [ |  | ] - binding parameter (7:UUID) <- [7d66cbda-9eca-4e95-9b06-cfd0adc53735]
25-05-20 14:47:55.862 [Test worker] DEBUG org.hibernate.SQL                    [ |  | ] - 
    insert 
    into
        user_statuses
        (created_at, last_active_at, updated_at, user_id, id) 
    values
        (?, ?, ?, ?, ?)
25-05-20 14:47:55.863 [Test worker] TRACE org.hibernate.orm.jdbc.bind          [ |  | ] - binding parameter (1:TIMESTAMP_UTC) <- [2025-05-20T05:47:55.851971Z]
25-05-20 14:47:55.863 [Test worker] TRACE org.hibernate.orm.jdbc.bind          [ |  | ] - binding parameter (2:TIMESTAMP_UTC) <- [2025-05-20T05:47:55.850816Z]
25-05-20 14:47:55.863 [Test worker] TRACE org.hibernate.orm.jdbc.bind          [ |  | ] - binding parameter (3:TIMESTAMP_UTC) <- [2025-05-20T05:47:55.851971Z]
25-05-20 14:47:55.863 [Test worker] TRACE org.hibernate.orm.jdbc.bind          [ |  | ] - binding parameter (4:UUID) <- [7d66cbda-9eca-4e95-9b06-cfd0adc53735]
25-05-20 14:47:55.863 [Test worker] TRACE org.hibernate.orm.jdbc.bind          [ |  | ] - binding parameter (5:UUID) <- [47965a92-9de9-4f5a-9236-9d7f42a3ffc2]
25-05-20 14:47:55.864 [Test worker] DEBUG org.hibernate.SQL                    [ |  | ] - 
    insert 
    into
        channels
        (created_at, description, name, type, updated_at, id) 
    values
        (?, ?, ?, ?, ?, ?)
25-05-20 14:47:55.864 [Test worker] TRACE org.hibernate.orm.jdbc.bind          [ |  | ] - binding parameter (1:TIMESTAMP_UTC) <- [2025-05-20T05:47:55.852504Z]
25-05-20 14:47:55.864 [Test worker] TRACE org.hibernate.orm.jdbc.bind          [ |  | ] - binding parameter (2:VARCHAR) <- [설명: 테스트채널]
25-05-20 14:47:55.864 [Test worker] TRACE org.hibernate.orm.jdbc.bind          [ |  | ] - binding parameter (3:VARCHAR) <- [테스트채널]
25-05-20 14:47:55.864 [Test worker] TRACE org.hibernate.orm.jdbc.bind          [ |  | ] - binding parameter (4:ENUM) <- [PUBLIC]
25-05-20 14:47:55.864 [Test worker] TRACE org.hibernate.orm.jdbc.bind          [ |  | ] - binding parameter (5:TIMESTAMP_UTC) <- [2025-05-20T05:47:55.852504Z]
25-05-20 14:47:55.864 [Test worker] TRACE org.hibernate.orm.jdbc.bind          [ |  | ] - binding parameter (6:UUID) <- [cca8576c-042b-40b3-ba86-afec756ac66e]
25-05-20 14:47:55.865 [Test worker] DEBUG org.hibernate.SQL                    [ |  | ] - 
    insert 
    into
        messages
        (author_id, channel_id, content, created_at, updated_at, id) 
    values
        (?, ?, ?, ?, ?, ?)
25-05-20 14:47:55.865 [Test worker] TRACE org.hibernate.orm.jdbc.bind          [ |  | ] - binding parameter (1:UUID) <- [7d66cbda-9eca-4e95-9b06-cfd0adc53735]
25-05-20 14:47:55.865 [Test worker] TRACE org.hibernate.orm.jdbc.bind          [ |  | ] - binding parameter (2:UUID) <- [cca8576c-042b-40b3-ba86-afec756ac66e]
25-05-20 14:47:55.865 [Test worker] TRACE org.hibernate.orm.jdbc.bind          [ |  | ] - binding parameter (3:VARCHAR) <- [첫 번째 메시지]
25-05-20 14:47:55.866 [Test worker] TRACE org.hibernate.orm.jdbc.bind          [ |  | ] - binding parameter (4:TIMESTAMP_UTC) <- [2025-05-20T05:47:55.856057Z]
25-05-20 14:47:55.866 [Test worker] TRACE org.hibernate.orm.jdbc.bind          [ |  | ] - binding parameter (5:TIMESTAMP_UTC) <- [2025-05-20T05:47:55.856057Z]
25-05-20 14:47:55.866 [Test worker] TRACE org.hibernate.orm.jdbc.bind          [ |  | ] - binding parameter (6:UUID) <- [ef67dd44-0398-439d-8322-554ca83be712]
25-05-20 14:47:55.869 [Test worker] DEBUG org.hibernate.SQL                    [ |  | ] - 
    insert 
    into
        messages
        (author_id, channel_id, content, created_at, updated_at, id) 
    values
        (?, ?, ?, ?, ?, ?)
25-05-20 14:47:55.870 [Test worker] TRACE org.hibernate.orm.jdbc.bind          [ |  | ] - binding parameter (1:UUID) <- [7d66cbda-9eca-4e95-9b06-cfd0adc53735]
25-05-20 14:47:55.870 [Test worker] TRACE org.hibernate.orm.jdbc.bind          [ |  | ] - binding parameter (2:UUID) <- [cca8576c-042b-40b3-ba86-afec756ac66e]
25-05-20 14:47:55.870 [Test worker] TRACE org.hibernate.orm.jdbc.bind          [ |  | ] - binding parameter (3:VARCHAR) <- [두 번째 메시지]
25-05-20 14:47:55.870 [Test worker] TRACE org.hibernate.orm.jdbc.bind          [ |  | ] - binding parameter (4:TIMESTAMP_UTC) <- [2025-05-20T05:47:55.867290Z]
25-05-20 14:47:55.870 [Test worker] TRACE org.hibernate.orm.jdbc.bind          [ |  | ] - binding parameter (5:TIMESTAMP_UTC) <- [2025-05-20T05:47:55.867290Z]
25-05-20 14:47:55.870 [Test worker] TRACE org.hibernate.orm.jdbc.bind          [ |  | ] - binding parameter (6:UUID) <- [adbf7fa8-9bec-49c1-aff9-45bdca8553a1]
25-05-20 14:47:55.872 [Test worker] DEBUG org.hibernate.SQL                    [ |  | ] - 
    insert 
    into
        messages
        (author_id, channel_id, content, created_at, updated_at, id) 
    values
        (?, ?, ?, ?, ?, ?)
25-05-20 14:47:55.872 [Test worker] TRACE org.hibernate.orm.jdbc.bind          [ |  | ] - binding parameter (1:UUID) <- [7d66cbda-9eca-4e95-9b06-cfd0adc53735]
25-05-20 14:47:55.872 [Test worker] TRACE org.hibernate.orm.jdbc.bind          [ |  | ] - binding parameter (2:UUID) <- [cca8576c-042b-40b3-ba86-afec756ac66e]
25-05-20 14:47:55.872 [Test worker] TRACE org.hibernate.orm.jdbc.bind          [ |  | ] - binding parameter (3:VARCHAR) <- [세 번째 메시지]
25-05-20 14:47:55.873 [Test worker] TRACE org.hibernate.orm.jdbc.bind          [ |  | ] - binding parameter (4:TIMESTAMP_UTC) <- [2025-05-20T05:47:55.871222Z]
25-05-20 14:47:55.873 [Test worker] TRACE org.hibernate.orm.jdbc.bind          [ |  | ] - binding parameter (5:TIMESTAMP_UTC) <- [2025-05-20T05:47:55.871222Z]
25-05-20 14:47:55.873 [Test worker] TRACE org.hibernate.orm.jdbc.bind          [ |  | ] - binding parameter (6:UUID) <- [7d511168-3f66-4c43-bbe5-3dc92ed093cb]
25-05-20 14:47:55.875 [Test worker] DEBUG org.hibernate.SQL                    [ |  | ] - 
    select
        m1_0.created_at 
    from
        messages m1_0 
    where
        m1_0.channel_id=? 
    order by
        m1_0.created_at desc 
    fetch
        first 1 rows only
25-05-20 14:47:55.877 [Test worker] TRACE org.hibernate.orm.jdbc.bind          [ |  | ] - binding parameter (1:UUID) <- [cca8576c-042b-40b3-ba86-afec756ac66e]
25-05-20 14:47:55.893 [Test worker] DEBUG org.hibernate.SQL                    [ |  | ] - 
    insert 
    into
        binary_contents
        (content_type, created_at, file_name, size, id) 
    values
        (?, ?, ?, ?, ?)
25-05-20 14:47:55.894 [Test worker] TRACE org.hibernate.orm.jdbc.bind          [ |  | ] - binding parameter (1:VARCHAR) <- [image/jpeg]
25-05-20 14:47:55.894 [Test worker] TRACE org.hibernate.orm.jdbc.bind          [ |  | ] - binding parameter (2:TIMESTAMP_UTC) <- [2025-05-20T05:47:55.890568Z]
25-05-20 14:47:55.894 [Test worker] TRACE org.hibernate.orm.jdbc.bind          [ |  | ] - binding parameter (3:VARCHAR) <- [profile.jpg]
25-05-20 14:47:55.894 [Test worker] TRACE org.hibernate.orm.jdbc.bind          [ |  | ] - binding parameter (4:BIGINT) <- [1024]
25-05-20 14:47:55.894 [Test worker] TRACE org.hibernate.orm.jdbc.bind          [ |  | ] - binding parameter (5:UUID) <- [8cc3dad0-c84b-4edd-9ea0-c44f7bb76df5]
25-05-20 14:47:55.895 [Test worker] DEBUG org.hibernate.SQL                    [ |  | ] - 
    insert 
    into
        users
        (created_at, email, password, profile_id, updated_at, username, id) 
    values
        (?, ?, ?, ?, ?, ?, ?)
25-05-20 14:47:55.896 [Test worker] TRACE org.hibernate.orm.jdbc.bind          [ |  | ] - binding parameter (1:TIMESTAMP_UTC) <- [2025-05-20T05:47:55.890327Z]
25-05-20 14:47:55.896 [Test worker] TRACE org.hibernate.orm.jdbc.bind          [ |  | ] - binding parameter (2:VARCHAR) <- [test@example.com]
25-05-20 14:47:55.896 [Test worker] TRACE org.hibernate.orm.jdbc.bind          [ |  | ] - binding parameter (3:VARCHAR) <- [password123!@#]
25-05-20 14:47:55.896 [Test worker] TRACE org.hibernate.orm.jdbc.bind          [ |  | ] - binding parameter (4:UUID) <- [8cc3dad0-c84b-4edd-9ea0-c44f7bb76df5]
25-05-20 14:47:55.896 [Test worker] TRACE org.hibernate.orm.jdbc.bind          [ |  | ] - binding parameter (5:TIMESTAMP_UTC) <- [2025-05-20T05:47:55.890327Z]
25-05-20 14:47:55.896 [Test worker] TRACE org.hibernate.orm.jdbc.bind          [ |  | ] - binding parameter (6:VARCHAR) <- [testUser]
25-05-20 14:47:55.896 [Test worker] TRACE org.hibernate.orm.jdbc.bind          [ |  | ] - binding parameter (7:UUID) <- [d33314c5-4df1-425e-b89a-fcc6efc7e792]
25-05-20 14:47:55.898 [Test worker] DEBUG org.hibernate.SQL                    [ |  | ] - 
    insert 
    into
        user_statuses
        (created_at, last_active_at, updated_at, user_id, id) 
    values
        (?, ?, ?, ?, ?)
25-05-20 14:47:55.900 [Test worker] TRACE org.hibernate.orm.jdbc.bind          [ |  | ] - binding parameter (1:TIMESTAMP_UTC) <- [2025-05-20T05:47:55.891355Z]
25-05-20 14:47:55.900 [Test worker] TRACE org.hibernate.orm.jdbc.bind          [ |  | ] - binding parameter (2:TIMESTAMP_UTC) <- [2025-05-20T05:47:55.889954Z]
25-05-20 14:47:55.901 [Test worker] TRACE org.hibernate.orm.jdbc.bind          [ |  | ] - binding parameter (3:TIMESTAMP_UTC) <- [2025-05-20T05:47:55.891355Z]
25-05-20 14:47:55.901 [Test worker] TRACE org.hibernate.orm.jdbc.bind          [ |  | ] - binding parameter (4:UUID) <- [d33314c5-4df1-425e-b89a-fcc6efc7e792]
25-05-20 14:47:55.901 [Test worker] TRACE org.hibernate.orm.jdbc.bind          [ |  | ] - binding parameter (5:UUID) <- [ea547ae8-b3bd-4447-abda-f8dd3ba952fe]
25-05-20 14:47:55.901 [Test worker] DEBUG org.hibernate.SQL                    [ |  | ] - 
    insert 
    into
        channels
        (created_at, description, name, type, updated_at, id) 
    values
        (?, ?, ?, ?, ?, ?)
25-05-20 14:47:55.902 [Test worker] TRACE org.hibernate.orm.jdbc.bind          [ |  | ] - binding parameter (1:TIMESTAMP_UTC) <- [2025-05-20T05:47:55.891999Z]
25-05-20 14:47:55.902 [Test worker] TRACE org.hibernate.orm.jdbc.bind          [ |  | ] - binding parameter (2:VARCHAR) <- [설명: 테스트채널]
25-05-20 14:47:55.902 [Test worker] TRACE org.hibernate.orm.jdbc.bind          [ |  | ] - binding parameter (3:VARCHAR) <- [테스트채널]
25-05-20 14:47:55.902 [Test worker] TRACE org.hibernate.orm.jdbc.bind          [ |  | ] - binding parameter (4:ENUM) <- [PUBLIC]
25-05-20 14:47:55.903 [Test worker] TRACE org.hibernate.orm.jdbc.bind          [ |  | ] - binding parameter (5:TIMESTAMP_UTC) <- [2025-05-20T05:47:55.891999Z]
25-05-20 14:47:55.903 [Test worker] TRACE org.hibernate.orm.jdbc.bind          [ |  | ] - binding parameter (6:UUID) <- [955fa7be-2228-4dae-a717-0a4e233cc67d]
25-05-20 14:47:55.903 [Test worker] DEBUG org.hibernate.SQL                    [ |  | ] - 
    insert 
    into
        messages
        (author_id, channel_id, content, created_at, updated_at, id) 
    values
        (?, ?, ?, ?, ?, ?)
25-05-20 14:47:55.904 [Test worker] TRACE org.hibernate.orm.jdbc.bind          [ |  | ] - binding parameter (1:UUID) <- [d33314c5-4df1-425e-b89a-fcc6efc7e792]
25-05-20 14:47:55.904 [Test worker] TRACE org.hibernate.orm.jdbc.bind          [ |  | ] - binding parameter (2:UUID) <- [955fa7be-2228-4dae-a717-0a4e233cc67d]
25-05-20 14:47:55.904 [Test worker] TRACE org.hibernate.orm.jdbc.bind          [ |  | ] - binding parameter (3:VARCHAR) <- [첫 번째 메시지]
25-05-20 14:47:55.904 [Test worker] TRACE org.hibernate.orm.jdbc.bind          [ |  | ] - binding parameter (4:TIMESTAMP_UTC) <- [2025-05-20T05:47:55.892436Z]
25-05-20 14:47:55.904 [Test worker] TRACE org.hibernate.orm.jdbc.bind          [ |  | ] - binding parameter (5:TIMESTAMP_UTC) <- [2025-05-20T05:47:55.892436Z]
25-05-20 14:47:55.905 [Test worker] TRACE org.hibernate.orm.jdbc.bind          [ |  | ] - binding parameter (6:UUID) <- [4e9c68a5-d82f-4128-a061-c81bc3f0f983]
25-05-20 14:47:55.908 [Test worker] DEBUG org.hibernate.SQL                    [ |  | ] - 
    insert 
    into
        messages
        (author_id, channel_id, content, created_at, updated_at, id) 
    values
        (?, ?, ?, ?, ?, ?)
25-05-20 14:47:55.909 [Test worker] TRACE org.hibernate.orm.jdbc.bind          [ |  | ] - binding parameter (1:UUID) <- [d33314c5-4df1-425e-b89a-fcc6efc7e792]
25-05-20 14:47:55.909 [Test worker] TRACE org.hibernate.orm.jdbc.bind          [ |  | ] - binding parameter (2:UUID) <- [955fa7be-2228-4dae-a717-0a4e233cc67d]
25-05-20 14:47:55.909 [Test worker] TRACE org.hibernate.orm.jdbc.bind          [ |  | ] - binding parameter (3:VARCHAR) <- [두 번째 메시지]
25-05-20 14:47:55.909 [Test worker] TRACE org.hibernate.orm.jdbc.bind          [ |  | ] - binding parameter (4:TIMESTAMP_UTC) <- [2025-05-20T05:47:55.906293Z]
25-05-20 14:47:55.909 [Test worker] TRACE org.hibernate.orm.jdbc.bind          [ |  | ] - binding parameter (5:TIMESTAMP_UTC) <- [2025-05-20T05:47:55.906293Z]
25-05-20 14:47:55.909 [Test worker] TRACE org.hibernate.orm.jdbc.bind          [ |  | ] - binding parameter (6:UUID) <- [2b9e897b-61bb-4a19-b0c8-576b7677cfe9]
25-05-20 14:47:55.911 [Test worker] DEBUG org.hibernate.SQL                    [ |  | ] - 
    insert 
    into
        messages
        (author_id, channel_id, content, created_at, updated_at, id) 
    values
        (?, ?, ?, ?, ?, ?)
25-05-20 14:47:55.912 [Test worker] TRACE org.hibernate.orm.jdbc.bind          [ |  | ] - binding parameter (1:UUID) <- [d33314c5-4df1-425e-b89a-fcc6efc7e792]
25-05-20 14:47:55.912 [Test worker] TRACE org.hibernate.orm.jdbc.bind          [ |  | ] - binding parameter (2:UUID) <- [955fa7be-2228-4dae-a717-0a4e233cc67d]
25-05-20 14:47:55.912 [Test worker] TRACE org.hibernate.orm.jdbc.bind          [ |  | ] - binding parameter (3:VARCHAR) <- [세 번째 메시지]
25-05-20 14:47:55.912 [Test worker] TRACE org.hibernate.orm.jdbc.bind          [ |  | ] - binding parameter (4:TIMESTAMP_UTC) <- [2025-05-20T05:47:55.910664Z]
25-05-20 14:47:55.912 [Test worker] TRACE org.hibernate.orm.jdbc.bind          [ |  | ] - binding parameter (5:TIMESTAMP_UTC) <- [2025-05-20T05:47:55.910664Z]
25-05-20 14:47:55.912 [Test worker] TRACE org.hibernate.orm.jdbc.bind          [ |  | ] - binding parameter (6:UUID) <- [8694e799-cef8-4b9f-bc7d-754fe016e5dd]
25-05-20 14:47:55.921 [Test worker] DEBUG org.hibernate.SQL                    [ |  | ] - 
    select
        m1_0.id,
        a1_0.id,
        a1_0.created_at,
        a1_0.email,
        a1_0.password,
        p1_0.id,
        p1_0.content_type,
        p1_0.created_at,
        p1_0.file_name,
        p1_0.size,
        s1_0.id,
        s1_0.created_at,
        s1_0.last_active_at,
        s1_0.updated_at,
        s1_0.user_id,
        a1_0.updated_at,
        a1_0.username,
        m1_0.channel_id,
        m1_0.content,
        m1_0.created_at,
        m1_0.updated_at 
    from
        messages m1_0 
    left join
        users a1_0 
            on a1_0.id=m1_0.author_id 
    join
        user_statuses s1_0 
            on a1_0.id=s1_0.user_id 
    left join
        binary_contents p1_0 
            on p1_0.id=a1_0.profile_id 
    where
        m1_0.channel_id=? 
        and m1_0.created_at<? 
    order by
        m1_0.created_at desc 
    fetch
        first ? rows only
25-05-20 14:47:55.923 [Test worker] TRACE org.hibernate.orm.jdbc.bind          [ |  | ] - binding parameter (1:UUID) <- [955fa7be-2228-4dae-a717-0a4e233cc67d]
25-05-20 14:47:55.923 [Test worker] TRACE org.hibernate.orm.jdbc.bind          [ |  | ] - binding parameter (2:TIMESTAMP_UTC) <- [2025-05-20T05:48:55.892211Z]
25-05-20 14:47:55.923 [Test worker] TRACE org.hibernate.orm.jdbc.bind          [ |  | ] - binding parameter (3:INTEGER) <- [3]
25-05-20 14:47:55.947 [Test worker] INFO  o.s.t.c.s.AnnotationConfigContextLoaderUtils [ |  | ] - Could not detect default configuration classes for test class [com.sprint.mission.discodeit.repository.ReadStatusRepositoryTest]: ReadStatusRepositoryTest does not declare any static, non-private, non-final, nested classes annotated with @Configuration.
25-05-20 14:47:55.954 [Test worker] INFO  o.s.b.t.c.SpringBootTestContextBootstrapper [ |  | ] - Found @SpringBootConfiguration com.sprint.mission.discodeit.DiscodeitApplication for test class com.sprint.mission.discodeit.repository.ReadStatusRepositoryTest
25-05-20 14:47:55.985 [Test worker] DEBUG org.hibernate.SQL                    [ |  | ] - 
    insert 
    into
        binary_contents
        (content_type, created_at, file_name, size, id) 
    values
        (?, ?, ?, ?, ?)
25-05-20 14:47:55.986 [Test worker] TRACE org.hibernate.orm.jdbc.bind          [ |  | ] - binding parameter (1:VARCHAR) <- [image/jpeg]
25-05-20 14:47:55.986 [Test worker] TRACE org.hibernate.orm.jdbc.bind          [ |  | ] - binding parameter (2:TIMESTAMP_UTC) <- [2025-05-20T05:47:55.967167Z]
25-05-20 14:47:55.987 [Test worker] TRACE org.hibernate.orm.jdbc.bind          [ |  | ] - binding parameter (3:VARCHAR) <- [profile.jpg]
25-05-20 14:47:55.987 [Test worker] TRACE org.hibernate.orm.jdbc.bind          [ |  | ] - binding parameter (4:BIGINT) <- [1024]
25-05-20 14:47:55.987 [Test worker] TRACE org.hibernate.orm.jdbc.bind          [ |  | ] - binding parameter (5:UUID) <- [06293327-7601-4e1b-8b2f-4795c2eb7826]
25-05-20 14:47:55.988 [Test worker] DEBUG org.hibernate.SQL                    [ |  | ] - 
    insert 
    into
        users
        (created_at, email, password, profile_id, updated_at, username, id) 
    values
        (?, ?, ?, ?, ?, ?, ?)
25-05-20 14:47:55.989 [Test worker] TRACE org.hibernate.orm.jdbc.bind          [ |  | ] - binding parameter (1:TIMESTAMP_UTC) <- [2025-05-20T05:47:55.965473Z]
25-05-20 14:47:55.989 [Test worker] TRACE org.hibernate.orm.jdbc.bind          [ |  | ] - binding parameter (2:VARCHAR) <- [user1@example.com]
25-05-20 14:47:55.989 [Test worker] TRACE org.hibernate.orm.jdbc.bind          [ |  | ] - binding parameter (3:VARCHAR) <- [password123!@#]
25-05-20 14:47:55.989 [Test worker] TRACE org.hibernate.orm.jdbc.bind          [ |  | ] - binding parameter (4:UUID) <- [06293327-7601-4e1b-8b2f-4795c2eb7826]
25-05-20 14:47:55.989 [Test worker] TRACE org.hibernate.orm.jdbc.bind          [ |  | ] - binding parameter (5:TIMESTAMP_UTC) <- [2025-05-20T05:47:55.965473Z]
25-05-20 14:47:55.989 [Test worker] TRACE org.hibernate.orm.jdbc.bind          [ |  | ] - binding parameter (6:VARCHAR) <- [user1]
25-05-20 14:47:55.989 [Test worker] TRACE org.hibernate.orm.jdbc.bind          [ |  | ] - binding parameter (7:UUID) <- [46cceb11-45d2-488f-b0eb-d3f86a2edb14]
25-05-20 14:47:55.990 [Test worker] DEBUG org.hibernate.SQL                    [ |  | ] - 
    insert 
    into
        user_statuses
        (created_at, last_active_at, updated_at, user_id, id) 
    values
        (?, ?, ?, ?, ?)
25-05-20 14:47:55.990 [Test worker] TRACE org.hibernate.orm.jdbc.bind          [ |  | ] - binding parameter (1:TIMESTAMP_UTC) <- [2025-05-20T05:47:55.967628Z]
25-05-20 14:47:55.991 [Test worker] TRACE org.hibernate.orm.jdbc.bind          [ |  | ] - binding parameter (2:TIMESTAMP_UTC) <- [2025-05-20T05:47:55.964810Z]
25-05-20 14:47:55.991 [Test worker] TRACE org.hibernate.orm.jdbc.bind          [ |  | ] - binding parameter (3:TIMESTAMP_UTC) <- [2025-05-20T05:47:55.967628Z]
25-05-20 14:47:55.991 [Test worker] TRACE org.hibernate.orm.jdbc.bind          [ |  | ] - binding parameter (4:UUID) <- [46cceb11-45d2-488f-b0eb-d3f86a2edb14]
25-05-20 14:47:55.991 [Test worker] TRACE org.hibernate.orm.jdbc.bind          [ |  | ] - binding parameter (5:UUID) <- [ecfb329a-58d5-45aa-9378-b4271d9d629c]
25-05-20 14:47:55.991 [Test worker] DEBUG org.hibernate.SQL                    [ |  | ] - 
    insert 
    into
        binary_contents
        (content_type, created_at, file_name, size, id) 
    values
        (?, ?, ?, ?, ?)
25-05-20 14:47:55.992 [Test worker] TRACE org.hibernate.orm.jdbc.bind          [ |  | ] - binding parameter (1:VARCHAR) <- [image/jpeg]
25-05-20 14:47:55.992 [Test worker] TRACE org.hibernate.orm.jdbc.bind          [ |  | ] - binding parameter (2:TIMESTAMP_UTC) <- [2025-05-20T05:47:55.968488Z]
25-05-20 14:47:55.992 [Test worker] TRACE org.hibernate.orm.jdbc.bind          [ |  | ] - binding parameter (3:VARCHAR) <- [profile.jpg]
25-05-20 14:47:55.992 [Test worker] TRACE org.hibernate.orm.jdbc.bind          [ |  | ] - binding parameter (4:BIGINT) <- [1024]
25-05-20 14:47:55.992 [Test worker] TRACE org.hibernate.orm.jdbc.bind          [ |  | ] - binding parameter (5:UUID) <- [7dae4c71-5aa8-477b-8916-231ef7fecab3]
25-05-20 14:47:55.993 [Test worker] DEBUG org.hibernate.SQL                    [ |  | ] - 
    insert 
    into
        users
        (created_at, email, password, profile_id, updated_at, username, id) 
    values
        (?, ?, ?, ?, ?, ?, ?)
25-05-20 14:47:55.993 [Test worker] TRACE org.hibernate.orm.jdbc.bind          [ |  | ] - binding parameter (1:TIMESTAMP_UTC) <- [2025-05-20T05:47:55.968142Z]
25-05-20 14:47:55.993 [Test worker] TRACE org.hibernate.orm.jdbc.bind          [ |  | ] - binding parameter (2:VARCHAR) <- [user2@example.com]
25-05-20 14:47:55.993 [Test worker] TRACE org.hibernate.orm.jdbc.bind          [ |  | ] - binding parameter (3:VARCHAR) <- [password123!@#]
25-05-20 14:47:55.993 [Test worker] TRACE org.hibernate.orm.jdbc.bind          [ |  | ] - binding parameter (4:UUID) <- [7dae4c71-5aa8-477b-8916-231ef7fecab3]
25-05-20 14:47:55.993 [Test worker] TRACE org.hibernate.orm.jdbc.bind          [ |  | ] - binding parameter (5:TIMESTAMP_UTC) <- [2025-05-20T05:47:55.968142Z]
25-05-20 14:47:55.993 [Test worker] TRACE org.hibernate.orm.jdbc.bind          [ |  | ] - binding parameter (6:VARCHAR) <- [user2]
25-05-20 14:47:55.993 [Test worker] TRACE org.hibernate.orm.jdbc.bind          [ |  | ] - binding parameter (7:UUID) <- [65a605c6-3f10-4c1a-8563-6e4a183032bd]
25-05-20 14:47:55.994 [Test worker] DEBUG org.hibernate.SQL                    [ |  | ] - 
    insert 
    into
        user_statuses
        (created_at, last_active_at, updated_at, user_id, id) 
    values
        (?, ?, ?, ?, ?)
25-05-20 14:47:55.994 [Test worker] TRACE org.hibernate.orm.jdbc.bind          [ |  | ] - binding parameter (1:TIMESTAMP_UTC) <- [2025-05-20T05:47:55.968813Z]
25-05-20 14:47:55.994 [Test worker] TRACE org.hibernate.orm.jdbc.bind          [ |  | ] - binding parameter (2:TIMESTAMP_UTC) <- [2025-05-20T05:47:55.967854Z]
25-05-20 14:47:55.994 [Test worker] TRACE org.hibernate.orm.jdbc.bind          [ |  | ] - binding parameter (3:TIMESTAMP_UTC) <- [2025-05-20T05:47:55.968813Z]
25-05-20 14:47:55.994 [Test worker] TRACE org.hibernate.orm.jdbc.bind          [ |  | ] - binding parameter (4:UUID) <- [65a605c6-3f10-4c1a-8563-6e4a183032bd]
25-05-20 14:47:55.994 [Test worker] TRACE org.hibernate.orm.jdbc.bind          [ |  | ] - binding parameter (5:UUID) <- [83d65f52-2bf1-450c-8eeb-7d19c515783d]
25-05-20 14:47:55.995 [Test worker] DEBUG org.hibernate.SQL                    [ |  | ] - 
    insert 
    into
        channels
        (created_at, description, name, type, updated_at, id) 
    values
        (?, ?, ?, ?, ?, ?)
25-05-20 14:47:55.995 [Test worker] TRACE org.hibernate.orm.jdbc.bind          [ |  | ] - binding parameter (1:TIMESTAMP_UTC) <- [2025-05-20T05:47:55.969382Z]
25-05-20 14:47:55.995 [Test worker] TRACE org.hibernate.orm.jdbc.bind          [ |  | ] - binding parameter (2:VARCHAR) <- [설명: 삭제할채널]
25-05-20 14:47:55.996 [Test worker] TRACE org.hibernate.orm.jdbc.bind          [ |  | ] - binding parameter (3:VARCHAR) <- [삭제할채널]
25-05-20 14:47:55.996 [Test worker] TRACE org.hibernate.orm.jdbc.bind          [ |  | ] - binding parameter (4:ENUM) <- [PUBLIC]
25-05-20 14:47:55.996 [Test worker] TRACE org.hibernate.orm.jdbc.bind          [ |  | ] - binding parameter (5:TIMESTAMP_UTC) <- [2025-05-20T05:47:55.969382Z]
25-05-20 14:47:55.996 [Test worker] TRACE org.hibernate.orm.jdbc.bind          [ |  | ] - binding parameter (6:UUID) <- [905e6fd9-2876-4696-837f-798155516789]
25-05-20 14:47:55.996 [Test worker] DEBUG org.hibernate.SQL                    [ |  | ] - 
    insert 
    into
        channels
        (created_at, description, name, type, updated_at, id) 
    values
        (?, ?, ?, ?, ?, ?)
25-05-20 14:47:55.996 [Test worker] TRACE org.hibernate.orm.jdbc.bind          [ |  | ] - binding parameter (1:TIMESTAMP_UTC) <- [2025-05-20T05:47:55.970043Z]
25-05-20 14:47:55.997 [Test worker] TRACE org.hibernate.orm.jdbc.bind          [ |  | ] - binding parameter (2:VARCHAR) <- [설명: 유지할채널]
25-05-20 14:47:55.997 [Test worker] TRACE org.hibernate.orm.jdbc.bind          [ |  | ] - binding parameter (3:VARCHAR) <- [유지할채널]
25-05-20 14:47:55.997 [Test worker] TRACE org.hibernate.orm.jdbc.bind          [ |  | ] - binding parameter (4:ENUM) <- [PUBLIC]
25-05-20 14:47:55.997 [Test worker] TRACE org.hibernate.orm.jdbc.bind          [ |  | ] - binding parameter (5:TIMESTAMP_UTC) <- [2025-05-20T05:47:55.970043Z]
25-05-20 14:47:55.997 [Test worker] TRACE org.hibernate.orm.jdbc.bind          [ |  | ] - binding parameter (6:UUID) <- [515c4701-21e6-4589-b610-8cd0560b0328]
25-05-20 14:47:55.998 [Test worker] DEBUG org.hibernate.SQL                    [ |  | ] - 
    insert 
    into
        read_statuses
        (channel_id, created_at, last_read_at, updated_at, user_id, id) 
    values
        (?, ?, ?, ?, ?, ?)
25-05-20 14:47:55.998 [Test worker] TRACE org.hibernate.orm.jdbc.bind          [ |  | ] - binding parameter (1:UUID) <- [905e6fd9-2876-4696-837f-798155516789]
25-05-20 14:47:55.998 [Test worker] TRACE org.hibernate.orm.jdbc.bind          [ |  | ] - binding parameter (2:TIMESTAMP_UTC) <- [2025-05-20T05:47:55.973461Z]
25-05-20 14:47:55.998 [Test worker] TRACE org.hibernate.orm.jdbc.bind          [ |  | ] - binding parameter (3:TIMESTAMP_UTC) <- [2025-05-20T05:47:55.970330Z]
25-05-20 14:47:55.998 [Test worker] TRACE org.hibernate.orm.jdbc.bind          [ |  | ] - binding parameter (4:TIMESTAMP_UTC) <- [2025-05-20T05:47:55.973461Z]
25-05-20 14:47:55.998 [Test worker] TRACE org.hibernate.orm.jdbc.bind          [ |  | ] - binding parameter (5:UUID) <- [46cceb11-45d2-488f-b0eb-d3f86a2edb14]
25-05-20 14:47:55.998 [Test worker] TRACE org.hibernate.orm.jdbc.bind          [ |  | ] - binding parameter (6:UUID) <- [870711de-6811-492f-bf71-7a3334b7fb45]
25-05-20 14:47:55.999 [Test worker] DEBUG org.hibernate.SQL                    [ |  | ] - 
    insert 
    into
        read_statuses
        (channel_id, created_at, last_read_at, updated_at, user_id, id) 
    values
        (?, ?, ?, ?, ?, ?)
25-05-20 14:47:55.999 [Test worker] TRACE org.hibernate.orm.jdbc.bind          [ |  | ] - binding parameter (1:UUID) <- [905e6fd9-2876-4696-837f-798155516789]
25-05-20 14:47:55.999 [Test worker] TRACE org.hibernate.orm.jdbc.bind          [ |  | ] - binding parameter (2:TIMESTAMP_UTC) <- [2025-05-20T05:47:55.984056Z]
25-05-20 14:47:55.999 [Test worker] TRACE org.hibernate.orm.jdbc.bind          [ |  | ] - binding parameter (3:TIMESTAMP_UTC) <- [2025-05-20T05:47:55.983330Z]
25-05-20 14:47:55.999 [Test worker] TRACE org.hibernate.orm.jdbc.bind          [ |  | ] - binding parameter (4:TIMESTAMP_UTC) <- [2025-05-20T05:47:55.984056Z]
25-05-20 14:47:55.999 [Test worker] TRACE org.hibernate.orm.jdbc.bind          [ |  | ] - binding parameter (5:UUID) <- [65a605c6-3f10-4c1a-8563-6e4a183032bd]
25-05-20 14:47:56.000 [Test worker] TRACE org.hibernate.orm.jdbc.bind          [ |  | ] - binding parameter (6:UUID) <- [c15aed9b-be6d-49a2-a79b-9d807ec438e8]
25-05-20 14:47:56.000 [Test worker] DEBUG org.hibernate.SQL                    [ |  | ] - 
    insert 
    into
        read_statuses
        (channel_id, created_at, last_read_at, updated_at, user_id, id) 
    values
        (?, ?, ?, ?, ?, ?)
25-05-20 14:47:56.001 [Test worker] TRACE org.hibernate.orm.jdbc.bind          [ |  | ] - binding parameter (1:UUID) <- [515c4701-21e6-4589-b610-8cd0560b0328]
25-05-20 14:47:56.001 [Test worker] TRACE org.hibernate.orm.jdbc.bind          [ |  | ] - binding parameter (2:TIMESTAMP_UTC) <- [2025-05-20T05:47:55.984836Z]
25-05-20 14:47:56.001 [Test worker] TRACE org.hibernate.orm.jdbc.bind          [ |  | ] - binding parameter (3:TIMESTAMP_UTC) <- [2025-05-20T05:47:55.984370Z]
25-05-20 14:47:56.001 [Test worker] TRACE org.hibernate.orm.jdbc.bind          [ |  | ] - binding parameter (4:TIMESTAMP_UTC) <- [2025-05-20T05:47:55.984836Z]
25-05-20 14:47:56.001 [Test worker] TRACE org.hibernate.orm.jdbc.bind          [ |  | ] - binding parameter (5:UUID) <- [46cceb11-45d2-488f-b0eb-d3f86a2edb14]
25-05-20 14:47:56.001 [Test worker] TRACE org.hibernate.orm.jdbc.bind          [ |  | ] - binding parameter (6:UUID) <- [9dc49ff3-c4eb-4f7f-b9b6-c37208b48d6a]
25-05-20 14:47:56.013 [Test worker] DEBUG org.hibernate.SQL                    [ |  | ] - 
    select
        rs1_0.id,
        rs1_0.channel_id,
        rs1_0.created_at,
        rs1_0.last_read_at,
        rs1_0.updated_at,
        rs1_0.user_id 
    from
        read_statuses rs1_0 
    where
        rs1_0.channel_id=?
25-05-20 14:47:56.014 [Test worker] TRACE org.hibernate.orm.jdbc.bind          [ |  | ] - binding parameter (1:UUID) <- [905e6fd9-2876-4696-837f-798155516789]
25-05-20 14:47:56.018 [Test worker] DEBUG org.hibernate.SQL                    [ |  | ] - 
    delete 
    from
        read_statuses 
    where
        id=?
25-05-20 14:47:56.018 [Test worker] TRACE org.hibernate.orm.jdbc.bind          [ |  | ] - binding parameter (1:UUID) <- [870711de-6811-492f-bf71-7a3334b7fb45]
25-05-20 14:47:56.019 [Test worker] DEBUG org.hibernate.SQL                    [ |  | ] - 
    delete 
    from
        read_statuses 
    where
        id=?
25-05-20 14:47:56.019 [Test worker] TRACE org.hibernate.orm.jdbc.bind          [ |  | ] - binding parameter (1:UUID) <- [c15aed9b-be6d-49a2-a79b-9d807ec438e8]
25-05-20 14:47:56.023 [Test worker] DEBUG org.hibernate.SQL                    [ |  | ] - 
    select
        rs1_0.id,
        rs1_0.channel_id,
        rs1_0.created_at,
        rs1_0.last_read_at,
        rs1_0.updated_at,
        rs1_0.user_id,
        u1_0.id,
        u1_0.created_at,
        u1_0.email,
        u1_0.password,
        p1_0.id,
        p1_0.content_type,
        p1_0.created_at,
        p1_0.file_name,
        p1_0.size,
        s1_0.id,
        s1_0.created_at,
        s1_0.last_active_at,
        s1_0.updated_at,
        s1_0.user_id,
        u1_0.updated_at,
        u1_0.username 
    from
        read_statuses rs1_0 
    join
        users u1_0 
            on u1_0.id=rs1_0.user_id 
    join
        user_statuses s1_0 
            on u1_0.id=s1_0.user_id 
    left join
        binary_contents p1_0 
            on p1_0.id=u1_0.profile_id 
    where
        rs1_0.channel_id=?
25-05-20 14:47:56.024 [Test worker] TRACE org.hibernate.orm.jdbc.bind          [ |  | ] - binding parameter (1:UUID) <- [905e6fd9-2876-4696-837f-798155516789]
25-05-20 14:47:56.027 [Test worker] DEBUG org.hibernate.SQL                    [ |  | ] - 
    select
        rs1_0.id,
        rs1_0.channel_id,
        rs1_0.created_at,
        rs1_0.last_read_at,
        rs1_0.updated_at,
        rs1_0.user_id,
        u1_0.id,
        u1_0.created_at,
        u1_0.email,
        u1_0.password,
        p1_0.id,
        p1_0.content_type,
        p1_0.created_at,
        p1_0.file_name,
        p1_0.size,
        s1_0.id,
        s1_0.created_at,
        s1_0.last_active_at,
        s1_0.updated_at,
        s1_0.user_id,
        u1_0.updated_at,
        u1_0.username 
    from
        read_statuses rs1_0 
    join
        users u1_0 
            on u1_0.id=rs1_0.user_id 
    join
        user_statuses s1_0 
            on u1_0.id=s1_0.user_id 
    left join
        binary_contents p1_0 
            on p1_0.id=u1_0.profile_id 
    where
        rs1_0.channel_id=?
25-05-20 14:47:56.030 [Test worker] TRACE org.hibernate.orm.jdbc.bind          [ |  | ] - binding parameter (1:UUID) <- [515c4701-21e6-4589-b610-8cd0560b0328]
25-05-20 14:47:56.064 [Test worker] DEBUG org.hibernate.SQL                    [ |  | ] - 
    insert 
    into
        binary_contents
        (content_type, created_at, file_name, size, id) 
    values
        (?, ?, ?, ?, ?)
25-05-20 14:47:56.065 [Test worker] TRACE org.hibernate.orm.jdbc.bind          [ |  | ] - binding parameter (1:VARCHAR) <- [image/jpeg]
25-05-20 14:47:56.065 [Test worker] TRACE org.hibernate.orm.jdbc.bind          [ |  | ] - binding parameter (2:TIMESTAMP_UTC) <- [2025-05-20T05:47:56.054276Z]
25-05-20 14:47:56.066 [Test worker] TRACE org.hibernate.orm.jdbc.bind          [ |  | ] - binding parameter (3:VARCHAR) <- [profile.jpg]
25-05-20 14:47:56.069 [Test worker] TRACE org.hibernate.orm.jdbc.bind          [ |  | ] - binding parameter (4:BIGINT) <- [1024]
25-05-20 14:47:56.071 [Test worker] TRACE org.hibernate.orm.jdbc.bind          [ |  | ] - binding parameter (5:UUID) <- [8deb1c7d-d718-471e-bbfc-6c2b1951145e]
25-05-20 14:47:56.075 [Test worker] DEBUG org.hibernate.SQL                    [ |  | ] - 
    insert 
    into
        users
        (created_at, email, password, profile_id, updated_at, username, id) 
    values
        (?, ?, ?, ?, ?, ?, ?)
25-05-20 14:47:56.075 [Test worker] TRACE org.hibernate.orm.jdbc.bind          [ |  | ] - binding parameter (1:TIMESTAMP_UTC) <- [2025-05-20T05:47:56.053923Z]
25-05-20 14:47:56.076 [Test worker] TRACE org.hibernate.orm.jdbc.bind          [ |  | ] - binding parameter (2:VARCHAR) <- [test@example.com]
25-05-20 14:47:56.076 [Test worker] TRACE org.hibernate.orm.jdbc.bind          [ |  | ] - binding parameter (3:VARCHAR) <- [password123!@#]
25-05-20 14:47:56.076 [Test worker] TRACE org.hibernate.orm.jdbc.bind          [ |  | ] - binding parameter (4:UUID) <- [8deb1c7d-d718-471e-bbfc-6c2b1951145e]
25-05-20 14:47:56.076 [Test worker] TRACE org.hibernate.orm.jdbc.bind          [ |  | ] - binding parameter (5:TIMESTAMP_UTC) <- [2025-05-20T05:47:56.053923Z]
25-05-20 14:47:56.076 [Test worker] TRACE org.hibernate.orm.jdbc.bind          [ |  | ] - binding parameter (6:VARCHAR) <- [testUser]
25-05-20 14:47:56.077 [Test worker] TRACE org.hibernate.orm.jdbc.bind          [ |  | ] - binding parameter (7:UUID) <- [d3130c7e-8e00-47f9-80ac-e92ddb415b89]
25-05-20 14:47:56.078 [Test worker] DEBUG org.hibernate.SQL                    [ |  | ] - 
    insert 
    into
        user_statuses
        (created_at, last_active_at, updated_at, user_id, id) 
    values
        (?, ?, ?, ?, ?)
25-05-20 14:47:56.079 [Test worker] TRACE org.hibernate.orm.jdbc.bind          [ |  | ] - binding parameter (1:TIMESTAMP_UTC) <- [2025-05-20T05:47:56.054613Z]
25-05-20 14:47:56.079 [Test worker] TRACE org.hibernate.orm.jdbc.bind          [ |  | ] - binding parameter (2:TIMESTAMP_UTC) <- [2025-05-20T05:47:56.053435Z]
25-05-20 14:47:56.079 [Test worker] TRACE org.hibernate.orm.jdbc.bind          [ |  | ] - binding parameter (3:TIMESTAMP_UTC) <- [2025-05-20T05:47:56.054613Z]
25-05-20 14:47:56.079 [Test worker] TRACE org.hibernate.orm.jdbc.bind          [ |  | ] - binding parameter (4:UUID) <- [d3130c7e-8e00-47f9-80ac-e92ddb415b89]
25-05-20 14:47:56.080 [Test worker] TRACE org.hibernate.orm.jdbc.bind          [ |  | ] - binding parameter (5:UUID) <- [90c076cb-0842-4bd0-b9e0-d55a935e94c0]
25-05-20 14:47:56.080 [Test worker] DEBUG org.hibernate.SQL                    [ |  | ] - 
    insert 
    into
        channels
        (created_at, description, name, type, updated_at, id) 
    values
        (?, ?, ?, ?, ?, ?)
25-05-20 14:47:56.081 [Test worker] TRACE org.hibernate.orm.jdbc.bind          [ |  | ] - binding parameter (1:TIMESTAMP_UTC) <- [2025-05-20T05:47:56.055302Z]
25-05-20 14:47:56.081 [Test worker] TRACE org.hibernate.orm.jdbc.bind          [ |  | ] - binding parameter (2:VARCHAR) <- [설명: 채널1]
25-05-20 14:47:56.081 [Test worker] TRACE org.hibernate.orm.jdbc.bind          [ |  | ] - binding parameter (3:VARCHAR) <- [채널1]
25-05-20 14:47:56.081 [Test worker] TRACE org.hibernate.orm.jdbc.bind          [ |  | ] - binding parameter (4:ENUM) <- [PUBLIC]
25-05-20 14:47:56.081 [Test worker] TRACE org.hibernate.orm.jdbc.bind          [ |  | ] - binding parameter (5:TIMESTAMP_UTC) <- [2025-05-20T05:47:56.055302Z]
25-05-20 14:47:56.081 [Test worker] TRACE org.hibernate.orm.jdbc.bind          [ |  | ] - binding parameter (6:UUID) <- [82862b61-595c-43b3-906d-2800400e279c]
25-05-20 14:47:56.082 [Test worker] DEBUG org.hibernate.SQL                    [ |  | ] - 
    insert 
    into
        channels
        (created_at, description, name, type, updated_at, id) 
    values
        (?, ?, ?, ?, ?, ?)
25-05-20 14:47:56.082 [Test worker] TRACE org.hibernate.orm.jdbc.bind          [ |  | ] - binding parameter (1:TIMESTAMP_UTC) <- [2025-05-20T05:47:56.055711Z]
25-05-20 14:47:56.083 [Test worker] TRACE org.hibernate.orm.jdbc.bind          [ |  | ] - binding parameter (2:VARCHAR) <- [설명: 채널2]
25-05-20 14:47:56.083 [Test worker] TRACE org.hibernate.orm.jdbc.bind          [ |  | ] - binding parameter (3:VARCHAR) <- [채널2]
25-05-20 14:47:56.083 [Test worker] TRACE org.hibernate.orm.jdbc.bind          [ |  | ] - binding parameter (4:ENUM) <- [PRIVATE]
25-05-20 14:47:56.083 [Test worker] TRACE org.hibernate.orm.jdbc.bind          [ |  | ] - binding parameter (5:TIMESTAMP_UTC) <- [2025-05-20T05:47:56.055711Z]
25-05-20 14:47:56.083 [Test worker] TRACE org.hibernate.orm.jdbc.bind          [ |  | ] - binding parameter (6:UUID) <- [468c1d9d-3d99-4861-965c-05381587cb4f]
25-05-20 14:47:56.083 [Test worker] DEBUG org.hibernate.SQL                    [ |  | ] - 
    insert 
    into
        read_statuses
        (channel_id, created_at, last_read_at, updated_at, user_id, id) 
    values
        (?, ?, ?, ?, ?, ?)
25-05-20 14:47:56.084 [Test worker] TRACE org.hibernate.orm.jdbc.bind          [ |  | ] - binding parameter (1:UUID) <- [82862b61-595c-43b3-906d-2800400e279c]
25-05-20 14:47:56.085 [Test worker] TRACE org.hibernate.orm.jdbc.bind          [ |  | ] - binding parameter (2:TIMESTAMP_UTC) <- [2025-05-20T05:47:56.056069Z]
25-05-20 14:47:56.085 [Test worker] TRACE org.hibernate.orm.jdbc.bind          [ |  | ] - binding parameter (3:TIMESTAMP_UTC) <- [2025-05-19T05:47:56.055865Z]
25-05-20 14:47:56.085 [Test worker] TRACE org.hibernate.orm.jdbc.bind          [ |  | ] - binding parameter (4:TIMESTAMP_UTC) <- [2025-05-20T05:47:56.056069Z]
25-05-20 14:47:56.085 [Test worker] TRACE org.hibernate.orm.jdbc.bind          [ |  | ] - binding parameter (5:UUID) <- [d3130c7e-8e00-47f9-80ac-e92ddb415b89]
25-05-20 14:47:56.085 [Test worker] TRACE org.hibernate.orm.jdbc.bind          [ |  | ] - binding parameter (6:UUID) <- [e774c8d9-05af-4bc4-a84c-a6473dc1dbe4]
25-05-20 14:47:56.086 [Test worker] DEBUG org.hibernate.SQL                    [ |  | ] - 
    insert 
    into
        read_statuses
        (channel_id, created_at, last_read_at, updated_at, user_id, id) 
    values
        (?, ?, ?, ?, ?, ?)
25-05-20 14:47:56.087 [Test worker] TRACE org.hibernate.orm.jdbc.bind          [ |  | ] - binding parameter (1:UUID) <- [468c1d9d-3d99-4861-965c-05381587cb4f]
25-05-20 14:47:56.088 [Test worker] TRACE org.hibernate.orm.jdbc.bind          [ |  | ] - binding parameter (2:TIMESTAMP_UTC) <- [2025-05-20T05:47:56.056424Z]
25-05-20 14:47:56.088 [Test worker] TRACE org.hibernate.orm.jdbc.bind          [ |  | ] - binding parameter (3:TIMESTAMP_UTC) <- [2025-05-20T05:47:56.055865Z]
25-05-20 14:47:56.088 [Test worker] TRACE org.hibernate.orm.jdbc.bind          [ |  | ] - binding parameter (4:TIMESTAMP_UTC) <- [2025-05-20T05:47:56.056424Z]
25-05-20 14:47:56.088 [Test worker] TRACE org.hibernate.orm.jdbc.bind          [ |  | ] - binding parameter (5:UUID) <- [d3130c7e-8e00-47f9-80ac-e92ddb415b89]
25-05-20 14:47:56.088 [Test worker] TRACE org.hibernate.orm.jdbc.bind          [ |  | ] - binding parameter (6:UUID) <- [0e479771-0370-4eeb-8985-4d3b2aa15f22]
25-05-20 14:47:56.092 [Test worker] DEBUG org.hibernate.SQL                    [ |  | ] - 
    select
        rs1_0.id,
        rs1_0.channel_id,
        rs1_0.created_at,
        rs1_0.last_read_at,
        rs1_0.updated_at,
        rs1_0.user_id 
    from
        read_statuses rs1_0 
    where
        rs1_0.user_id=?
25-05-20 14:47:56.093 [Test worker] TRACE org.hibernate.orm.jdbc.bind          [ |  | ] - binding parameter (1:UUID) <- [d3130c7e-8e00-47f9-80ac-e92ddb415b89]
25-05-20 14:47:56.124 [Test worker] DEBUG org.hibernate.SQL                    [ |  | ] - 
    insert 
    into
        binary_contents
        (content_type, created_at, file_name, size, id) 
    values
        (?, ?, ?, ?, ?)
25-05-20 14:47:56.126 [Test worker] TRACE org.hibernate.orm.jdbc.bind          [ |  | ] - binding parameter (1:VARCHAR) <- [image/jpeg]
25-05-20 14:47:56.126 [Test worker] TRACE org.hibernate.orm.jdbc.bind          [ |  | ] - binding parameter (2:TIMESTAMP_UTC) <- [2025-05-20T05:47:56.121451Z]
25-05-20 14:47:56.126 [Test worker] TRACE org.hibernate.orm.jdbc.bind          [ |  | ] - binding parameter (3:VARCHAR) <- [profile.jpg]
25-05-20 14:47:56.126 [Test worker] TRACE org.hibernate.orm.jdbc.bind          [ |  | ] - binding parameter (4:BIGINT) <- [1024]
25-05-20 14:47:56.126 [Test worker] TRACE org.hibernate.orm.jdbc.bind          [ |  | ] - binding parameter (5:UUID) <- [ad6f8a74-2ce4-4e15-8365-eed1a33cf7d9]
25-05-20 14:47:56.128 [Test worker] DEBUG org.hibernate.SQL                    [ |  | ] - 
    insert 
    into
        users
        (created_at, email, password, profile_id, updated_at, username, id) 
    values
        (?, ?, ?, ?, ?, ?, ?)
25-05-20 14:47:56.128 [Test worker] TRACE org.hibernate.orm.jdbc.bind          [ |  | ] - binding parameter (1:TIMESTAMP_UTC) <- [2025-05-20T05:47:56.120280Z]
25-05-20 14:47:56.128 [Test worker] TRACE org.hibernate.orm.jdbc.bind          [ |  | ] - binding parameter (2:VARCHAR) <- [test@example.com]
25-05-20 14:47:56.128 [Test worker] TRACE org.hibernate.orm.jdbc.bind          [ |  | ] - binding parameter (3:VARCHAR) <- [password123!@#]
25-05-20 14:47:56.128 [Test worker] TRACE org.hibernate.orm.jdbc.bind          [ |  | ] - binding parameter (4:UUID) <- [ad6f8a74-2ce4-4e15-8365-eed1a33cf7d9]
25-05-20 14:47:56.129 [Test worker] TRACE org.hibernate.orm.jdbc.bind          [ |  | ] - binding parameter (5:TIMESTAMP_UTC) <- [2025-05-20T05:47:56.120280Z]
25-05-20 14:47:56.129 [Test worker] TRACE org.hibernate.orm.jdbc.bind          [ |  | ] - binding parameter (6:VARCHAR) <- [testUser]
25-05-20 14:47:56.129 [Test worker] TRACE org.hibernate.orm.jdbc.bind          [ |  | ] - binding parameter (7:UUID) <- [45b9b85e-12b0-4ead-a6d1-7385309f2fbe]
25-05-20 14:47:56.130 [Test worker] DEBUG org.hibernate.SQL                    [ |  | ] - 
    insert 
    into
        user_statuses
        (created_at, last_active_at, updated_at, user_id, id) 
    values
        (?, ?, ?, ?, ?)
25-05-20 14:47:56.130 [Test worker] TRACE org.hibernate.orm.jdbc.bind          [ |  | ] - binding parameter (1:TIMESTAMP_UTC) <- [2025-05-20T05:47:56.122588Z]
25-05-20 14:47:56.130 [Test worker] TRACE org.hibernate.orm.jdbc.bind          [ |  | ] - binding parameter (2:TIMESTAMP_UTC) <- [2025-05-20T05:47:56.119476Z]
25-05-20 14:47:56.130 [Test worker] TRACE org.hibernate.orm.jdbc.bind          [ |  | ] - binding parameter (3:TIMESTAMP_UTC) <- [2025-05-20T05:47:56.122588Z]
25-05-20 14:47:56.130 [Test worker] TRACE org.hibernate.orm.jdbc.bind          [ |  | ] - binding parameter (4:UUID) <- [45b9b85e-12b0-4ead-a6d1-7385309f2fbe]
25-05-20 14:47:56.130 [Test worker] TRACE org.hibernate.orm.jdbc.bind          [ |  | ] - binding parameter (5:UUID) <- [e9d41775-81bd-4641-a43e-57246a43b404]
25-05-20 14:47:56.131 [Test worker] DEBUG org.hibernate.SQL                    [ |  | ] - 
    insert 
    into
        channels
        (created_at, description, name, type, updated_at, id) 
    values
        (?, ?, ?, ?, ?, ?)
25-05-20 14:47:56.131 [Test worker] TRACE org.hibernate.orm.jdbc.bind          [ |  | ] - binding parameter (1:TIMESTAMP_UTC) <- [2025-05-20T05:47:56.123580Z]
25-05-20 14:47:56.132 [Test worker] TRACE org.hibernate.orm.jdbc.bind          [ |  | ] - binding parameter (2:VARCHAR) <- [설명: 공개채널]
25-05-20 14:47:56.132 [Test worker] TRACE org.hibernate.orm.jdbc.bind          [ |  | ] - binding parameter (3:VARCHAR) <- [공개채널]
25-05-20 14:47:56.132 [Test worker] TRACE org.hibernate.orm.jdbc.bind          [ |  | ] - binding parameter (4:ENUM) <- [PUBLIC]
25-05-20 14:47:56.132 [Test worker] TRACE org.hibernate.orm.jdbc.bind          [ |  | ] - binding parameter (5:TIMESTAMP_UTC) <- [2025-05-20T05:47:56.123580Z]
25-05-20 14:47:56.132 [Test worker] TRACE org.hibernate.orm.jdbc.bind          [ |  | ] - binding parameter (6:UUID) <- [f2e4064c-f8a5-40b1-bb7d-21f8aee9fb9b]
25-05-20 14:47:56.143 [Test worker] DEBUG org.hibernate.SQL                    [ |  | ] - 
    select
        rs1_0.id 
    from
        read_statuses rs1_0 
    where
        rs1_0.user_id=? 
        and rs1_0.channel_id=? 
    fetch
        first ? rows only
25-05-20 14:47:56.144 [Test worker] TRACE org.hibernate.orm.jdbc.bind          [ |  | ] - binding parameter (1:UUID) <- [45b9b85e-12b0-4ead-a6d1-7385309f2fbe]
25-05-20 14:47:56.144 [Test worker] TRACE org.hibernate.orm.jdbc.bind          [ |  | ] - binding parameter (2:UUID) <- [f2e4064c-f8a5-40b1-bb7d-21f8aee9fb9b]
25-05-20 14:47:56.144 [Test worker] TRACE org.hibernate.orm.jdbc.bind          [ |  | ] - binding parameter (3:INTEGER) <- [1]
25-05-20 14:47:56.160 [Test worker] DEBUG org.hibernate.SQL                    [ |  | ] - 
    insert 
    into
        binary_contents
        (content_type, created_at, file_name, size, id) 
    values
        (?, ?, ?, ?, ?)
25-05-20 14:47:56.161 [Test worker] TRACE org.hibernate.orm.jdbc.bind          [ |  | ] - binding parameter (1:VARCHAR) <- [image/jpeg]
25-05-20 14:47:56.162 [Test worker] TRACE org.hibernate.orm.jdbc.bind          [ |  | ] - binding parameter (2:TIMESTAMP_UTC) <- [2025-05-20T05:47:56.158624Z]
25-05-20 14:47:56.162 [Test worker] TRACE org.hibernate.orm.jdbc.bind          [ |  | ] - binding parameter (3:VARCHAR) <- [profile.jpg]
25-05-20 14:47:56.162 [Test worker] TRACE org.hibernate.orm.jdbc.bind          [ |  | ] - binding parameter (4:BIGINT) <- [1024]
25-05-20 14:47:56.162 [Test worker] TRACE org.hibernate.orm.jdbc.bind          [ |  | ] - binding parameter (5:UUID) <- [0f04e716-99a0-4404-8eab-bbb8e052c110]
25-05-20 14:47:56.163 [Test worker] DEBUG org.hibernate.SQL                    [ |  | ] - 
    insert 
    into
        users
        (created_at, email, password, profile_id, updated_at, username, id) 
    values
        (?, ?, ?, ?, ?, ?, ?)
25-05-20 14:47:56.164 [Test worker] TRACE org.hibernate.orm.jdbc.bind          [ |  | ] - binding parameter (1:TIMESTAMP_UTC) <- [2025-05-20T05:47:56.158017Z]
25-05-20 14:47:56.164 [Test worker] TRACE org.hibernate.orm.jdbc.bind          [ |  | ] - binding parameter (2:VARCHAR) <- [test@example.com]
25-05-20 14:47:56.164 [Test worker] TRACE org.hibernate.orm.jdbc.bind          [ |  | ] - binding parameter (3:VARCHAR) <- [password123!@#]
25-05-20 14:47:56.164 [Test worker] TRACE org.hibernate.orm.jdbc.bind          [ |  | ] - binding parameter (4:UUID) <- [0f04e716-99a0-4404-8eab-bbb8e052c110]
25-05-20 14:47:56.164 [Test worker] TRACE org.hibernate.orm.jdbc.bind          [ |  | ] - binding parameter (5:TIMESTAMP_UTC) <- [2025-05-20T05:47:56.158017Z]
25-05-20 14:47:56.164 [Test worker] TRACE org.hibernate.orm.jdbc.bind          [ |  | ] - binding parameter (6:VARCHAR) <- [testUser]
25-05-20 14:47:56.164 [Test worker] TRACE org.hibernate.orm.jdbc.bind          [ |  | ] - binding parameter (7:UUID) <- [cd305a06-0fd4-4f29-a37f-0f9c44bc4beb]
25-05-20 14:47:56.166 [Test worker] DEBUG org.hibernate.SQL                    [ |  | ] - 
    insert 
    into
        user_statuses
        (created_at, last_active_at, updated_at, user_id, id) 
    values
        (?, ?, ?, ?, ?)
25-05-20 14:47:56.170 [Test worker] TRACE org.hibernate.orm.jdbc.bind          [ |  | ] - binding parameter (1:TIMESTAMP_UTC) <- [2025-05-20T05:47:56.158903Z]
25-05-20 14:47:56.171 [Test worker] TRACE org.hibernate.orm.jdbc.bind          [ |  | ] - binding parameter (2:TIMESTAMP_UTC) <- [2025-05-20T05:47:56.157632Z]
25-05-20 14:47:56.180 [Test worker] TRACE org.hibernate.orm.jdbc.bind          [ |  | ] - binding parameter (3:TIMESTAMP_UTC) <- [2025-05-20T05:47:56.158903Z]
25-05-20 14:47:56.180 [Test worker] TRACE org.hibernate.orm.jdbc.bind          [ |  | ] - binding parameter (4:UUID) <- [cd305a06-0fd4-4f29-a37f-0f9c44bc4beb]
25-05-20 14:47:56.181 [Test worker] TRACE org.hibernate.orm.jdbc.bind          [ |  | ] - binding parameter (5:UUID) <- [f8720334-4081-4e65-b79b-4fde1e423be6]
25-05-20 14:47:56.183 [Test worker] DEBUG org.hibernate.SQL                    [ |  | ] - 
    insert 
    into
        channels
        (created_at, description, name, type, updated_at, id) 
    values
        (?, ?, ?, ?, ?, ?)
25-05-20 14:47:56.190 [Test worker] TRACE org.hibernate.orm.jdbc.bind          [ |  | ] - binding parameter (1:TIMESTAMP_UTC) <- [2025-05-20T05:47:56.159658Z]
25-05-20 14:47:56.191 [Test worker] TRACE org.hibernate.orm.jdbc.bind          [ |  | ] - binding parameter (2:VARCHAR) <- [설명: 공개채널]
25-05-20 14:47:56.192 [Test worker] TRACE org.hibernate.orm.jdbc.bind          [ |  | ] - binding parameter (3:VARCHAR) <- [공개채널]
25-05-20 14:47:56.192 [Test worker] TRACE org.hibernate.orm.jdbc.bind          [ |  | ] - binding parameter (4:ENUM) <- [PUBLIC]
25-05-20 14:47:56.192 [Test worker] TRACE org.hibernate.orm.jdbc.bind          [ |  | ] - binding parameter (5:TIMESTAMP_UTC) <- [2025-05-20T05:47:56.159658Z]
25-05-20 14:47:56.192 [Test worker] TRACE org.hibernate.orm.jdbc.bind          [ |  | ] - binding parameter (6:UUID) <- [a5f7b0d7-2b47-45e4-bb51-6e99368919a0]
25-05-20 14:47:56.194 [Test worker] DEBUG org.hibernate.SQL                    [ |  | ] - 
    insert 
    into
        read_statuses
        (channel_id, created_at, last_read_at, updated_at, user_id, id) 
    values
        (?, ?, ?, ?, ?, ?)
25-05-20 14:47:56.200 [Test worker] TRACE org.hibernate.orm.jdbc.bind          [ |  | ] - binding parameter (1:UUID) <- [a5f7b0d7-2b47-45e4-bb51-6e99368919a0]
25-05-20 14:47:56.223 [Test worker] TRACE org.hibernate.orm.jdbc.bind          [ |  | ] - binding parameter (2:TIMESTAMP_UTC) <- [2025-05-20T05:47:56.160122Z]
25-05-20 14:47:56.224 [Test worker] TRACE org.hibernate.orm.jdbc.bind          [ |  | ] - binding parameter (3:TIMESTAMP_UTC) <- [2025-05-20T05:47:56.159887Z]
25-05-20 14:47:56.225 [Test worker] TRACE org.hibernate.orm.jdbc.bind          [ |  | ] - binding parameter (4:TIMESTAMP_UTC) <- [2025-05-20T05:47:56.160122Z]
25-05-20 14:47:56.225 [Test worker] TRACE org.hibernate.orm.jdbc.bind          [ |  | ] - binding parameter (5:UUID) <- [cd305a06-0fd4-4f29-a37f-0f9c44bc4beb]
25-05-20 14:47:56.225 [Test worker] TRACE org.hibernate.orm.jdbc.bind          [ |  | ] - binding parameter (6:UUID) <- [9156f3cb-79a1-47c7-9f2b-f32bf66bd3c6]
25-05-20 14:47:56.238 [Test worker] DEBUG org.hibernate.SQL                    [ |  | ] - 
    select
        rs1_0.id 
    from
        read_statuses rs1_0 
    where
        rs1_0.user_id=? 
        and rs1_0.channel_id=? 
    fetch
        first ? rows only
25-05-20 14:47:56.243 [Test worker] TRACE org.hibernate.orm.jdbc.bind          [ |  | ] - binding parameter (1:UUID) <- [cd305a06-0fd4-4f29-a37f-0f9c44bc4beb]
25-05-20 14:47:56.243 [Test worker] TRACE org.hibernate.orm.jdbc.bind          [ |  | ] - binding parameter (2:UUID) <- [a5f7b0d7-2b47-45e4-bb51-6e99368919a0]
25-05-20 14:47:56.244 [Test worker] TRACE org.hibernate.orm.jdbc.bind          [ |  | ] - binding parameter (3:INTEGER) <- [1]
25-05-20 14:47:56.287 [Test worker] DEBUG org.hibernate.SQL                    [ |  | ] - 
    insert 
    into
        binary_contents
        (content_type, created_at, file_name, size, id) 
    values
        (?, ?, ?, ?, ?)
25-05-20 14:47:56.290 [Test worker] TRACE org.hibernate.orm.jdbc.bind          [ |  | ] - binding parameter (1:VARCHAR) <- [image/jpeg]
25-05-20 14:47:56.290 [Test worker] TRACE org.hibernate.orm.jdbc.bind          [ |  | ] - binding parameter (2:TIMESTAMP_UTC) <- [2025-05-20T05:47:56.277449Z]
25-05-20 14:47:56.291 [Test worker] TRACE org.hibernate.orm.jdbc.bind          [ |  | ] - binding parameter (3:VARCHAR) <- [profile.jpg]
25-05-20 14:47:56.291 [Test worker] TRACE org.hibernate.orm.jdbc.bind          [ |  | ] - binding parameter (4:BIGINT) <- [1024]
25-05-20 14:47:56.291 [Test worker] TRACE org.hibernate.orm.jdbc.bind          [ |  | ] - binding parameter (5:UUID) <- [8f5117c8-df55-46f9-be75-6c0a0f699f98]
25-05-20 14:47:56.293 [Test worker] DEBUG org.hibernate.SQL                    [ |  | ] - 
    insert 
    into
        users
        (created_at, email, password, profile_id, updated_at, username, id) 
    values
        (?, ?, ?, ?, ?, ?, ?)
25-05-20 14:47:56.294 [Test worker] TRACE org.hibernate.orm.jdbc.bind          [ |  | ] - binding parameter (1:TIMESTAMP_UTC) <- [2025-05-20T05:47:56.277130Z]
25-05-20 14:47:56.295 [Test worker] TRACE org.hibernate.orm.jdbc.bind          [ |  | ] - binding parameter (2:VARCHAR) <- [user1@example.com]
25-05-20 14:47:56.295 [Test worker] TRACE org.hibernate.orm.jdbc.bind          [ |  | ] - binding parameter (3:VARCHAR) <- [password123!@#]
25-05-20 14:47:56.295 [Test worker] TRACE org.hibernate.orm.jdbc.bind          [ |  | ] - binding parameter (4:UUID) <- [8f5117c8-df55-46f9-be75-6c0a0f699f98]
25-05-20 14:47:56.295 [Test worker] TRACE org.hibernate.orm.jdbc.bind          [ |  | ] - binding parameter (5:TIMESTAMP_UTC) <- [2025-05-20T05:47:56.277130Z]
25-05-20 14:47:56.295 [Test worker] TRACE org.hibernate.orm.jdbc.bind          [ |  | ] - binding parameter (6:VARCHAR) <- [user1]
25-05-20 14:47:56.295 [Test worker] TRACE org.hibernate.orm.jdbc.bind          [ |  | ] - binding parameter (7:UUID) <- [4c022009-386b-4753-b9bd-3f2ac9926fa9]
25-05-20 14:47:56.296 [Test worker] DEBUG org.hibernate.SQL                    [ |  | ] - 
    insert 
    into
        user_statuses
        (created_at, last_active_at, updated_at, user_id, id) 
    values
        (?, ?, ?, ?, ?)
25-05-20 14:47:56.297 [Test worker] TRACE org.hibernate.orm.jdbc.bind          [ |  | ] - binding parameter (1:TIMESTAMP_UTC) <- [2025-05-20T05:47:56.277994Z]
25-05-20 14:47:56.298 [Test worker] TRACE org.hibernate.orm.jdbc.bind          [ |  | ] - binding parameter (2:TIMESTAMP_UTC) <- [2025-05-20T05:47:56.276698Z]
25-05-20 14:47:56.299 [Test worker] TRACE org.hibernate.orm.jdbc.bind          [ |  | ] - binding parameter (3:TIMESTAMP_UTC) <- [2025-05-20T05:47:56.277994Z]
25-05-20 14:47:56.300 [Test worker] TRACE org.hibernate.orm.jdbc.bind          [ |  | ] - binding parameter (4:UUID) <- [4c022009-386b-4753-b9bd-3f2ac9926fa9]
25-05-20 14:47:56.300 [Test worker] TRACE org.hibernate.orm.jdbc.bind          [ |  | ] - binding parameter (5:UUID) <- [5496e503-6426-4bee-ba09-b4942adcc358]
25-05-20 14:47:56.301 [Test worker] DEBUG org.hibernate.SQL                    [ |  | ] - 
    insert 
    into
        binary_contents
        (content_type, created_at, file_name, size, id) 
    values
        (?, ?, ?, ?, ?)
25-05-20 14:47:56.302 [Test worker] TRACE org.hibernate.orm.jdbc.bind          [ |  | ] - binding parameter (1:VARCHAR) <- [image/jpeg]
25-05-20 14:47:56.302 [Test worker] TRACE org.hibernate.orm.jdbc.bind          [ |  | ] - binding parameter (2:TIMESTAMP_UTC) <- [2025-05-20T05:47:56.283138Z]
25-05-20 14:47:56.302 [Test worker] TRACE org.hibernate.orm.jdbc.bind          [ |  | ] - binding parameter (3:VARCHAR) <- [profile.jpg]
25-05-20 14:47:56.302 [Test worker] TRACE org.hibernate.orm.jdbc.bind          [ |  | ] - binding parameter (4:BIGINT) <- [1024]
25-05-20 14:47:56.302 [Test worker] TRACE org.hibernate.orm.jdbc.bind          [ |  | ] - binding parameter (5:UUID) <- [faa85845-87a7-4b96-aca9-9af9f0b5e957]
25-05-20 14:47:56.304 [Test worker] DEBUG org.hibernate.SQL                    [ |  | ] - 
    insert 
    into
        users
        (created_at, email, password, profile_id, updated_at, username, id) 
    values
        (?, ?, ?, ?, ?, ?, ?)
25-05-20 14:47:56.305 [Test worker] TRACE org.hibernate.orm.jdbc.bind          [ |  | ] - binding parameter (1:TIMESTAMP_UTC) <- [2025-05-20T05:47:56.282282Z]
25-05-20 14:47:56.305 [Test worker] TRACE org.hibernate.orm.jdbc.bind          [ |  | ] - binding parameter (2:VARCHAR) <- [user2@example.com]
25-05-20 14:47:56.305 [Test worker] TRACE org.hibernate.orm.jdbc.bind          [ |  | ] - binding parameter (3:VARCHAR) <- [password123!@#]
25-05-20 14:47:56.305 [Test worker] TRACE org.hibernate.orm.jdbc.bind          [ |  | ] - binding parameter (4:UUID) <- [faa85845-87a7-4b96-aca9-9af9f0b5e957]
25-05-20 14:47:56.305 [Test worker] TRACE org.hibernate.orm.jdbc.bind          [ |  | ] - binding parameter (5:TIMESTAMP_UTC) <- [2025-05-20T05:47:56.282282Z]
25-05-20 14:47:56.305 [Test worker] TRACE org.hibernate.orm.jdbc.bind          [ |  | ] - binding parameter (6:VARCHAR) <- [user2]
25-05-20 14:47:56.305 [Test worker] TRACE org.hibernate.orm.jdbc.bind          [ |  | ] - binding parameter (7:UUID) <- [770c22df-87b2-4451-abc2-23b0b349a48c]
25-05-20 14:47:56.306 [Test worker] DEBUG org.hibernate.SQL                    [ |  | ] - 
    insert 
    into
        user_statuses
        (created_at, last_active_at, updated_at, user_id, id) 
    values
        (?, ?, ?, ?, ?)
25-05-20 14:47:56.308 [Test worker] TRACE org.hibernate.orm.jdbc.bind          [ |  | ] - binding parameter (1:TIMESTAMP_UTC) <- [2025-05-20T05:47:56.283474Z]
25-05-20 14:47:56.308 [Test worker] TRACE org.hibernate.orm.jdbc.bind          [ |  | ] - binding parameter (2:TIMESTAMP_UTC) <- [2025-05-20T05:47:56.279121Z]
25-05-20 14:47:56.308 [Test worker] TRACE org.hibernate.orm.jdbc.bind          [ |  | ] - binding parameter (3:TIMESTAMP_UTC) <- [2025-05-20T05:47:56.283474Z]
25-05-20 14:47:56.308 [Test worker] TRACE org.hibernate.orm.jdbc.bind          [ |  | ] - binding parameter (4:UUID) <- [770c22df-87b2-4451-abc2-23b0b349a48c]
25-05-20 14:47:56.308 [Test worker] TRACE org.hibernate.orm.jdbc.bind          [ |  | ] - binding parameter (5:UUID) <- [a4985a9b-adf5-4e9e-8d5f-e5ef9bdb1c66]
25-05-20 14:47:56.309 [Test worker] DEBUG org.hibernate.SQL                    [ |  | ] - 
    insert 
    into
        channels
        (created_at, description, name, type, updated_at, id) 
    values
        (?, ?, ?, ?, ?, ?)
25-05-20 14:47:56.310 [Test worker] TRACE org.hibernate.orm.jdbc.bind          [ |  | ] - binding parameter (1:TIMESTAMP_UTC) <- [2025-05-20T05:47:56.284291Z]
25-05-20 14:47:56.310 [Test worker] TRACE org.hibernate.orm.jdbc.bind          [ |  | ] - binding parameter (2:VARCHAR) <- [설명: 공개채널]
25-05-20 14:47:56.310 [Test worker] TRACE org.hibernate.orm.jdbc.bind          [ |  | ] - binding parameter (3:VARCHAR) <- [공개채널]
25-05-20 14:47:56.311 [Test worker] TRACE org.hibernate.orm.jdbc.bind          [ |  | ] - binding parameter (4:ENUM) <- [PUBLIC]
25-05-20 14:47:56.311 [Test worker] TRACE org.hibernate.orm.jdbc.bind          [ |  | ] - binding parameter (5:TIMESTAMP_UTC) <- [2025-05-20T05:47:56.284291Z]
25-05-20 14:47:56.311 [Test worker] TRACE org.hibernate.orm.jdbc.bind          [ |  | ] - binding parameter (6:UUID) <- [20265aab-5763-4db2-b5b1-e65a1c39dcf8]
25-05-20 14:47:56.312 [Test worker] DEBUG org.hibernate.SQL                    [ |  | ] - 
    insert 
    into
        read_statuses
        (channel_id, created_at, last_read_at, updated_at, user_id, id) 
    values
        (?, ?, ?, ?, ?, ?)
25-05-20 14:47:56.313 [Test worker] TRACE org.hibernate.orm.jdbc.bind          [ |  | ] - binding parameter (1:UUID) <- [20265aab-5763-4db2-b5b1-e65a1c39dcf8]
25-05-20 14:47:56.313 [Test worker] TRACE org.hibernate.orm.jdbc.bind          [ |  | ] - binding parameter (2:TIMESTAMP_UTC) <- [2025-05-20T05:47:56.284835Z]
25-05-20 14:47:56.313 [Test worker] TRACE org.hibernate.orm.jdbc.bind          [ |  | ] - binding parameter (3:TIMESTAMP_UTC) <- [2025-05-19T05:47:56.284494Z]
25-05-20 14:47:56.313 [Test worker] TRACE org.hibernate.orm.jdbc.bind          [ |  | ] - binding parameter (4:TIMESTAMP_UTC) <- [2025-05-20T05:47:56.284835Z]
25-05-20 14:47:56.313 [Test worker] TRACE org.hibernate.orm.jdbc.bind          [ |  | ] - binding parameter (5:UUID) <- [4c022009-386b-4753-b9bd-3f2ac9926fa9]
25-05-20 14:47:56.313 [Test worker] TRACE org.hibernate.orm.jdbc.bind          [ |  | ] - binding parameter (6:UUID) <- [cc461c63-192a-45ac-a97b-1ebd52a9a5e6]
25-05-20 14:47:56.314 [Test worker] DEBUG org.hibernate.SQL                    [ |  | ] - 
    insert 
    into
        read_statuses
        (channel_id, created_at, last_read_at, updated_at, user_id, id) 
    values
        (?, ?, ?, ?, ?, ?)
25-05-20 14:47:56.317 [Test worker] TRACE org.hibernate.orm.jdbc.bind          [ |  | ] - binding parameter (1:UUID) <- [20265aab-5763-4db2-b5b1-e65a1c39dcf8]
25-05-20 14:47:56.317 [Test worker] TRACE org.hibernate.orm.jdbc.bind          [ |  | ] - binding parameter (2:TIMESTAMP_UTC) <- [2025-05-20T05:47:56.285688Z]
25-05-20 14:47:56.317 [Test worker] TRACE org.hibernate.orm.jdbc.bind          [ |  | ] - binding parameter (3:TIMESTAMP_UTC) <- [2025-05-20T05:47:56.284494Z]
25-05-20 14:47:56.317 [Test worker] TRACE org.hibernate.orm.jdbc.bind          [ |  | ] - binding parameter (4:TIMESTAMP_UTC) <- [2025-05-20T05:47:56.285688Z]
25-05-20 14:47:56.317 [Test worker] TRACE org.hibernate.orm.jdbc.bind          [ |  | ] - binding parameter (5:UUID) <- [770c22df-87b2-4451-abc2-23b0b349a48c]
25-05-20 14:47:56.317 [Test worker] TRACE org.hibernate.orm.jdbc.bind          [ |  | ] - binding parameter (6:UUID) <- [9a7fab6b-491a-4e2c-b83a-ad753fc81b32]
25-05-20 14:47:56.322 [Test worker] DEBUG org.hibernate.SQL                    [ |  | ] - 
    select
        rs1_0.id,
        rs1_0.channel_id,
        rs1_0.created_at,
        rs1_0.last_read_at,
        rs1_0.updated_at,
        rs1_0.user_id,
        u1_0.id,
        u1_0.created_at,
        u1_0.email,
        u1_0.password,
        p1_0.id,
        p1_0.content_type,
        p1_0.created_at,
        p1_0.file_name,
        p1_0.size,
        s1_0.id,
        s1_0.created_at,
        s1_0.last_active_at,
        s1_0.updated_at,
        s1_0.user_id,
        u1_0.updated_at,
        u1_0.username 
    from
        read_statuses rs1_0 
    join
        users u1_0 
            on u1_0.id=rs1_0.user_id 
    join
        user_statuses s1_0 
            on u1_0.id=s1_0.user_id 
    left join
        binary_contents p1_0 
            on p1_0.id=u1_0.profile_id 
    where
        rs1_0.channel_id=?
25-05-20 14:47:56.324 [Test worker] TRACE org.hibernate.orm.jdbc.bind          [ |  | ] - binding parameter (1:UUID) <- [20265aab-5763-4db2-b5b1-e65a1c39dcf8]
25-05-20 14:47:56.342 [Test worker] INFO  o.s.t.c.s.AnnotationConfigContextLoaderUtils [ |  | ] - Could not detect default configuration classes for test class [com.sprint.mission.discodeit.repository.UserRepositoryTest]: UserRepositoryTest does not declare any static, non-private, non-final, nested classes annotated with @Configuration.
25-05-20 14:47:56.348 [Test worker] INFO  o.s.b.t.c.SpringBootTestContextBootstrapper [ |  | ] - Found @SpringBootConfiguration com.sprint.mission.discodeit.DiscodeitApplication for test class com.sprint.mission.discodeit.repository.UserRepositoryTest
25-05-20 14:47:56.372 [Test worker] DEBUG org.hibernate.SQL                    [ |  | ] - 
    insert 
    into
        binary_contents
        (content_type, created_at, file_name, size, id) 
    values
        (?, ?, ?, ?, ?)
25-05-20 14:47:56.373 [Test worker] TRACE org.hibernate.orm.jdbc.bind          [ |  | ] - binding parameter (1:VARCHAR) <- [image/jpeg]
25-05-20 14:47:56.373 [Test worker] TRACE org.hibernate.orm.jdbc.bind          [ |  | ] - binding parameter (2:TIMESTAMP_UTC) <- [2025-05-20T05:47:56.371073Z]
25-05-20 14:47:56.373 [Test worker] TRACE org.hibernate.orm.jdbc.bind          [ |  | ] - binding parameter (3:VARCHAR) <- [profile.jpg]
25-05-20 14:47:56.374 [Test worker] TRACE org.hibernate.orm.jdbc.bind          [ |  | ] - binding parameter (4:BIGINT) <- [1024]
25-05-20 14:47:56.374 [Test worker] TRACE org.hibernate.orm.jdbc.bind          [ |  | ] - binding parameter (5:UUID) <- [1dab5cb2-2be4-4c96-a8dd-ddaaa0f0c7fb]
25-05-20 14:47:56.376 [Test worker] DEBUG org.hibernate.SQL                    [ |  | ] - 
    insert 
    into
        users
        (created_at, email, password, profile_id, updated_at, username, id) 
    values
        (?, ?, ?, ?, ?, ?, ?)
25-05-20 14:47:56.377 [Test worker] TRACE org.hibernate.orm.jdbc.bind          [ |  | ] - binding parameter (1:TIMESTAMP_UTC) <- [2025-05-20T05:47:56.370699Z]
25-05-20 14:47:56.377 [Test worker] TRACE org.hibernate.orm.jdbc.bind          [ |  | ] - binding parameter (2:VARCHAR) <- [test@example.com]
25-05-20 14:47:56.377 [Test worker] TRACE org.hibernate.orm.jdbc.bind          [ |  | ] - binding parameter (3:VARCHAR) <- [password123!@#]
25-05-20 14:47:56.377 [Test worker] TRACE org.hibernate.orm.jdbc.bind          [ |  | ] - binding parameter (4:UUID) <- [1dab5cb2-2be4-4c96-a8dd-ddaaa0f0c7fb]
25-05-20 14:47:56.378 [Test worker] TRACE org.hibernate.orm.jdbc.bind          [ |  | ] - binding parameter (5:TIMESTAMP_UTC) <- [2025-05-20T05:47:56.370699Z]
25-05-20 14:47:56.378 [Test worker] TRACE org.hibernate.orm.jdbc.bind          [ |  | ] - binding parameter (6:VARCHAR) <- [testUser]
25-05-20 14:47:56.378 [Test worker] TRACE org.hibernate.orm.jdbc.bind          [ |  | ] - binding parameter (7:UUID) <- [b8223452-e81d-4229-9480-3d8b4bfdfa84]
25-05-20 14:47:56.379 [Test worker] DEBUG org.hibernate.SQL                    [ |  | ] - 
    insert 
    into
        user_statuses
        (created_at, last_active_at, updated_at, user_id, id) 
    values
        (?, ?, ?, ?, ?)
25-05-20 14:47:56.380 [Test worker] TRACE org.hibernate.orm.jdbc.bind          [ |  | ] - binding parameter (1:TIMESTAMP_UTC) <- [2025-05-20T05:47:56.371953Z]
25-05-20 14:47:56.380 [Test worker] TRACE org.hibernate.orm.jdbc.bind          [ |  | ] - binding parameter (2:TIMESTAMP_UTC) <- [2025-05-20T05:47:56.369036Z]
25-05-20 14:47:56.380 [Test worker] TRACE org.hibernate.orm.jdbc.bind          [ |  | ] - binding parameter (3:TIMESTAMP_UTC) <- [2025-05-20T05:47:56.371953Z]
25-05-20 14:47:56.380 [Test worker] TRACE org.hibernate.orm.jdbc.bind          [ |  | ] - binding parameter (4:UUID) <- [b8223452-e81d-4229-9480-3d8b4bfdfa84]
25-05-20 14:47:56.380 [Test worker] TRACE org.hibernate.orm.jdbc.bind          [ |  | ] - binding parameter (5:UUID) <- [1670fa7d-63b3-4de2-a65a-36af679b0028]
25-05-20 14:47:56.385 [Test worker] DEBUG org.hibernate.SQL                    [ |  | ] - 
    select
        u1_0.id,
        u1_0.created_at,
        u1_0.email,
        u1_0.password,
        u1_0.profile_id,
        u1_0.updated_at,
        u1_0.username 
    from
        users u1_0 
    where
        u1_0.username=?
25-05-20 14:47:56.388 [Test worker] TRACE org.hibernate.orm.jdbc.bind          [ |  | ] - binding parameter (1:VARCHAR) <- [testUser]
25-05-20 14:47:56.413 [Test worker] DEBUG org.hibernate.SQL                    [ |  | ] - 
    select
        us1_0.id,
        us1_0.created_at,
        us1_0.last_active_at,
        us1_0.updated_at,
        us1_0.user_id 
    from
        user_statuses us1_0 
    where
        us1_0.user_id=?
25-05-20 14:47:56.415 [Test worker] TRACE org.hibernate.orm.jdbc.bind          [ |  | ] - binding parameter (1:UUID) <- [b8223452-e81d-4229-9480-3d8b4bfdfa84]
25-05-20 14:47:56.475 [Test worker] DEBUG org.hibernate.SQL                    [ |  | ] - 
    select
        u1_0.id 
    from
        users u1_0 
    where
        u1_0.email=? 
    fetch
        first ? rows only
25-05-20 14:47:56.483 [Test worker] TRACE org.hibernate.orm.jdbc.bind          [ |  | ] - binding parameter (1:VARCHAR) <- [nonexisting@example.com]
25-05-20 14:47:56.484 [Test worker] TRACE org.hibernate.orm.jdbc.bind          [ |  | ] - binding parameter (2:INTEGER) <- [1]
25-05-20 14:47:56.710 [Test worker] DEBUG org.hibernate.SQL                    [ |  | ] - 
    insert 
    into
        binary_contents
        (content_type, created_at, file_name, size, id) 
    values
        (?, ?, ?, ?, ?)
25-05-20 14:47:56.711 [Test worker] TRACE org.hibernate.orm.jdbc.bind          [ |  | ] - binding parameter (1:VARCHAR) <- [image/jpeg]
25-05-20 14:47:56.711 [Test worker] TRACE org.hibernate.orm.jdbc.bind          [ |  | ] - binding parameter (2:TIMESTAMP_UTC) <- [2025-05-20T05:47:56.698054Z]
25-05-20 14:47:56.712 [Test worker] TRACE org.hibernate.orm.jdbc.bind          [ |  | ] - binding parameter (3:VARCHAR) <- [profile.jpg]
25-05-20 14:47:56.712 [Test worker] TRACE org.hibernate.orm.jdbc.bind          [ |  | ] - binding parameter (4:BIGINT) <- [1024]
25-05-20 14:47:56.712 [Test worker] TRACE org.hibernate.orm.jdbc.bind          [ |  | ] - binding parameter (5:UUID) <- [83d3ccfb-d093-4942-bb87-af238bb3cbe8]
25-05-20 14:47:56.715 [Test worker] DEBUG org.hibernate.SQL                    [ |  | ] - 
    insert 
    into
        users
        (created_at, email, password, profile_id, updated_at, username, id) 
    values
        (?, ?, ?, ?, ?, ?, ?)
25-05-20 14:47:56.717 [Test worker] TRACE org.hibernate.orm.jdbc.bind          [ |  | ] - binding parameter (1:TIMESTAMP_UTC) <- [2025-05-20T05:47:56.697024Z]
25-05-20 14:47:56.717 [Test worker] TRACE org.hibernate.orm.jdbc.bind          [ |  | ] - binding parameter (2:VARCHAR) <- [test@example.com]
25-05-20 14:47:56.717 [Test worker] TRACE org.hibernate.orm.jdbc.bind          [ |  | ] - binding parameter (3:VARCHAR) <- [password123!@#]
25-05-20 14:47:56.718 [Test worker] TRACE org.hibernate.orm.jdbc.bind          [ |  | ] - binding parameter (4:UUID) <- [83d3ccfb-d093-4942-bb87-af238bb3cbe8]
25-05-20 14:47:56.718 [Test worker] TRACE org.hibernate.orm.jdbc.bind          [ |  | ] - binding parameter (5:TIMESTAMP_UTC) <- [2025-05-20T05:47:56.697024Z]
25-05-20 14:47:56.718 [Test worker] TRACE org.hibernate.orm.jdbc.bind          [ |  | ] - binding parameter (6:VARCHAR) <- [testUser]
25-05-20 14:47:56.719 [Test worker] TRACE org.hibernate.orm.jdbc.bind          [ |  | ] - binding parameter (7:UUID) <- [887d3853-f717-4de9-8f87-70f7aefce3ce]
25-05-20 14:47:56.720 [Test worker] DEBUG org.hibernate.SQL                    [ |  | ] - 
    insert 
    into
        user_statuses
        (created_at, last_active_at, updated_at, user_id, id) 
    values
        (?, ?, ?, ?, ?)
25-05-20 14:47:56.720 [Test worker] TRACE org.hibernate.orm.jdbc.bind          [ |  | ] - binding parameter (1:TIMESTAMP_UTC) <- [2025-05-20T05:47:56.698380Z]
25-05-20 14:47:56.721 [Test worker] TRACE org.hibernate.orm.jdbc.bind          [ |  | ] - binding parameter (2:TIMESTAMP_UTC) <- [2025-05-20T05:47:56.691182Z]
25-05-20 14:47:56.721 [Test worker] TRACE org.hibernate.orm.jdbc.bind          [ |  | ] - binding parameter (3:TIMESTAMP_UTC) <- [2025-05-20T05:47:56.698380Z]
25-05-20 14:47:56.721 [Test worker] TRACE org.hibernate.orm.jdbc.bind          [ |  | ] - binding parameter (4:UUID) <- [887d3853-f717-4de9-8f87-70f7aefce3ce]
25-05-20 14:47:56.721 [Test worker] TRACE org.hibernate.orm.jdbc.bind          [ |  | ] - binding parameter (5:UUID) <- [fb626efb-ee80-4e9b-95e1-657d8ba9d5ab]
25-05-20 14:47:56.724 [Test worker] DEBUG org.hibernate.SQL                    [ |  | ] - 
    select
        u1_0.id 
    from
        users u1_0 
    where
        u1_0.email=? 
    fetch
        first ? rows only
25-05-20 14:47:56.726 [Test worker] TRACE org.hibernate.orm.jdbc.bind          [ |  | ] - binding parameter (1:VARCHAR) <- [test@example.com]
25-05-20 14:47:56.726 [Test worker] TRACE org.hibernate.orm.jdbc.bind          [ |  | ] - binding parameter (2:INTEGER) <- [1]
25-05-20 14:47:56.795 [Test worker] DEBUG org.hibernate.SQL                    [ |  | ] - 
    insert 
    into
        binary_contents
        (content_type, created_at, file_name, size, id) 
    values
        (?, ?, ?, ?, ?)
25-05-20 14:47:56.797 [Test worker] TRACE org.hibernate.orm.jdbc.bind          [ |  | ] - binding parameter (1:VARCHAR) <- [image/jpeg]
25-05-20 14:47:56.797 [Test worker] TRACE org.hibernate.orm.jdbc.bind          [ |  | ] - binding parameter (2:TIMESTAMP_UTC) <- [2025-05-20T05:47:56.791948Z]
25-05-20 14:47:56.797 [Test worker] TRACE org.hibernate.orm.jdbc.bind          [ |  | ] - binding parameter (3:VARCHAR) <- [profile.jpg]
25-05-20 14:47:56.797 [Test worker] TRACE org.hibernate.orm.jdbc.bind          [ |  | ] - binding parameter (4:BIGINT) <- [1024]
25-05-20 14:47:56.797 [Test worker] TRACE org.hibernate.orm.jdbc.bind          [ |  | ] - binding parameter (5:UUID) <- [97f1e7f1-0699-45a0-b959-8cae5de5cd38]
25-05-20 14:47:56.799 [Test worker] DEBUG org.hibernate.SQL                    [ |  | ] - 
    insert 
    into
        users
        (created_at, email, password, profile_id, updated_at, username, id) 
    values
        (?, ?, ?, ?, ?, ?, ?)
25-05-20 14:47:56.800 [Test worker] TRACE org.hibernate.orm.jdbc.bind          [ |  | ] - binding parameter (1:TIMESTAMP_UTC) <- [2025-05-20T05:47:56.791727Z]
25-05-20 14:47:56.800 [Test worker] TRACE org.hibernate.orm.jdbc.bind          [ |  | ] - binding parameter (2:VARCHAR) <- [user1@example.com]
25-05-20 14:47:56.800 [Test worker] TRACE org.hibernate.orm.jdbc.bind          [ |  | ] - binding parameter (3:VARCHAR) <- [password123!@#]
25-05-20 14:47:56.800 [Test worker] TRACE org.hibernate.orm.jdbc.bind          [ |  | ] - binding parameter (4:UUID) <- [97f1e7f1-0699-45a0-b959-8cae5de5cd38]
25-05-20 14:47:56.801 [Test worker] TRACE org.hibernate.orm.jdbc.bind          [ |  | ] - binding parameter (5:TIMESTAMP_UTC) <- [2025-05-20T05:47:56.791727Z]
25-05-20 14:47:56.801 [Test worker] TRACE org.hibernate.orm.jdbc.bind          [ |  | ] - binding parameter (6:VARCHAR) <- [user1]
25-05-20 14:47:56.801 [Test worker] TRACE org.hibernate.orm.jdbc.bind          [ |  | ] - binding parameter (7:UUID) <- [5ae3f10d-38b8-49c4-9bdc-2daecb138785]
25-05-20 14:47:56.802 [Test worker] DEBUG org.hibernate.SQL                    [ |  | ] - 
    insert 
    into
        user_statuses
        (created_at, last_active_at, updated_at, user_id, id) 
    values
        (?, ?, ?, ?, ?)
25-05-20 14:47:56.802 [Test worker] TRACE org.hibernate.orm.jdbc.bind          [ |  | ] - binding parameter (1:TIMESTAMP_UTC) <- [2025-05-20T05:47:56.792182Z]
25-05-20 14:47:56.802 [Test worker] TRACE org.hibernate.orm.jdbc.bind          [ |  | ] - binding parameter (2:TIMESTAMP_UTC) <- [2025-05-20T05:47:56.790950Z]
25-05-20 14:47:56.802 [Test worker] TRACE org.hibernate.orm.jdbc.bind          [ |  | ] - binding parameter (3:TIMESTAMP_UTC) <- [2025-05-20T05:47:56.792182Z]
25-05-20 14:47:56.802 [Test worker] TRACE org.hibernate.orm.jdbc.bind          [ |  | ] - binding parameter (4:UUID) <- [5ae3f10d-38b8-49c4-9bdc-2daecb138785]
25-05-20 14:47:56.802 [Test worker] TRACE org.hibernate.orm.jdbc.bind          [ |  | ] - binding parameter (5:UUID) <- [1dd43cae-22c1-4174-abf5-91282e627be2]
25-05-20 14:47:56.803 [Test worker] DEBUG org.hibernate.SQL                    [ |  | ] - 
    insert 
    into
        binary_contents
        (content_type, created_at, file_name, size, id) 
    values
        (?, ?, ?, ?, ?)
25-05-20 14:47:56.803 [Test worker] TRACE org.hibernate.orm.jdbc.bind          [ |  | ] - binding parameter (1:VARCHAR) <- [image/jpeg]
25-05-20 14:47:56.803 [Test worker] TRACE org.hibernate.orm.jdbc.bind          [ |  | ] - binding parameter (2:TIMESTAMP_UTC) <- [2025-05-20T05:47:56.792648Z]
25-05-20 14:47:56.804 [Test worker] TRACE org.hibernate.orm.jdbc.bind          [ |  | ] - binding parameter (3:VARCHAR) <- [profile.jpg]
25-05-20 14:47:56.804 [Test worker] TRACE org.hibernate.orm.jdbc.bind          [ |  | ] - binding parameter (4:BIGINT) <- [1024]
25-05-20 14:47:56.804 [Test worker] TRACE org.hibernate.orm.jdbc.bind          [ |  | ] - binding parameter (5:UUID) <- [9b3d96c5-aba9-43c7-b306-30b16ad35d27]
25-05-20 14:47:56.806 [Test worker] DEBUG org.hibernate.SQL                    [ |  | ] - 
    insert 
    into
        users
        (created_at, email, password, profile_id, updated_at, username, id) 
    values
        (?, ?, ?, ?, ?, ?, ?)
25-05-20 14:47:56.806 [Test worker] TRACE org.hibernate.orm.jdbc.bind          [ |  | ] - binding parameter (1:TIMESTAMP_UTC) <- [2025-05-20T05:47:56.792361Z]
25-05-20 14:47:56.807 [Test worker] TRACE org.hibernate.orm.jdbc.bind          [ |  | ] - binding parameter (2:VARCHAR) <- [user2@example.com]
25-05-20 14:47:56.807 [Test worker] TRACE org.hibernate.orm.jdbc.bind          [ |  | ] - binding parameter (3:VARCHAR) <- [password123!@#]
25-05-20 14:47:56.807 [Test worker] TRACE org.hibernate.orm.jdbc.bind          [ |  | ] - binding parameter (4:UUID) <- [9b3d96c5-aba9-43c7-b306-30b16ad35d27]
25-05-20 14:47:56.807 [Test worker] TRACE org.hibernate.orm.jdbc.bind          [ |  | ] - binding parameter (5:TIMESTAMP_UTC) <- [2025-05-20T05:47:56.792361Z]
25-05-20 14:47:56.807 [Test worker] TRACE org.hibernate.orm.jdbc.bind          [ |  | ] - binding parameter (6:VARCHAR) <- [user2]
25-05-20 14:47:56.807 [Test worker] TRACE org.hibernate.orm.jdbc.bind          [ |  | ] - binding parameter (7:UUID) <- [6adf21af-520e-467c-aa0e-351228fb923d]
25-05-20 14:47:56.808 [Test worker] DEBUG org.hibernate.SQL                    [ |  | ] - 
    insert 
    into
        user_statuses
        (created_at, last_active_at, updated_at, user_id, id) 
    values
        (?, ?, ?, ?, ?)
25-05-20 14:47:56.808 [Test worker] TRACE org.hibernate.orm.jdbc.bind          [ |  | ] - binding parameter (1:TIMESTAMP_UTC) <- [2025-05-20T05:47:56.792836Z]
25-05-20 14:47:56.808 [Test worker] TRACE org.hibernate.orm.jdbc.bind          [ |  | ] - binding parameter (2:TIMESTAMP_UTC) <- [2025-05-20T05:47:56.790957Z]
25-05-20 14:47:56.809 [Test worker] TRACE org.hibernate.orm.jdbc.bind          [ |  | ] - binding parameter (3:TIMESTAMP_UTC) <- [2025-05-20T05:47:56.792836Z]
25-05-20 14:47:56.809 [Test worker] TRACE org.hibernate.orm.jdbc.bind          [ |  | ] - binding parameter (4:UUID) <- [6adf21af-520e-467c-aa0e-351228fb923d]
25-05-20 14:47:56.809 [Test worker] TRACE org.hibernate.orm.jdbc.bind          [ |  | ] - binding parameter (5:UUID) <- [6f7efdb5-40f4-4998-86c3-0b38f2416acd]
25-05-20 14:47:56.812 [Test worker] DEBUG org.hibernate.SQL                    [ |  | ] - 
    select
        u1_0.id,
        u1_0.created_at,
        u1_0.email,
        u1_0.password,
        p1_0.id,
        p1_0.content_type,
        p1_0.created_at,
        p1_0.file_name,
        p1_0.size,
        s1_0.id,
        s1_0.created_at,
        s1_0.last_active_at,
        s1_0.updated_at,
        s1_0.user_id,
        u1_0.updated_at,
        u1_0.username 
    from
        users u1_0 
    left join
        binary_contents p1_0 
            on p1_0.id=u1_0.profile_id 
    join
        user_statuses s1_0 
            on u1_0.id=s1_0.user_id
25-05-20 14:47:56.849 [Test worker] DEBUG org.hibernate.SQL                    [ |  | ] - 
    select
        u1_0.id,
        u1_0.created_at,
        u1_0.email,
        u1_0.password,
        u1_0.profile_id,
        u1_0.updated_at,
        u1_0.username 
    from
        users u1_0 
    where
        u1_0.username=?
25-05-20 14:47:56.850 [Test worker] TRACE org.hibernate.orm.jdbc.bind          [ |  | ] - binding parameter (1:VARCHAR) <- [nonExistingUser]
25-05-20 14:47:56.863 [Test worker] INFO  o.s.t.c.s.AnnotationConfigContextLoaderUtils [ |  | ] - Could not detect default configuration classes for test class [com.sprint.mission.discodeit.repository.UserStatusRepositoryTest]: UserStatusRepositoryTest does not declare any static, non-private, non-final, nested classes annotated with @Configuration.
25-05-20 14:47:56.871 [Test worker] INFO  o.s.b.t.c.SpringBootTestContextBootstrapper [ |  | ] - Found @SpringBootConfiguration com.sprint.mission.discodeit.DiscodeitApplication for test class com.sprint.mission.discodeit.repository.UserStatusRepositoryTest
25-05-20 14:47:56.893 [Test worker] DEBUG org.hibernate.SQL                    [ |  | ] - 
    insert 
    into
        binary_contents
        (content_type, created_at, file_name, size, id) 
    values
        (?, ?, ?, ?, ?)
25-05-20 14:47:56.894 [Test worker] TRACE org.hibernate.orm.jdbc.bind          [ |  | ] - binding parameter (1:VARCHAR) <- [image/jpeg]
25-05-20 14:47:56.894 [Test worker] TRACE org.hibernate.orm.jdbc.bind          [ |  | ] - binding parameter (2:TIMESTAMP_UTC) <- [2025-05-20T05:47:56.892614Z]
25-05-20 14:47:56.894 [Test worker] TRACE org.hibernate.orm.jdbc.bind          [ |  | ] - binding parameter (3:VARCHAR) <- [profile.jpg]
25-05-20 14:47:56.894 [Test worker] TRACE org.hibernate.orm.jdbc.bind          [ |  | ] - binding parameter (4:BIGINT) <- [1024]
25-05-20 14:47:56.894 [Test worker] TRACE org.hibernate.orm.jdbc.bind          [ |  | ] - binding parameter (5:UUID) <- [4a9e34cf-a64e-4f64-a5cc-c8cb05e9eb3d]
25-05-20 14:47:56.895 [Test worker] DEBUG org.hibernate.SQL                    [ |  | ] - 
    insert 
    into
        users
        (created_at, email, password, profile_id, updated_at, username, id) 
    values
        (?, ?, ?, ?, ?, ?, ?)
25-05-20 14:47:56.897 [Test worker] TRACE org.hibernate.orm.jdbc.bind          [ |  | ] - binding parameter (1:TIMESTAMP_UTC) <- [2025-05-20T05:47:56.892222Z]
25-05-20 14:47:56.897 [Test worker] TRACE org.hibernate.orm.jdbc.bind          [ |  | ] - binding parameter (2:VARCHAR) <- [test@example.com]
25-05-20 14:47:56.897 [Test worker] TRACE org.hibernate.orm.jdbc.bind          [ |  | ] - binding parameter (3:VARCHAR) <- [password123!@#]
25-05-20 14:47:56.897 [Test worker] TRACE org.hibernate.orm.jdbc.bind          [ |  | ] - binding parameter (4:UUID) <- [4a9e34cf-a64e-4f64-a5cc-c8cb05e9eb3d]
25-05-20 14:47:56.898 [Test worker] TRACE org.hibernate.orm.jdbc.bind          [ |  | ] - binding parameter (5:TIMESTAMP_UTC) <- [2025-05-20T05:47:56.892222Z]
25-05-20 14:47:56.898 [Test worker] TRACE org.hibernate.orm.jdbc.bind          [ |  | ] - binding parameter (6:VARCHAR) <- [testUser]
25-05-20 14:47:56.898 [Test worker] TRACE org.hibernate.orm.jdbc.bind          [ |  | ] - binding parameter (7:UUID) <- [917b7c01-a97b-42fa-b9b0-b16bc1bc50e5]
25-05-20 14:47:56.898 [Test worker] DEBUG org.hibernate.SQL                    [ |  | ] - 
    insert 
    into
        user_statuses
        (created_at, last_active_at, updated_at, user_id, id) 
    values
        (?, ?, ?, ?, ?)
25-05-20 14:47:56.899 [Test worker] TRACE org.hibernate.orm.jdbc.bind          [ |  | ] - binding parameter (1:TIMESTAMP_UTC) <- [2025-05-20T05:47:56.892955Z]
25-05-20 14:47:56.899 [Test worker] TRACE org.hibernate.orm.jdbc.bind          [ |  | ] - binding parameter (2:TIMESTAMP_UTC) <- [2025-05-20T05:41:56.886088Z]
25-05-20 14:47:56.899 [Test worker] TRACE org.hibernate.orm.jdbc.bind          [ |  | ] - binding parameter (3:TIMESTAMP_UTC) <- [2025-05-20T05:47:56.892955Z]
25-05-20 14:47:56.899 [Test worker] TRACE org.hibernate.orm.jdbc.bind          [ |  | ] - binding parameter (4:UUID) <- [917b7c01-a97b-42fa-b9b0-b16bc1bc50e5]
25-05-20 14:47:56.899 [Test worker] TRACE org.hibernate.orm.jdbc.bind          [ |  | ] - binding parameter (5:UUID) <- [2f9dfa54-a182-4274-adbc-fcbeafb4e92b]
25-05-20 14:47:56.902 [Test worker] DEBUG org.hibernate.SQL                    [ |  | ] - 
    select
        us1_0.id,
        us1_0.created_at,
        us1_0.last_active_at,
        us1_0.updated_at,
        us1_0.user_id 
    from
        user_statuses us1_0 
    where
        us1_0.user_id=?
25-05-20 14:47:56.903 [Test worker] TRACE org.hibernate.orm.jdbc.bind          [ |  | ] - binding parameter (1:UUID) <- [917b7c01-a97b-42fa-b9b0-b16bc1bc50e5]
25-05-20 14:47:57.122 [Test worker] DEBUG org.hibernate.SQL                    [ |  | ] - 
    insert 
    into
        binary_contents
        (content_type, created_at, file_name, size, id) 
    values
        (?, ?, ?, ?, ?)
25-05-20 14:47:57.172 [Test worker] TRACE org.hibernate.orm.jdbc.bind          [ |  | ] - binding parameter (1:VARCHAR) <- [image/jpeg]
25-05-20 14:47:57.173 [Test worker] TRACE org.hibernate.orm.jdbc.bind          [ |  | ] - binding parameter (2:TIMESTAMP_UTC) <- [2025-05-20T05:47:56.977193Z]
25-05-20 14:47:57.173 [Test worker] TRACE org.hibernate.orm.jdbc.bind          [ |  | ] - binding parameter (3:VARCHAR) <- [profile.jpg]
25-05-20 14:47:57.173 [Test worker] TRACE org.hibernate.orm.jdbc.bind          [ |  | ] - binding parameter (4:BIGINT) <- [1024]
25-05-20 14:47:57.173 [Test worker] TRACE org.hibernate.orm.jdbc.bind          [ |  | ] - binding parameter (5:UUID) <- [8bddc487-f9a8-4d31-8086-cf5d01e658ae]
25-05-20 14:47:57.183 [Test worker] DEBUG org.hibernate.SQL                    [ |  | ] - 
    insert 
    into
        users
        (created_at, email, password, profile_id, updated_at, username, id) 
    values
        (?, ?, ?, ?, ?, ?, ?)
25-05-20 14:47:57.204 [Test worker] TRACE org.hibernate.orm.jdbc.bind          [ |  | ] - binding parameter (1:TIMESTAMP_UTC) <- [2025-05-20T05:47:56.976837Z]
25-05-20 14:47:57.204 [Test worker] TRACE org.hibernate.orm.jdbc.bind          [ |  | ] - binding parameter (2:VARCHAR) <- [test@example.com]
25-05-20 14:47:57.205 [Test worker] TRACE org.hibernate.orm.jdbc.bind          [ |  | ] - binding parameter (3:VARCHAR) <- [password123!@#]
25-05-20 14:47:57.205 [Test worker] TRACE org.hibernate.orm.jdbc.bind          [ |  | ] - binding parameter (4:UUID) <- [8bddc487-f9a8-4d31-8086-cf5d01e658ae]
25-05-20 14:47:57.205 [Test worker] TRACE org.hibernate.orm.jdbc.bind          [ |  | ] - binding parameter (5:TIMESTAMP_UTC) <- [2025-05-20T05:47:56.976837Z]
25-05-20 14:47:57.205 [Test worker] TRACE org.hibernate.orm.jdbc.bind          [ |  | ] - binding parameter (6:VARCHAR) <- [testUser]
25-05-20 14:47:57.205 [Test worker] TRACE org.hibernate.orm.jdbc.bind          [ |  | ] - binding parameter (7:UUID) <- [6ac47194-16f7-4e9f-982a-f390d26b9600]
25-05-20 14:47:57.206 [Test worker] DEBUG org.hibernate.SQL                    [ |  | ] - 
    insert 
    into
        user_statuses
        (created_at, last_active_at, updated_at, user_id, id) 
    values
        (?, ?, ?, ?, ?)
25-05-20 14:47:57.231 [Test worker] TRACE org.hibernate.orm.jdbc.bind          [ |  | ] - binding parameter (1:TIMESTAMP_UTC) <- [2025-05-20T05:47:57.088540Z]
25-05-20 14:47:57.231 [Test worker] TRACE org.hibernate.orm.jdbc.bind          [ |  | ] - binding parameter (2:TIMESTAMP_UTC) <- [2025-05-20T05:47:56.960534Z]
25-05-20 14:47:57.231 [Test worker] TRACE org.hibernate.orm.jdbc.bind          [ |  | ] - binding parameter (3:TIMESTAMP_UTC) <- [2025-05-20T05:47:57.088540Z]
25-05-20 14:47:57.231 [Test worker] TRACE org.hibernate.orm.jdbc.bind          [ |  | ] - binding parameter (4:UUID) <- [6ac47194-16f7-4e9f-982a-f390d26b9600]
25-05-20 14:47:57.231 [Test worker] TRACE org.hibernate.orm.jdbc.bind          [ |  | ] - binding parameter (5:UUID) <- [24b5c5df-568c-4d4e-bf12-c717ef7c8eb7]
25-05-20 14:47:57.250 [Test worker] DEBUG org.hibernate.SQL                    [ |  | ] - 
    select
        us1_0.id,
        us1_0.created_at,
        us1_0.last_active_at,
        us1_0.updated_at,
        us1_0.user_id 
    from
        user_statuses us1_0 
    where
        us1_0.user_id=?
25-05-20 14:47:57.253 [Test worker] TRACE org.hibernate.orm.jdbc.bind          [ |  | ] - binding parameter (1:UUID) <- [6ac47194-16f7-4e9f-982a-f390d26b9600]
25-05-20 14:47:57.290 [Test worker] DEBUG org.hibernate.SQL                    [ |  | ] - 
    insert 
    into
        binary_contents
        (content_type, created_at, file_name, size, id) 
    values
        (?, ?, ?, ?, ?)
25-05-20 14:47:57.291 [Test worker] TRACE org.hibernate.orm.jdbc.bind          [ |  | ] - binding parameter (1:VARCHAR) <- [image/jpeg]
25-05-20 14:47:57.291 [Test worker] TRACE org.hibernate.orm.jdbc.bind          [ |  | ] - binding parameter (2:TIMESTAMP_UTC) <- [2025-05-20T05:47:57.289291Z]
25-05-20 14:47:57.291 [Test worker] TRACE org.hibernate.orm.jdbc.bind          [ |  | ] - binding parameter (3:VARCHAR) <- [profile.jpg]
25-05-20 14:47:57.292 [Test worker] TRACE org.hibernate.orm.jdbc.bind          [ |  | ] - binding parameter (4:BIGINT) <- [1024]
25-05-20 14:47:57.292 [Test worker] TRACE org.hibernate.orm.jdbc.bind          [ |  | ] - binding parameter (5:UUID) <- [dc7556ca-e98a-403e-bc70-81bb7f902b15]
25-05-20 14:47:57.294 [Test worker] DEBUG org.hibernate.SQL                    [ |  | ] - 
    insert 
    into
        users
        (created_at, email, password, profile_id, updated_at, username, id) 
    values
        (?, ?, ?, ?, ?, ?, ?)
25-05-20 14:47:57.312 [Test worker] TRACE org.hibernate.orm.jdbc.bind          [ |  | ] - binding parameter (1:TIMESTAMP_UTC) <- [2025-05-20T05:47:57.288828Z]
25-05-20 14:47:57.313 [Test worker] TRACE org.hibernate.orm.jdbc.bind          [ |  | ] - binding parameter (2:VARCHAR) <- [test@example.com]
25-05-20 14:47:57.313 [Test worker] TRACE org.hibernate.orm.jdbc.bind          [ |  | ] - binding parameter (3:VARCHAR) <- [password123!@#]
25-05-20 14:47:57.313 [Test worker] TRACE org.hibernate.orm.jdbc.bind          [ |  | ] - binding parameter (4:UUID) <- [dc7556ca-e98a-403e-bc70-81bb7f902b15]
25-05-20 14:47:57.313 [Test worker] TRACE org.hibernate.orm.jdbc.bind          [ |  | ] - binding parameter (5:TIMESTAMP_UTC) <- [2025-05-20T05:47:57.288828Z]
25-05-20 14:47:57.313 [Test worker] TRACE org.hibernate.orm.jdbc.bind          [ |  | ] - binding parameter (6:VARCHAR) <- [testUser]
25-05-20 14:47:57.314 [Test worker] TRACE org.hibernate.orm.jdbc.bind          [ |  | ] - binding parameter (7:UUID) <- [4034a953-3643-421e-a6df-b7448521638c]
25-05-20 14:47:57.316 [Test worker] DEBUG org.hibernate.SQL                    [ |  | ] - 
    insert 
    into
        user_statuses
        (created_at, last_active_at, updated_at, user_id, id) 
    values
        (?, ?, ?, ?, ?)
25-05-20 14:47:57.317 [Test worker] TRACE org.hibernate.orm.jdbc.bind          [ |  | ] - binding parameter (1:TIMESTAMP_UTC) <- [2025-05-20T05:47:57.289642Z]
25-05-20 14:47:57.318 [Test worker] TRACE org.hibernate.orm.jdbc.bind          [ |  | ] - binding parameter (2:TIMESTAMP_UTC) <- [2025-05-20T05:47:57.288297Z]
25-05-20 14:47:57.318 [Test worker] TRACE org.hibernate.orm.jdbc.bind          [ |  | ] - binding parameter (3:TIMESTAMP_UTC) <- [2025-05-20T05:47:57.289642Z]
25-05-20 14:47:57.318 [Test worker] TRACE org.hibernate.orm.jdbc.bind          [ |  | ] - binding parameter (4:UUID) <- [4034a953-3643-421e-a6df-b7448521638c]
25-05-20 14:47:57.318 [Test worker] TRACE org.hibernate.orm.jdbc.bind          [ |  | ] - binding parameter (5:UUID) <- [68402fc5-e68a-4f3e-9e2d-48ff34495e34]
25-05-20 14:47:57.321 [Test worker] DEBUG org.hibernate.SQL                    [ |  | ] - 
    select
        us1_0.id,
        us1_0.created_at,
        us1_0.last_active_at,
        us1_0.updated_at,
        us1_0.user_id 
    from
        user_statuses us1_0 
    where
        us1_0.user_id=?
25-05-20 14:47:57.322 [Test worker] TRACE org.hibernate.orm.jdbc.bind          [ |  | ] - binding parameter (1:UUID) <- [4034a953-3643-421e-a6df-b7448521638c]
25-05-20 14:47:57.337 [Test worker] DEBUG org.hibernate.SQL                    [ |  | ] - 
    select
        us1_0.id,
        us1_0.created_at,
        us1_0.last_active_at,
        us1_0.updated_at,
        us1_0.user_id 
    from
        user_statuses us1_0 
    where
        us1_0.user_id=?
25-05-20 14:47:57.338 [Test worker] TRACE org.hibernate.orm.jdbc.bind          [ |  | ] - binding parameter (1:UUID) <- [8e9ede2d-f300-46c0-9b93-3b5678dbe1b4]
25-05-20 14:47:58.316 [Test worker] DEBUG c.s.m.d.s.b.BasicBinaryContentService [ |  | ] - 바이너리 컨텐츠 삭제 시작: id=64d9e127-3bf2-481d-8236-d11ba6ca01ce
25-05-20 14:47:58.327 [Test worker] DEBUG c.s.m.d.s.b.BasicBinaryContentService [ |  | ] - 바이너리 컨텐츠 생성 시작: fileName=test.jpg, size=9, contentType=image/jpeg
25-05-20 14:47:58.328 [Test worker] INFO  c.s.m.d.s.b.BasicBinaryContentService [ |  | ] - 바이너리 컨텐츠 생성 완료: id=a62046d2-a5cd-42a5-9a1a-4a9b43e2e3c1, fileName=test.jpg, size=9
25-05-20 14:47:58.354 [Test worker] DEBUG c.s.m.d.s.b.BasicBinaryContentService [ |  | ] - 바이너리 컨텐츠 조회 시작: id=ac7653ba-7f38-4b8b-bf2c-ef66efbc3420
25-05-20 14:47:58.355 [Test worker] INFO  c.s.m.d.s.b.BasicBinaryContentService [ |  | ] - 바이너리 컨텐츠 조회 완료: id=ac7653ba-7f38-4b8b-bf2c-ef66efbc3420, fileName=test.jpg
25-05-20 14:47:58.359 [Test worker] DEBUG c.s.m.d.s.b.BasicBinaryContentService [ |  | ] - 바이너리 컨텐츠 목록 조회 시작: ids=[bc124fa7-9b18-409a-b19d-76eff19e0ad8, 0ba92ece-8753-49fc-83b2-56e43a92a20b]
25-05-20 14:47:58.360 [Test worker] INFO  c.s.m.d.s.b.BasicBinaryContentService [ |  | ] - 바이너리 컨텐츠 목록 조회 완료: 조회된 항목 수=2
25-05-20 14:47:58.378 [Test worker] DEBUG c.s.m.d.s.b.BasicBinaryContentService [ |  | ] - 바이너리 컨텐츠 조회 시작: id=bf013de2-e269-4481-b98f-ff6b5f30d609
25-05-20 14:47:58.384 [Test worker] DEBUG c.s.m.d.s.b.BasicBinaryContentService [ |  | ] - 바이너리 컨텐츠 삭제 시작: id=4bd573de-d340-4431-b2b3-9f83d466c385
25-05-20 14:47:58.385 [Test worker] INFO  c.s.m.d.s.b.BasicBinaryContentService [ |  | ] - 바이너리 컨텐츠 삭제 완료: id=4bd573de-d340-4431-b2b3-9f83d466c385
25-05-20 14:47:59.193 [Test worker] DEBUG c.s.m.d.s.basic.BasicChannelService  [ |  | ] - 채널 삭제 시작: id=de0a4947-f88f-448e-8785-8cb7fc083368
25-05-20 14:47:59.194 [Test worker] INFO  c.s.m.d.s.basic.BasicChannelService  [ |  | ] - 채널 삭제 완료: id=de0a4947-f88f-448e-8785-8cb7fc083368
25-05-20 14:47:59.224 [Test worker] DEBUG c.s.m.d.s.basic.BasicChannelService  [ |  | ] - 채널 생성 시작: PrivateChannelCreateRequest[participantIds=[3e1ed2aa-78cf-4199-aa29-52d98f55c97d]]
25-05-20 14:47:59.225 [Test worker] INFO  c.s.m.d.s.basic.BasicChannelService  [ |  | ] - 채널 생성 완료: id=null, name=null
25-05-20 14:47:59.234 [Test worker] DEBUG c.s.m.d.s.basic.BasicChannelService  [ |  | ] - 채널 수정 시작: id=4b4cca8f-502e-46fd-b15c-18613d6afca8, request=PublicChannelUpdateRequest[newName=newChannelName, newDescription=newDescription]
25-05-20 14:47:59.235 [Test worker] INFO  c.s.m.d.s.basic.BasicChannelService  [ |  | ] - 채널 수정 완료: id=4b4cca8f-502e-46fd-b15c-18613d6afca8, name=newChannelName
25-05-20 14:47:59.250 [Test worker] DEBUG c.s.m.d.s.basic.BasicChannelService  [ |  | ] - 채널 수정 시작: id=e306fe8f-0f20-447b-b695-279b51fd0506, request=PublicChannelUpdateRequest[newName=newName, newDescription=newDescription]
25-05-20 14:47:59.255 [Test worker] DEBUG c.s.m.d.s.basic.BasicChannelService  [ |  | ] - 채널 수정 시작: id=ae9467c9-3b8c-48c1-80ef-df0e43594656, request=PublicChannelUpdateRequest[newName=newName, newDescription=newDescription]
25-05-20 14:47:59.266 [Test worker] DEBUG c.s.m.d.s.basic.BasicChannelService  [ |  | ] - 채널 삭제 시작: id=ec64a609-4aa6-49fb-b485-f9d98e16c00c
25-05-20 14:47:59.270 [Test worker] DEBUG c.s.m.d.s.basic.BasicChannelService  [ |  | ] - 채널 생성 시작: PublicChannelCreateRequest[name=testChannel, description=testDescription]
25-05-20 14:47:59.271 [Test worker] INFO  c.s.m.d.s.basic.BasicChannelService  [ |  | ] - 채널 생성 완료: id=null, name=testChannel
25-05-20 14:47:59.565 [Test worker] DEBUG c.s.m.d.s.basic.BasicMessageService  [ |  | ] - 메시지 삭제 시작: id=92a1f984-a9bc-4268-9344-0b75b68e9c4b
25-05-20 14:47:59.566 [Test worker] INFO  c.s.m.d.s.basic.BasicMessageService  [ |  | ] - 메시지 삭제 완료: id=92a1f984-a9bc-4268-9344-0b75b68e9c4b
25-05-20 14:47:59.581 [Test worker] DEBUG c.s.m.d.s.basic.BasicMessageService  [ |  | ] - 메시지 생성 시작: request=MessageCreateRequest[content=test message, channelId=f59cebfc-f35b-4b56-817e-bdab7d85a61c, authorId=55f28c0c-98c1-4b1b-99e7-2ac2502c82e8]
25-05-20 14:47:59.582 [Test worker] INFO  c.s.m.d.s.basic.BasicMessageService  [ |  | ] - 메시지 생성 완료: id=null, channelId=f59cebfc-f35b-4b56-817e-bdab7d85a61c
25-05-20 14:47:59.600 [Test worker] DEBUG c.s.m.d.s.basic.BasicMessageService  [ |  | ] - 메시지 수정 시작: id=7ea5aef0-49c2-4684-b4b0-288800dac39a, request=MessageUpdateRequest[newContent=new content]
25-05-20 14:47:59.635 [Test worker] DEBUG c.s.m.d.s.basic.BasicMessageService  [ |  | ] - 메시지 삭제 시작: id=00747325-12ff-40c7-8d59-27b1e4be9645
25-05-20 14:47:59.644 [Test worker] DEBUG c.s.m.d.s.basic.BasicMessageService  [ |  | ] - 메시지 생성 시작: request=MessageCreateRequest[content=test message, channelId=e094f062-b579-4821-985f-0f4dffd95708, authorId=9ab0e79d-080b-4053-aa55-bf6934c0c371]
25-05-20 14:47:59.652 [Test worker] DEBUG c.s.m.d.s.basic.BasicMessageService  [ |  | ] - 메시지 수정 시작: id=e2199f5e-0530-468e-8c69-766f283b7f0a, request=MessageUpdateRequest[newContent=updated content]
25-05-20 14:47:59.653 [Test worker] INFO  c.s.m.d.s.basic.BasicMessageService  [ |  | ] - 메시지 수정 완료: id=e2199f5e-0530-468e-8c69-766f283b7f0a, channelId=5b713c2a-bd9a-4693-bfca-e34c0a6979a7
25-05-20 14:47:59.662 [Test worker] DEBUG c.s.m.d.s.basic.BasicMessageService  [ |  | ] - 메시지 생성 시작: request=MessageCreateRequest[content=test message, channelId=8a9fbec9-4d6f-4e65-b339-fd89eef47a9a, authorId=78b3431e-69db-4bc5-9d22-d30ba920ffa7]
25-05-20 14:47:59.798 [Test worker] DEBUG c.s.m.d.s.basic.BasicUserService     [ |  | ] - 사용자 조회 시작: id=d053b09c-77c1-465c-8e8f-4305337a5786
25-05-20 14:47:59.830 [Test worker] DEBUG c.s.m.d.s.basic.BasicUserService     [ |  | ] - 사용자 생성 시작: UserCreateRequest[username=testUser, email=test@example.com, password=password123]
25-05-20 14:47:59.831 [Test worker] INFO  c.s.m.d.s.basic.BasicUserService     [ |  | ] - 사용자 생성 완료: id=null, username=testUser
25-05-20 14:47:59.854 [Test worker] DEBUG c.s.m.d.s.basic.BasicUserService     [ |  | ] - 사용자 생성 시작: UserCreateRequest[username=testUser, email=test@example.com, password=password123]
25-05-20 14:47:59.863 [Test worker] DEBUG c.s.m.d.s.basic.BasicUserService     [ |  | ] - 사용자 생성 시작: UserCreateRequest[username=testUser, email=test@example.com, password=password123]
25-05-20 14:47:59.870 [Test worker] DEBUG c.s.m.d.s.basic.BasicUserService     [ |  | ] - 사용자 삭제 시작: id=8f01f8f4-aa79-4ec8-8807-aa48325cb856
25-05-20 14:47:59.871 [Test worker] INFO  c.s.m.d.s.basic.BasicUserService     [ |  | ] - 사용자 삭제 완료: id=8f01f8f4-aa79-4ec8-8807-aa48325cb856
25-05-20 14:47:59.879 [Test worker] DEBUG c.s.m.d.s.basic.BasicUserService     [ |  | ] - 사용자 수정 시작: id=4290081c-4ac2-403f-8e06-71470c5c1e90, request=UserUpdateRequest[newUsername=newUsername, newEmail=new@example.com, newPassword=newPassword]
25-05-20 14:47:59.879 [Test worker] INFO  c.s.m.d.s.basic.BasicUserService     [ |  | ] - 사용자 수정 완료: id=4290081c-4ac2-403f-8e06-71470c5c1e90
25-05-20 14:47:59.884 [Test worker] DEBUG c.s.m.d.s.basic.BasicUserService     [ |  | ] - 사용자 삭제 시작: id=d2cd756d-6721-4ef9-94c4-bdd1bebd343d
25-05-20 14:47:59.894 [Test worker] DEBUG c.s.m.d.s.basic.BasicUserService     [ |  | ] - 사용자 조회 시작: id=84fea69a-9339-494a-ba83-4854e5ca385e
25-05-20 14:47:59.897 [Test worker] INFO  c.s.m.d.s.basic.BasicUserService     [ |  | ] - 사용자 조회 완료: id=84fea69a-9339-494a-ba83-4854e5ca385e
25-05-20 14:47:59.910 [Test worker] DEBUG c.s.m.d.s.basic.BasicUserService     [ |  | ] - 사용자 수정 시작: id=a252c1a4-58d0-4610-bd29-18b28470feae, request=UserUpdateRequest[newUsername=newUsername, newEmail=new@example.com, newPassword=newPassword]
25-05-20 14:48:00.318 [Test worker] DEBUG c.s.m.d.s.b.BasicUserStatusService   [ |  | ] - 사용자 상태 조회 시작: id=c2ec1af3-6430-4219-aa29-3a8cdb76bcb2
25-05-20 14:48:00.319 [Test worker] INFO  c.s.m.d.s.b.BasicUserStatusService   [ |  | ] - 사용자 상태 조회 완료: id=c2ec1af3-6430-4219-aa29-3a8cdb76bcb2
25-05-20 14:48:00.331 [Test worker] DEBUG c.s.m.d.s.b.BasicUserStatusService   [ |  | ] - 사용자 상태 생성 시작: userId=2fbeb6e0-48f4-4d43-8f51-2cb1ede4eb7e
25-05-20 14:48:00.342 [Test worker] DEBUG c.s.m.d.s.b.BasicUserStatusService   [ |  | ] - 사용자 ID로 상태 수정 시작: userId=41f2cae0-d550-44f8-a34a-75f413f0178d, newLastActiveAt=2025-05-20T05:49:00.340851Z
25-05-20 14:48:00.348 [Test worker] DEBUG c.s.m.d.s.b.BasicUserStatusService   [ |  | ] - 전체 사용자 상태 목록 조회 시작
25-05-20 14:48:00.349 [Test worker] INFO  c.s.m.d.s.b.BasicUserStatusService   [ |  | ] - 전체 사용자 상태 목록 조회 완료: 조회된 항목 수=1
25-05-20 14:48:00.353 [Test worker] DEBUG c.s.m.d.s.b.BasicUserStatusService   [ |  | ] - 사용자 상태 생성 시작: userId=8b825aa7-3a81-42a5-801d-8a99944c3634
25-05-20 14:48:00.363 [Test worker] DEBUG c.s.m.d.s.b.BasicUserStatusService   [ |  | ] - 사용자 상태 삭제 시작: id=ab8780af-528f-43f4-9968-d1915039030a
25-05-20 14:48:00.372 [Test worker] DEBUG c.s.m.d.s.b.BasicUserStatusService   [ |  | ] - 사용자 상태 수정 시작: id=efd3101f-777d-46a4-84bc-833d5d7f5f71, newLastActiveAt=2025-05-20T05:49:00.371523Z
25-05-20 14:48:00.373 [Test worker] INFO  c.s.m.d.s.b.BasicUserStatusService   [ |  | ] - 사용자 상태 수정 완료: id=efd3101f-777d-46a4-84bc-833d5d7f5f71
25-05-20 14:48:00.379 [Test worker] DEBUG c.s.m.d.s.b.BasicUserStatusService   [ |  | ] - 사용자 ID로 상태 수정 시작: userId=4acfe108-eca3-4cd0-9f7f-069c0b6cf1db, newLastActiveAt=2025-05-20T05:49:00.378654Z
25-05-20 14:48:00.379 [Test worker] INFO  c.s.m.d.s.b.BasicUserStatusService   [ |  | ] - 사용자 ID로 상태 수정 완료: userId=4acfe108-eca3-4cd0-9f7f-069c0b6cf1db
25-05-20 14:48:00.384 [Test worker] DEBUG c.s.m.d.s.b.BasicUserStatusService   [ |  | ] - 사용자 상태 조회 시작: id=2c2cb7e6-b217-4015-b8ac-74ecf8015e98
25-05-20 14:48:00.391 [Test worker] DEBUG c.s.m.d.s.b.BasicUserStatusService   [ |  | ] - 사용자 상태 수정 시작: id=ae815982-0948-4ddc-bd94-23ddb1d5d901, newLastActiveAt=2025-05-20T05:49:00.389908Z
25-05-20 14:48:00.401 [Test worker] DEBUG c.s.m.d.s.b.BasicUserStatusService   [ |  | ] - 사용자 상태 생성 시작: userId=809a360a-47f1-4079-9a7f-f46e1e408a90
25-05-20 14:48:00.402 [Test worker] INFO  c.s.m.d.s.b.BasicUserStatusService   [ |  | ] - 사용자 상태 생성 완료: id=null, userId=809a360a-47f1-4079-9a7f-f46e1e408a90
25-05-20 14:48:00.417 [Test worker] DEBUG c.s.m.d.s.b.BasicUserStatusService   [ |  | ] - 사용자 상태 삭제 시작: id=6907ee4f-2122-45c2-a472-f08c776d417c
25-05-20 14:48:00.417 [Test worker] INFO  c.s.m.d.s.b.BasicUserStatusService   [ |  | ] - 사용자 상태 삭제 완료: id=6907ee4f-2122-45c2-a472-f08c776d417c
25-05-20 14:48:00.475 [SpringApplicationShutdownHook] INFO  o.s.o.j.LocalContainerEntityManagerFactoryBean [ |  | ] - Closing JPA EntityManagerFactory for persistence unit 'default'
25-05-20 14:48:00.479 [SpringApplicationShutdownHook] INFO  com.zaxxer.hikari.HikariDataSource   [ |  | ] - HikariPool-1 - Shutdown initiated...
25-05-20 14:48:01.014 [SpringApplicationShutdownHook] INFO  com.zaxxer.hikari.HikariDataSource   [ |  | ] - HikariPool-1 - Shutdown completed.
25-05-20 14:48:01.066 [SpringApplicationShutdownHook] INFO  o.s.o.j.LocalContainerEntityManagerFactoryBean [ |  | ] - Closing JPA EntityManagerFactory for persistence unit 'default'
25-05-20 14:48:01.069 [SpringApplicationShutdownHook] INFO  com.zaxxer.hikari.HikariDataSource   [ |  | ] - HikariPool-2 - Shutdown initiated...
25-05-20 14:48:01.078 [SpringApplicationShutdownHook] INFO  com.zaxxer.hikari.HikariDataSource   [ |  | ] - HikariPool-2 - Shutdown completed.
25-05-20 14:48:01.085 [SpringApplicationShutdownHook] INFO  o.s.o.j.LocalContainerEntityManagerFactoryBean [ |  | ] - Closing JPA EntityManagerFactory for persistence unit 'default'
